-- phpMyAdmin SQL Dump
-- version 5.2.1
-- https://www.phpmyadmin.net/
--
-- Servidor: 127.0.0.1:3306
-- Tiempo de generación: 29-09-2025 a las 22:44:14
-- Versión del servidor: 9.1.0
-- Versión de PHP: 8.3.14

SET SQL_MODE = "NO_AUTO_VALUE_ON_ZERO";
START TRANSACTION;
SET time_zone = "+00:00";


/*!40101 SET @OLD_CHARACTER_SET_CLIENT=@@CHARACTER_SET_CLIENT */;
/*!40101 SET @OLD_CHARACTER_SET_RESULTS=@@CHARACTER_SET_RESULTS */;
/*!40101 SET @OLD_COLLATION_CONNECTION=@@COLLATION_CONNECTION */;
/*!40101 SET NAMES utf8mb4 */;

--
-- Base de datos: `dexa_lai`
--

-- --------------------------------------------------------

--
-- Estructura de tabla para la tabla `almacen`
--

DROP TABLE IF EXISTS `almacen`;
CREATE TABLE IF NOT EXISTS `almacen` (
  `id_alnaceb` int NOT NULL AUTO_INCREMENT,
  `id_venta` varchar(255) DEFAULT NULL,
  `id_compra` varchar(255) DEFAULT NULL,
  `id_prod` varchar(255) DEFAULT NULL,
  `entrada` varchar(255) DEFAULT NULL,
  `salida` varchar(255) DEFAULT NULL,
  `fecha` timestamp NOT NULL DEFAULT CURRENT_TIMESTAMP,
  `id_user` varchar(255) DEFAULT NULL,
  `status` varchar(255) NOT NULL DEFAULT '1',
  `zona` varchar(255) DEFAULT NULL,
  PRIMARY KEY (`id_alnaceb`)
) ENGINE=MyISAM AUTO_INCREMENT=499 DEFAULT CHARSET=utf8mb4 COLLATE=utf8mb4_0900_ai_ci;

--
-- Volcado de datos para la tabla `almacen`
--

INSERT INTO `almacen` (`id_alnaceb`, `id_venta`, `id_compra`, `id_prod`, `entrada`, `salida`, `fecha`, `id_user`, `status`, `zona`) VALUES
(1, NULL, '1', '4', '24740.00', NULL, '2025-07-29 00:25:07', '1', '1', '1'),
(2, NULL, '2', '11', '21300.00', NULL, '2025-07-29 00:33:02', '1', '1', '1'),
(3, '1', NULL, '4', NULL, '24740', '2025-07-29 00:38:03', '1', '1', '1'),
(4, '2', NULL, '11', NULL, '21300', '2025-07-29 23:08:32', '1', '1', '1'),
(23, NULL, '16', '3', '26270', NULL, '2025-08-22 22:03:30', '1', '1', '1'),
(24, '13', NULL, '3', NULL, '26270', '2025-08-22 22:03:30', '1', '1', '1'),
(25, NULL, '17', '9', '17660', NULL, '2025-08-25 20:33:54', '1', '1', '1'),
(26, '14', NULL, '9', NULL, '17660', '2025-08-25 20:33:54', '1', '1', '1'),
(27, NULL, '18', '3', '26040', NULL, '2025-08-28 16:30:18', '1', '1', '1'),
(28, '15', NULL, '3', NULL, '26040', '2025-08-28 16:30:18', '1', '1', '1'),
(29, NULL, '19', '11', '22700', NULL, '2025-08-28 16:30:18', '1', '1', '1'),
(30, '16', NULL, '11', NULL, '22700', '2025-08-28 16:30:18', '1', '1', '1'),
(31, NULL, '20', '9', '21140', NULL, '2025-08-28 16:30:18', '1', '1', '1'),
(32, '17', NULL, '9', NULL, '21140', '2025-08-28 16:30:18', '1', '1', '1'),
(33, NULL, '21', '11', '24400', NULL, '2025-08-28 16:30:18', '1', '1', '1'),
(34, '18', NULL, '11', NULL, '24400', '2025-08-28 16:30:18', '1', '1', '1'),
(35, NULL, '22', '9', '20055', NULL, '2025-08-28 16:30:18', '1', '1', '1'),
(36, '19', NULL, '9', NULL, '20055', '2025-08-28 16:30:18', '1', '1', '1'),
(37, NULL, '23', '3', '29430', NULL, '2025-08-28 16:30:18', '1', '1', '1'),
(38, '20', NULL, '3', NULL, '29430', '2025-08-28 16:30:18', '1', '1', '1'),
(39, NULL, '24', '11', '23200', NULL, '2025-08-28 16:30:18', '1', '1', '1'),
(40, '21', NULL, '11', NULL, '23200', '2025-08-28 16:30:18', '1', '1', '1'),
(41, NULL, '25', '20', '21600', NULL, '2025-09-03 23:00:52', '1', '1', '1'),
(42, '22', NULL, '20', NULL, '21600', '2025-09-03 23:00:52', '1', '1', '1'),
(43, NULL, '26', '3', '26300', NULL, '2025-09-03 23:00:52', '1', '1', '1'),
(44, '23', NULL, '3', NULL, '26300', '2025-09-03 23:00:52', '1', '1', '1'),
(45, NULL, '27', '9', '21190', NULL, '2025-09-03 23:00:52', '1', '1', '1'),
(46, '24', NULL, '9', NULL, '21190', '2025-09-03 23:00:52', '1', '1', '1'),
(47, NULL, '28', '3', '25580', NULL, '2025-09-03 23:00:52', '1', '1', '1'),
(48, '25', NULL, '3', NULL, '25580', '2025-09-03 23:00:52', '1', '1', '1'),
(49, NULL, '29', '9', '17270', NULL, '2025-09-03 23:00:52', '1', '1', '1'),
(50, '26', NULL, '9', NULL, '17270', '2025-09-03 23:00:52', '1', '1', '1'),
(51, NULL, '30', '9', '17000', NULL, '2025-09-03 23:00:52', '1', '1', '1'),
(52, '27', NULL, '9', NULL, '17000', '2025-09-03 23:00:52', '1', '1', '1'),
(53, NULL, '31', '1', '25872', NULL, '2025-09-03 23:00:52', '1', '1', '1'),
(54, '28', NULL, '1', NULL, '25872', '2025-09-03 23:00:52', '1', '1', '1'),
(55, NULL, '32', '6', '19110', NULL, '2025-09-03 23:00:52', '1', '1', '1'),
(56, '29', NULL, '6', NULL, '19110', '2025-09-03 23:00:52', '1', '1', '1'),
(57, NULL, '33', '6', '22710', NULL, '2025-09-03 23:00:52', '1', '1', '1'),
(58, '30', NULL, '6', NULL, '22710', '2025-09-03 23:00:52', '1', '1', '1'),
(59, NULL, '34', '6', '6600', NULL, '2025-09-03 23:00:52', '1', '1', '1'),
(60, '31', NULL, '6', NULL, '6600', '2025-09-03 23:00:52', '1', '1', '1'),
(61, NULL, '35', '9', '8980', NULL, '2025-09-03 23:00:52', '1', '1', '1'),
(62, '32', NULL, '9', NULL, '8980', '2025-09-03 23:00:52', '1', '1', '1'),
(63, NULL, '36', '9', '8490', NULL, '2025-09-03 23:00:52', '1', '1', '1'),
(64, '33', NULL, '9', NULL, '8490', '2025-09-03 23:00:52', '1', '1', '1'),
(65, NULL, '37', '9', '22040', NULL, '2025-09-03 23:00:52', '1', '1', '1'),
(66, '34', NULL, '9', NULL, '22040', '2025-09-03 23:00:52', '1', '1', '1'),
(67, NULL, '38', '2', '19826', NULL, '2025-09-03 23:00:52', '1', '1', '1'),
(68, '35', NULL, '2', NULL, '19826', '2025-09-03 23:00:52', '1', '1', '1'),
(69, NULL, '39', '3', '26030', NULL, '2025-09-03 23:00:52', '1', '1', '1'),
(70, '36', NULL, '3', NULL, '26030', '2025-09-03 23:00:52', '1', '1', '1'),
(71, NULL, '40', '4', '23270', NULL, '2025-09-03 23:00:52', '1', '1', '1'),
(72, '37', NULL, '4', NULL, '23270', '2025-09-03 23:00:52', '1', '1', '1'),
(73, NULL, '41', '4', '25160', NULL, '2025-09-03 23:00:52', '1', '1', '1'),
(74, '38', NULL, '4', NULL, '25160', '2025-09-03 23:00:52', '1', '1', '1'),
(75, NULL, '42', '7', '25010', NULL, '2025-09-03 23:00:52', '1', '1', '1'),
(76, '39', NULL, '7', NULL, '25010', '2025-09-03 23:00:52', '1', '1', '1'),
(77, NULL, '43', '6', '22660', NULL, '2025-09-03 23:00:52', '1', '1', '1'),
(78, '40', NULL, '6', NULL, '22660', '2025-09-03 23:00:52', '1', '1', '1'),
(79, NULL, '44', '6', '22710', NULL, '2025-09-03 23:00:52', '1', '1', '1'),
(80, '41', NULL, '6', NULL, '22710', '2025-09-03 23:00:52', '1', '1', '1'),
(81, NULL, '45', '9', '7310', NULL, '2025-09-03 23:00:52', '1', '1', '1'),
(82, '42', NULL, '9', NULL, '7310', '2025-09-03 23:00:52', '1', '1', '1'),
(83, NULL, '46', '3', '25890', NULL, '2025-09-03 23:00:52', '1', '1', '1'),
(84, '43', NULL, '3', NULL, '25890', '2025-09-03 23:00:52', '1', '1', '1'),
(85, NULL, '47', '3', '24960', NULL, '2025-09-03 23:00:52', '1', '1', '1'),
(86, '44', NULL, '3', NULL, '24960', '2025-09-03 23:00:52', '1', '1', '1'),
(87, NULL, '48', '4', '23460', NULL, '2025-09-03 23:00:52', '1', '1', '1'),
(88, '45', NULL, '4', NULL, '23460', '2025-09-03 23:00:52', '1', '1', '1'),
(89, NULL, '49', '7', '24860', NULL, '2025-09-03 23:00:52', '1', '1', '1'),
(90, '46', NULL, '7', NULL, '24860', '2025-09-03 23:00:52', '1', '1', '1'),
(91, NULL, '50', '7', '24580', NULL, '2025-09-03 23:00:52', '1', '1', '1'),
(92, '47', NULL, '7', NULL, '24580', '2025-09-03 23:00:52', '1', '1', '1'),
(93, NULL, '51', '6', '20200', NULL, '2025-09-03 23:00:52', '1', '1', '1'),
(94, '48', NULL, '6', NULL, '20200', '2025-09-03 23:00:52', '1', '1', '1'),
(95, NULL, '52', '6', '22400', NULL, '2025-09-03 23:00:52', '1', '1', '1'),
(96, '49', NULL, '6', NULL, '22400', '2025-09-03 23:00:52', '1', '1', '1'),
(97, NULL, '53', '6', '8840', NULL, '2025-09-03 23:00:52', '1', '1', '1'),
(98, '50', NULL, '6', NULL, '8840', '2025-09-03 23:00:52', '1', '1', '1'),
(99, NULL, '54', '9', '18130', NULL, '2025-09-03 23:00:52', '1', '1', '1'),
(100, '51', NULL, '9', NULL, '18130', '2025-09-03 23:00:52', '1', '1', '1'),
(101, NULL, '55', '2', '19516', NULL, '2025-09-03 23:00:52', '1', '1', '1'),
(102, '52', NULL, '2', NULL, '19516', '2025-09-03 23:00:52', '1', '1', '1'),
(103, NULL, '56', '20', '24000', NULL, '2025-09-03 23:00:52', '1', '1', '1'),
(104, '53', NULL, '20', NULL, '24000', '2025-09-03 23:00:52', '1', '1', '1'),
(105, NULL, '57', '7', '24270', NULL, '2025-09-03 23:00:52', '1', '1', '1'),
(106, '54', NULL, '7', NULL, '24270', '2025-09-03 23:00:52', '1', '1', '1'),
(107, NULL, '58', '6', '20120', NULL, '2025-09-03 23:00:52', '1', '1', '1'),
(108, '55', NULL, '6', NULL, '20120', '2025-09-03 23:00:52', '1', '1', '1'),
(109, NULL, '59', '9', '17940', NULL, '2025-09-03 23:00:52', '1', '1', '1'),
(110, '56', NULL, '9', NULL, '17940', '2025-09-03 23:00:52', '1', '1', '1'),
(111, NULL, '60', '9', '7810', NULL, '2025-09-03 23:00:52', '1', '1', '1'),
(112, '57', NULL, '9', NULL, '7810', '2025-09-03 23:00:52', '1', '1', '1'),
(113, NULL, '61', '9', '21640', NULL, '2025-09-03 23:00:52', '1', '1', '1'),
(114, '58', NULL, '9', NULL, '21640', '2025-09-03 23:00:52', '1', '1', '1'),
(115, NULL, '62', '3', '26370', NULL, '2025-09-03 23:00:52', '1', '1', '1'),
(116, '59', NULL, '3', NULL, '26370', '2025-09-03 23:00:52', '1', '1', '1'),
(117, NULL, '63', '4', '24670', NULL, '2025-09-03 23:00:52', '1', '1', '1'),
(118, '60', NULL, '4', NULL, '24670', '2025-09-03 23:00:52', '1', '1', '1'),
(119, NULL, '64', '6', '19360', NULL, '2025-09-03 23:00:52', '1', '1', '1'),
(120, '61', NULL, '6', NULL, '19360', '2025-09-03 23:00:52', '1', '1', '1'),
(121, NULL, '65', '6', '19770', NULL, '2025-09-03 23:00:52', '1', '1', '1'),
(122, '62', NULL, '6', NULL, '19770', '2025-09-03 23:00:52', '1', '1', '1'),
(123, NULL, '66', '9', '21280', NULL, '2025-09-03 23:00:52', '1', '1', '1'),
(124, '63', NULL, '9', NULL, '21280', '2025-09-03 23:00:52', '1', '1', '1'),
(125, NULL, '67', '2', '19911', NULL, '2025-09-03 23:00:52', '1', '1', '1'),
(126, '64', NULL, '2', NULL, '19911', '2025-09-03 23:00:52', '1', '1', '1'),
(127, NULL, '68', '20', '21900', NULL, '2025-09-03 23:00:52', '1', '1', '1'),
(128, '65', NULL, '20', NULL, '21900', '2025-09-03 23:00:52', '1', '1', '1'),
(129, NULL, '69', '3', '24340', NULL, '2025-09-03 23:00:52', '1', '1', '1'),
(130, '66', NULL, '3', NULL, '24340', '2025-09-03 23:00:52', '1', '1', '1'),
(131, NULL, '70', '3', '25000', NULL, '2025-09-03 23:00:52', '1', '1', '1'),
(132, '67', NULL, '3', NULL, '25000', '2025-09-03 23:00:52', '1', '1', '1'),
(133, NULL, '71', '4', '22790', NULL, '2025-09-03 23:00:52', '1', '1', '1'),
(134, '68', NULL, '4', NULL, '22790', '2025-09-03 23:00:52', '1', '1', '1'),
(135, NULL, '72', '6', '18230', NULL, '2025-09-03 23:00:52', '1', '1', '1'),
(136, '69', NULL, '6', NULL, '18230', '2025-09-03 23:00:52', '1', '1', '1'),
(137, NULL, '73', '6', '20950', NULL, '2025-09-03 23:00:52', '1', '1', '1'),
(138, '70', NULL, '6', NULL, '20950', '2025-09-03 23:00:52', '1', '1', '1'),
(139, NULL, '74', '6', '8860', NULL, '2025-09-03 23:00:52', '1', '1', '1'),
(140, '71', NULL, '6', NULL, '8860', '2025-09-03 23:00:52', '1', '1', '1'),
(141, NULL, '75', '9', '21160', NULL, '2025-09-03 23:00:52', '1', '1', '1'),
(142, '72', NULL, '9', NULL, '21160', '2025-09-03 23:00:52', '1', '1', '1'),
(143, NULL, '76', '16', '21510', NULL, '2025-09-03 23:00:52', '1', '1', '1'),
(144, '73', NULL, '16', NULL, '21510', '2025-09-03 23:00:52', '1', '1', '1'),
(145, NULL, '77', '20', '25400', NULL, '2025-09-03 23:00:52', '1', '1', '1'),
(146, '74', NULL, '20', NULL, '25400', '2025-09-03 23:00:52', '1', '1', '1'),
(147, NULL, '78', '3', '24370', NULL, '2025-09-03 23:00:52', '1', '1', '1'),
(148, '75', NULL, '3', NULL, '24370', '2025-09-03 23:00:52', '1', '1', '1'),
(149, NULL, '79', '4', '24010', NULL, '2025-09-03 23:00:52', '1', '1', '1'),
(150, '76', NULL, '4', NULL, '24010', '2025-09-03 23:00:52', '1', '1', '1'),
(151, NULL, '80', '4', '24920', NULL, '2025-09-03 23:00:52', '1', '1', '1'),
(152, '77', NULL, '4', NULL, '24920', '2025-09-03 23:00:52', '1', '1', '1'),
(153, NULL, '81', '5', '10563', NULL, '2025-09-03 23:00:52', '1', '1', '1'),
(154, '78', NULL, '5', NULL, '10563', '2025-09-03 23:00:52', '1', '1', '1'),
(155, NULL, '82', '6', '21890', NULL, '2025-09-03 23:00:52', '1', '1', '1'),
(156, '79', NULL, '6', NULL, '21890', '2025-09-03 23:00:52', '1', '1', '1'),
(157, NULL, '83', '6', '20950', NULL, '2025-09-03 23:00:52', '1', '1', '1'),
(158, '80', NULL, '6', NULL, '20950', '2025-09-03 23:00:52', '1', '1', '1'),
(159, NULL, '84', '6', '18230', NULL, '2025-09-03 23:00:52', '1', '1', '1'),
(160, '81', NULL, '6', NULL, '18230', '2025-09-03 23:00:52', '1', '1', '1'),
(161, NULL, '85', '6', '4290', NULL, '2025-09-03 23:00:52', '1', '1', '1'),
(162, '82', NULL, '6', NULL, '4290', '2025-09-03 23:00:52', '1', '1', '1'),
(163, NULL, '86', '6', '3810', NULL, '2025-09-03 23:00:52', '1', '1', '1'),
(164, '83', NULL, '6', NULL, '3810', '2025-09-03 23:00:52', '1', '1', '1'),
(165, NULL, '87', '9', '18340', NULL, '2025-09-03 23:00:52', '1', '1', '1'),
(166, '84', NULL, '9', NULL, '18340', '2025-09-03 23:00:52', '1', '1', '1'),
(167, NULL, '88', '3', '22330', NULL, '2025-09-03 23:00:52', '1', '1', '1'),
(168, '85', NULL, '3', NULL, '22330', '2025-09-03 23:00:52', '1', '1', '1'),
(169, NULL, '89', '4', '24840', NULL, '2025-09-03 23:00:52', '1', '1', '1'),
(170, '86', NULL, '4', NULL, '24840', '2025-09-03 23:00:52', '1', '1', '1'),
(171, NULL, '90', '4', '23700', NULL, '2025-09-03 23:00:52', '1', '1', '1'),
(172, '87', NULL, '4', NULL, '23700', '2025-09-03 23:00:52', '1', '1', '1'),
(173, NULL, '91', '4', '24550', NULL, '2025-09-03 23:00:52', '1', '1', '1'),
(174, '88', NULL, '4', NULL, '24550', '2025-09-03 23:00:52', '1', '1', '1'),
(175, NULL, '92', '7', '24540', NULL, '2025-09-03 23:00:52', '1', '1', '1'),
(176, '89', NULL, '7', NULL, '24540', '2025-09-03 23:00:52', '1', '1', '1'),
(177, NULL, '93', '7', '24520', NULL, '2025-09-03 23:00:52', '1', '1', '1'),
(178, '90', NULL, '7', NULL, '24520', '2025-09-03 23:00:52', '1', '1', '1'),
(179, NULL, '94', '7', '24970', NULL, '2025-09-03 23:00:52', '1', '1', '1'),
(180, '91', NULL, '7', NULL, '24970', '2025-09-03 23:00:52', '1', '1', '1'),
(181, NULL, '95', '6', '18990', NULL, '2025-09-03 23:00:52', '1', '1', '1'),
(182, '92', NULL, '6', NULL, '18990', '2025-09-03 23:00:52', '1', '1', '1'),
(183, NULL, '96', '6', '7660', NULL, '2025-09-03 23:00:52', '1', '1', '1'),
(184, '93', NULL, '6', NULL, '7660', '2025-09-03 23:00:52', '1', '1', '1'),
(185, NULL, '97', '6', '13320', NULL, '2025-09-03 23:00:52', '1', '1', '1'),
(186, '94', NULL, '6', NULL, '13320', '2025-09-03 23:00:52', '1', '1', '1'),
(187, NULL, '98', '16', '21470', NULL, '2025-09-03 23:00:52', '1', '1', '1'),
(188, '95', NULL, '16', NULL, '21470', '2025-09-03 23:00:52', '1', '1', '1'),
(189, NULL, '99', '16', '21370', NULL, '2025-09-03 23:00:52', '1', '1', '1'),
(190, '96', NULL, '16', NULL, '21370', '2025-09-03 23:00:52', '1', '1', '1'),
(191, NULL, '100', '16', '20990', NULL, '2025-09-03 23:00:52', '1', '1', '1'),
(192, '97', NULL, '16', NULL, '20990', '2025-09-03 23:00:52', '1', '1', '1'),
(193, NULL, '101', '20', '22580', NULL, '2025-09-03 23:00:52', '1', '1', '1'),
(194, '98', NULL, '20', NULL, '22580', '2025-09-03 23:00:52', '1', '1', '1'),
(195, NULL, '102', '3', '24050', NULL, '2025-09-03 23:00:52', '1', '1', '1'),
(196, '99', NULL, '3', NULL, '24050', '2025-09-03 23:00:52', '1', '1', '1'),
(197, NULL, '103', '3', '25540', NULL, '2025-09-03 23:00:52', '1', '1', '1'),
(198, '100', NULL, '3', NULL, '25540', '2025-09-03 23:00:52', '1', '1', '1'),
(199, NULL, '104', '7', '24890', NULL, '2025-09-03 23:00:52', '1', '1', '1'),
(200, '101', NULL, '7', NULL, '24890', '2025-09-03 23:00:52', '1', '1', '1'),
(201, NULL, '105', '6', '7640', NULL, '2025-09-03 23:00:52', '1', '1', '1'),
(202, '102', NULL, '6', NULL, '7640', '2025-09-03 23:00:52', '1', '1', '1'),
(203, NULL, '106', '6', '19310', NULL, '2025-09-03 23:00:52', '1', '1', '1'),
(204, '103', NULL, '6', NULL, '19310', '2025-09-03 23:00:52', '1', '1', '1'),
(205, NULL, '107', '9', '5660', NULL, '2025-09-03 23:00:52', '1', '1', '1'),
(206, '104', NULL, '9', NULL, '5660', '2025-09-03 23:00:52', '1', '1', '1'),
(207, NULL, '108', '9', '17770', NULL, '2025-09-03 23:00:52', '1', '1', '1'),
(208, '105', NULL, '9', NULL, '17770', '2025-09-03 23:00:52', '1', '1', '1'),
(209, NULL, '109', '16', '21690', NULL, '2025-09-03 23:00:52', '1', '1', '1'),
(210, '106', NULL, '16', NULL, '21690', '2025-09-03 23:00:52', '1', '1', '1'),
(211, NULL, '110', '6', '22140', NULL, '2025-09-03 23:00:52', '1', '1', '1'),
(212, '107', NULL, '6', NULL, '22140', '2025-09-03 23:00:52', '1', '1', '1'),
(213, NULL, '111', '6', '21930', NULL, '2025-09-03 23:00:52', '1', '1', '1'),
(214, '108', NULL, '6', NULL, '21930', '2025-09-03 23:00:52', '1', '1', '1'),
(215, NULL, '112', '6', '20070', NULL, '2025-09-03 23:00:52', '1', '1', '1'),
(216, '109', NULL, '6', NULL, '20070', '2025-09-03 23:00:52', '1', '1', '1'),
(217, NULL, '113', '9', '17830', NULL, '2025-09-03 23:00:52', '1', '1', '1'),
(218, '110', NULL, '9', NULL, '17830', '2025-09-03 23:00:52', '1', '1', '1'),
(219, NULL, '114', '16', '21480', NULL, '2025-09-03 23:00:52', '1', '1', '1'),
(220, '111', NULL, '16', NULL, '21480', '2025-09-03 23:00:52', '1', '1', '1'),
(221, NULL, '115', '2', '20103', NULL, '2025-09-03 23:00:52', '1', '1', '1'),
(222, '112', NULL, '2', NULL, '20103', '2025-09-03 23:00:52', '1', '1', '1'),
(223, NULL, '116', '3', '19760', NULL, '2025-09-03 23:00:52', '1', '1', '1'),
(224, '113', NULL, '3', NULL, '19760', '2025-09-03 23:00:52', '1', '1', '1'),
(225, NULL, '117', '4', '24410', NULL, '2025-09-03 23:00:52', '1', '1', '1'),
(226, '114', NULL, '4', NULL, '24410', '2025-09-03 23:00:52', '1', '1', '1'),
(227, NULL, '118', '5', '11356', NULL, '2025-09-03 23:00:52', '1', '1', '1'),
(228, '115', NULL, '5', NULL, '11356', '2025-09-03 23:00:52', '1', '1', '1'),
(229, NULL, '119', '6', '21450', NULL, '2025-09-03 23:00:52', '1', '1', '1'),
(230, '116', NULL, '6', NULL, '21450', '2025-09-03 23:00:52', '1', '1', '1'),
(231, NULL, '120', '16', '21720', NULL, '2025-09-03 23:00:52', '1', '1', '1'),
(232, '117', NULL, '16', NULL, '21720', '2025-09-03 23:00:52', '1', '1', '1'),
(233, NULL, '121', '3', '25030', NULL, '2025-09-03 23:00:52', '1', '1', '1'),
(234, '118', NULL, '3', NULL, '25030', '2025-09-03 23:00:52', '1', '1', '1'),
(235, NULL, '122', '3', '25860', NULL, '2025-09-03 23:00:52', '1', '1', '1'),
(236, '119', NULL, '3', NULL, '25860', '2025-09-03 23:00:52', '1', '1', '1'),
(237, NULL, '123', '4', '23960', NULL, '2025-09-03 23:00:52', '1', '1', '1'),
(238, '120', NULL, '4', NULL, '23960', '2025-09-03 23:00:52', '1', '1', '1'),
(239, NULL, '124', '7', '21710', NULL, '2025-09-03 23:00:52', '1', '1', '1'),
(240, '121', NULL, '7', NULL, '21710', '2025-09-03 23:00:52', '1', '1', '1'),
(241, NULL, '125', '7', '24970', NULL, '2025-09-03 23:00:52', '1', '1', '1'),
(242, '122', NULL, '7', NULL, '24970', '2025-09-03 23:00:52', '1', '1', '1'),
(243, NULL, '126', '6', '4510', NULL, '2025-09-03 23:00:52', '1', '1', '1'),
(244, '123', NULL, '6', NULL, '4510', '2025-09-03 23:00:52', '1', '1', '1'),
(245, NULL, '127', '9', '17990', NULL, '2025-09-03 23:00:52', '1', '1', '1'),
(246, '124', NULL, '9', NULL, '17990', '2025-09-03 23:00:52', '1', '1', '1'),
(247, NULL, '128', '2', '19744', NULL, '2025-09-03 23:00:52', '1', '1', '1'),
(248, '125', NULL, '2', NULL, '19744', '2025-09-03 23:00:52', '1', '1', '1'),
(249, NULL, '129', '3', '25540', NULL, '2025-09-03 23:00:52', '1', '1', '1'),
(250, '126', NULL, '3', NULL, '25540', '2025-09-03 23:00:52', '1', '1', '1'),
(251, NULL, '130', '5', '11006', NULL, '2025-09-03 23:00:52', '1', '1', '1'),
(252, '127', NULL, '5', NULL, '11006', '2025-09-03 23:00:52', '1', '1', '1'),
(253, NULL, '131', '7', '23820', NULL, '2025-09-03 23:00:52', '1', '1', '1'),
(254, '128', NULL, '7', NULL, '23820', '2025-09-03 23:00:52', '1', '1', '1'),
(255, NULL, '132', '6', '20760', NULL, '2025-09-03 23:00:52', '1', '1', '1'),
(256, '129', NULL, '6', NULL, '20760', '2025-09-03 23:00:52', '1', '1', '1'),
(257, NULL, '133', '6', '5760', NULL, '2025-09-03 23:00:52', '1', '1', '1'),
(258, '130', NULL, '6', NULL, '5760', '2025-09-03 23:00:52', '1', '1', '1'),
(259, NULL, '134', '9', '17660', NULL, '2025-09-03 23:00:52', '1', '1', '1'),
(260, '131', NULL, '9', NULL, '17660', '2025-09-03 23:00:52', '1', '1', '1'),
(261, NULL, '135', '1', '25890', NULL, '2025-09-03 23:00:52', '1', '1', '1'),
(262, '132', NULL, '1', NULL, '25890', '2025-09-03 23:00:52', '1', '1', '1'),
(263, NULL, '136', '3', '24600', NULL, '2025-09-03 23:00:52', '1', '1', '1'),
(264, '133', NULL, '3', NULL, '24600', '2025-09-03 23:00:52', '1', '1', '1'),
(265, NULL, '137', '3', '22180', NULL, '2025-09-03 23:00:52', '1', '1', '1'),
(266, '134', NULL, '3', NULL, '22180', '2025-09-03 23:00:52', '1', '1', '1'),
(267, NULL, '138', '15', '7200', NULL, '2025-09-03 23:00:52', '1', '1', '1'),
(268, '135', NULL, '15', NULL, '7200', '2025-09-03 23:00:52', '1', '1', '1'),
(269, NULL, '139', '16', '21570', NULL, '2025-09-03 23:00:52', '1', '1', '1'),
(270, '136', NULL, '16', NULL, '21570', '2025-09-03 23:00:52', '1', '1', '1'),
(271, NULL, '140', '16', '21920', NULL, '2025-09-03 23:00:52', '1', '1', '1'),
(272, '137', NULL, '16', NULL, '21920', '2025-09-03 23:00:52', '1', '1', '1'),
(273, NULL, '141', '3', '25880', NULL, '2025-09-03 23:00:52', '1', '1', '1'),
(274, '138', NULL, '3', NULL, '25880', '2025-09-03 23:00:52', '1', '1', '1'),
(275, NULL, '142', '4', '21700', NULL, '2025-09-03 23:00:52', '1', '1', '1'),
(276, '139', NULL, '4', NULL, '21700', '2025-09-03 23:00:52', '1', '1', '1'),
(277, NULL, '143', '4', '24760', NULL, '2025-09-03 23:00:52', '1', '1', '1'),
(278, '140', NULL, '4', NULL, '24760', '2025-09-03 23:00:52', '1', '1', '1'),
(279, NULL, '144', '7', '23710', NULL, '2025-09-03 23:00:52', '1', '1', '1'),
(280, '141', NULL, '7', NULL, '23710', '2025-09-03 23:00:52', '1', '1', '1'),
(281, NULL, '145', '6', '21690', NULL, '2025-09-03 23:00:52', '1', '1', '1'),
(282, '142', NULL, '6', NULL, '21690', '2025-09-03 23:00:52', '1', '1', '1'),
(283, NULL, '146', '6', '21290', NULL, '2025-09-03 23:00:52', '1', '1', '1'),
(284, '143', NULL, '6', NULL, '21290', '2025-09-03 23:00:52', '1', '1', '1'),
(285, NULL, '147', '9', '17860', NULL, '2025-09-03 23:00:52', '1', '1', '1'),
(286, '144', NULL, '9', NULL, '17860', '2025-09-03 23:00:52', '1', '1', '1'),
(287, NULL, '148', '16', '21130', NULL, '2025-09-03 23:00:52', '1', '1', '1'),
(288, '145', NULL, '16', NULL, '21130', '2025-09-03 23:00:52', '1', '1', '1'),
(289, NULL, '149', '3', '26580', NULL, '2025-09-03 23:00:52', '1', '1', '1'),
(290, '146', NULL, '3', NULL, '26580', '2025-09-03 23:00:52', '1', '1', '1'),
(291, NULL, '150', '3', '24950', NULL, '2025-09-03 23:00:52', '1', '1', '1'),
(292, '147', NULL, '3', NULL, '24950', '2025-09-03 23:00:52', '1', '1', '1'),
(293, NULL, '151', '4', '22970', NULL, '2025-09-03 23:00:52', '1', '1', '1'),
(294, '148', NULL, '4', NULL, '22970', '2025-09-03 23:00:52', '1', '1', '1'),
(295, NULL, '152', '7', '24700', NULL, '2025-09-03 23:00:52', '1', '1', '1'),
(296, '149', NULL, '7', NULL, '24700', '2025-09-03 23:00:52', '1', '1', '1'),
(297, NULL, '153', '7', '23110', NULL, '2025-09-03 23:00:52', '1', '1', '1'),
(298, '150', NULL, '7', NULL, '23110', '2025-09-03 23:00:52', '1', '1', '1'),
(299, NULL, '154', '6', '21020', NULL, '2025-09-03 23:00:52', '1', '1', '1'),
(300, '151', NULL, '6', NULL, '21020', '2025-09-03 23:00:52', '1', '1', '1'),
(301, NULL, '155', '6', '20550', NULL, '2025-09-03 23:00:52', '1', '1', '1'),
(302, '152', NULL, '6', NULL, '20550', '2025-09-03 23:00:52', '1', '1', '1'),
(303, NULL, '156', '6', '6620', NULL, '2025-09-03 23:00:52', '1', '1', '1'),
(304, '153', NULL, '6', NULL, '6620', '2025-09-03 23:00:52', '1', '1', '1'),
(305, NULL, '157', '16', '20850', NULL, '2025-09-03 23:00:52', '1', '1', '1'),
(306, '154', NULL, '16', NULL, '20850', '2025-09-03 23:00:52', '1', '1', '1'),
(307, NULL, '158', '6', '19820', NULL, '2025-09-03 23:00:52', '1', '1', '1'),
(308, '155', NULL, '6', NULL, '19820', '2025-09-03 23:00:52', '1', '1', '1'),
(309, NULL, '159', '9', '17870', NULL, '2025-09-03 23:00:52', '1', '1', '1'),
(310, '156', NULL, '9', NULL, '17870', '2025-09-03 23:00:52', '1', '1', '1'),
(311, NULL, '160', '9', '17520', NULL, '2025-09-03 23:00:52', '1', '1', '1'),
(312, '157', NULL, '9', NULL, '17520', '2025-09-03 23:00:52', '1', '1', '1'),
(313, NULL, '161', '1', '25358', NULL, '2025-09-03 23:00:52', '1', '1', '1'),
(314, '158', NULL, '1', NULL, '25358', '2025-09-03 23:00:52', '1', '1', '1'),
(315, NULL, '162', '2', '19867', NULL, '2025-09-03 23:00:52', '1', '1', '1'),
(316, '159', NULL, '2', NULL, '19867', '2025-09-03 23:00:52', '1', '1', '1'),
(317, NULL, '163', '4', '22350', NULL, '2025-09-03 23:00:52', '1', '1', '1'),
(318, '160', NULL, '4', NULL, '22350', '2025-09-03 23:00:52', '1', '1', '1'),
(319, NULL, '164', '6', '21140', NULL, '2025-09-03 23:00:52', '1', '1', '1'),
(320, '161', NULL, '6', NULL, '21140', '2025-09-03 23:00:52', '1', '1', '1'),
(321, NULL, '165', '6', '6790', NULL, '2025-09-03 23:00:52', '1', '1', '1'),
(322, '162', NULL, '6', NULL, '6790', '2025-09-03 23:00:52', '1', '1', '1'),
(323, NULL, '166', '3', '26800', NULL, '2025-09-03 23:00:52', '1', '1', '1'),
(324, '163', NULL, '3', NULL, '26800', '2025-09-03 23:00:52', '1', '1', '1'),
(325, NULL, '167', '4', '25940', NULL, '2025-09-03 23:00:52', '1', '1', '1'),
(326, '164', NULL, '4', NULL, '25940', '2025-09-03 23:00:52', '1', '1', '1'),
(327, NULL, '168', '7', '25030', NULL, '2025-09-03 23:00:52', '1', '1', '1'),
(328, '165', NULL, '7', NULL, '25030', '2025-09-03 23:00:52', '1', '1', '1'),
(329, NULL, '169', '7', '24280', NULL, '2025-09-03 23:00:52', '1', '1', '1'),
(330, '166', NULL, '7', NULL, '24280', '2025-09-03 23:00:52', '1', '1', '1'),
(331, NULL, '170', '6', '19280', NULL, '2025-09-03 23:00:52', '1', '1', '1'),
(332, '167', NULL, '6', NULL, '19280', '2025-09-03 23:00:52', '1', '1', '1'),
(333, NULL, '171', '16', '22300', NULL, '2025-09-03 23:00:52', '1', '1', '1'),
(334, '168', NULL, '16', NULL, '22300', '2025-09-03 23:00:52', '1', '1', '1'),
(335, NULL, '172', '16', '22220', NULL, '2025-09-03 23:00:52', '1', '1', '1'),
(336, '169', NULL, '16', NULL, '22220', '2025-09-03 23:00:52', '1', '1', '1'),
(337, NULL, '173', '2', '19979', NULL, '2025-09-03 23:00:52', '1', '1', '1'),
(338, '170', NULL, '2', NULL, '19979', '2025-09-03 23:00:52', '1', '1', '1'),
(339, NULL, '174', '3', '26440', NULL, '2025-09-03 23:00:52', '1', '1', '1'),
(340, '171', NULL, '3', NULL, '26440', '2025-09-03 23:00:52', '1', '1', '1'),
(341, NULL, '175', '3', '26410', NULL, '2025-09-03 23:00:52', '1', '1', '1'),
(342, '172', NULL, '3', NULL, '26410', '2025-09-03 23:00:52', '1', '1', '1'),
(343, NULL, '176', '4', '22040', NULL, '2025-09-03 23:00:52', '1', '1', '1'),
(344, '173', NULL, '4', NULL, '22040', '2025-09-03 23:00:52', '1', '1', '1'),
(345, NULL, '177', '5', '11539', NULL, '2025-09-03 23:00:52', '1', '1', '1'),
(346, '174', NULL, '5', NULL, '11539', '2025-09-03 23:00:52', '1', '1', '1'),
(347, NULL, '178', '5', '13203', NULL, '2025-09-03 23:00:52', '1', '1', '1'),
(348, '175', NULL, '5', NULL, '13203', '2025-09-03 23:00:52', '1', '1', '1'),
(349, NULL, '179', '7', '25380', NULL, '2025-09-03 23:00:52', '1', '1', '1'),
(350, '176', NULL, '7', NULL, '25380', '2025-09-03 23:00:52', '1', '1', '1'),
(351, NULL, '180', '6', '19980', NULL, '2025-09-03 23:00:52', '1', '1', '1'),
(352, '177', NULL, '6', NULL, '19980', '2025-09-03 23:00:52', '1', '1', '1'),
(353, NULL, '181', '6', '20640', NULL, '2025-09-03 23:00:52', '1', '1', '1'),
(354, '178', NULL, '6', NULL, '20640', '2025-09-03 23:00:52', '1', '1', '1'),
(355, NULL, '182', '9', '17820', NULL, '2025-09-03 23:00:52', '1', '1', '1'),
(356, '179', NULL, '9', NULL, '17820', '2025-09-03 23:00:52', '1', '1', '1'),
(357, NULL, '183', '16', '21470', NULL, '2025-09-03 23:00:52', '1', '1', '1'),
(358, '180', NULL, '16', NULL, '21470', '2025-09-03 23:00:52', '1', '1', '1'),
(359, NULL, '184', '16', '21980', NULL, '2025-09-03 23:00:52', '1', '1', '1'),
(360, '181', NULL, '16', NULL, '21980', '2025-09-03 23:00:52', '1', '1', '1'),
(361, NULL, '185', '3', '27500', NULL, '2025-09-03 23:00:52', '1', '1', '1'),
(362, '182', NULL, '3', NULL, '27500', '2025-09-03 23:00:52', '1', '1', '1'),
(363, NULL, '186', '4', '25410', NULL, '2025-09-03 23:00:52', '1', '1', '1'),
(364, '183', NULL, '4', NULL, '25410', '2025-09-03 23:00:52', '1', '1', '1'),
(365, NULL, '187', '7', '23180', NULL, '2025-09-03 23:00:52', '1', '1', '1'),
(366, '184', NULL, '7', NULL, '23180', '2025-09-03 23:00:52', '1', '1', '1'),
(367, NULL, '188', '7', '22710', NULL, '2025-09-03 23:00:52', '1', '1', '1'),
(368, '185', NULL, '7', NULL, '22710', '2025-09-03 23:00:52', '1', '1', '1'),
(369, NULL, '189', '6', '18880', NULL, '2025-09-03 23:00:52', '1', '1', '1'),
(370, '186', NULL, '6', NULL, '18880', '2025-09-03 23:00:52', '1', '1', '1'),
(371, NULL, '190', '16', '22110', NULL, '2025-09-03 23:00:52', '1', '1', '1'),
(372, '187', NULL, '16', NULL, '22110', '2025-09-03 23:00:52', '1', '1', '1'),
(373, NULL, '191', '9', '17770', NULL, '2025-09-03 23:00:52', '1', '1', '1'),
(374, '188', NULL, '9', NULL, '17770', '2025-09-03 23:00:52', '1', '1', '1'),
(375, NULL, '192', '3', '25400', NULL, '2025-09-03 23:00:52', '1', '1', '1'),
(376, '189', NULL, '3', NULL, '25400', '2025-09-03 23:00:52', '1', '1', '1'),
(377, NULL, '193', '3', '24300', NULL, '2025-09-03 23:00:52', '1', '1', '1'),
(378, '190', NULL, '3', NULL, '24300', '2025-09-03 23:00:52', '1', '1', '1'),
(379, NULL, '194', '4', '25130', NULL, '2025-09-03 23:00:52', '1', '1', '1'),
(380, '191', NULL, '4', NULL, '25130', '2025-09-03 23:00:52', '1', '1', '1'),
(381, NULL, '195', '7', '25540', NULL, '2025-09-03 23:00:52', '1', '1', '1'),
(382, '192', NULL, '7', NULL, '25540', '2025-09-03 23:00:52', '1', '1', '1'),
(383, NULL, '196', '6', '19510', NULL, '2025-09-03 23:00:52', '1', '1', '1'),
(384, '193', NULL, '6', NULL, '19510', '2025-09-03 23:00:52', '1', '1', '1'),
(385, NULL, '197', '6', '21500', NULL, '2025-09-03 23:00:52', '1', '1', '1'),
(386, '194', NULL, '6', NULL, '21500', '2025-09-03 23:00:52', '1', '1', '1'),
(387, NULL, '198', '9', '17840', NULL, '2025-09-03 23:00:52', '1', '1', '1'),
(388, '195', NULL, '9', NULL, '17840', '2025-09-03 23:00:52', '1', '1', '1'),
(389, NULL, '199', '2', '19857', NULL, '2025-09-03 23:00:52', '1', '1', '1'),
(390, '196', NULL, '2', NULL, '19857', '2025-09-03 23:00:52', '1', '1', '1'),
(391, NULL, '200', '3', '25060', NULL, '2025-09-03 23:00:52', '1', '1', '1'),
(392, '197', NULL, '3', NULL, '25060', '2025-09-03 23:00:52', '1', '1', '1'),
(393, NULL, '201', '4', '24880', NULL, '2025-09-03 23:00:52', '1', '1', '1'),
(394, '198', NULL, '4', NULL, '24880', '2025-09-03 23:00:52', '1', '1', '1'),
(395, NULL, '202', '7', '23220', NULL, '2025-09-03 23:00:52', '1', '1', '1'),
(396, '199', NULL, '7', NULL, '23220', '2025-09-03 23:00:52', '1', '1', '1'),
(397, NULL, '203', '6', '20500', NULL, '2025-09-03 23:00:52', '1', '1', '1'),
(398, '200', NULL, '6', NULL, '20500', '2025-09-03 23:00:52', '1', '1', '1'),
(399, NULL, '204', '6', '19870', NULL, '2025-09-03 23:00:52', '1', '1', '1'),
(400, '201', NULL, '6', NULL, '19870', '2025-09-03 23:00:52', '1', '1', '1'),
(401, NULL, '205', '6', '7780', NULL, '2025-09-03 23:00:52', '1', '1', '1'),
(402, '202', NULL, '6', NULL, '7780', '2025-09-03 23:00:52', '1', '1', '1'),
(403, NULL, '206', '6', '7780', NULL, '2025-09-03 23:00:52', '1', '1', '1'),
(404, '203', NULL, '6', NULL, '7780', '2025-09-03 23:00:52', '1', '1', '1'),
(405, NULL, '207', '9', '17760', NULL, '2025-09-03 23:00:52', '1', '1', '1'),
(406, '204', NULL, '9', NULL, '17760', '2025-09-03 23:00:52', '1', '1', '1'),
(407, NULL, '208', '16', '21490', NULL, '2025-09-03 23:00:52', '1', '1', '1'),
(408, '205', NULL, '16', NULL, '21490', '2025-09-03 23:00:52', '1', '1', '1'),
(409, NULL, '209', '16', '21680', NULL, '2025-09-03 23:00:52', '1', '1', '1'),
(410, '206', NULL, '16', NULL, '21680', '2025-09-03 23:00:52', '1', '1', '1'),
(411, NULL, '210', '20', '22089', NULL, '2025-09-03 23:00:52', '1', '1', '1'),
(412, '207', NULL, '20', NULL, '22089', '2025-09-03 23:00:52', '1', '1', '1'),
(413, NULL, '211', '4', '25310', NULL, '2025-09-03 23:00:52', '1', '1', '1'),
(414, '208', NULL, '4', NULL, '25310', '2025-09-03 23:00:52', '1', '1', '1'),
(415, NULL, '212', '6', '20360', NULL, '2025-09-03 23:00:52', '1', '1', '1'),
(416, '209', NULL, '6', NULL, '20360', '2025-09-03 23:00:52', '1', '1', '1'),
(417, NULL, '213', '6', '21480', NULL, '2025-09-03 23:00:52', '1', '1', '1'),
(418, '210', NULL, '6', NULL, '21480', '2025-09-03 23:00:52', '1', '1', '1'),
(419, NULL, '214', '16', '21920', NULL, '2025-09-03 23:00:52', '1', '1', '1'),
(420, '211', NULL, '16', NULL, '21920', '2025-09-03 23:00:52', '1', '1', '1'),
(421, NULL, '215', '2', '19829', NULL, '2025-09-03 23:00:52', '1', '1', '1'),
(422, '212', NULL, '2', NULL, '19829', '2025-09-03 23:00:52', '1', '1', '1'),
(423, NULL, '216', '3', '25860', NULL, '2025-09-03 23:00:52', '1', '1', '1'),
(424, '213', NULL, '3', NULL, '25860', '2025-09-03 23:00:52', '1', '1', '1'),
(425, NULL, '217', '3', '17970', NULL, '2025-09-03 23:00:52', '1', '1', '1'),
(426, '214', NULL, '3', NULL, '17970', '2025-09-03 23:00:52', '1', '1', '1'),
(427, NULL, '218', '3', '17280', NULL, '2025-09-03 23:00:52', '1', '1', '1'),
(428, '215', NULL, '3', NULL, '17280', '2025-09-03 23:00:52', '1', '1', '1'),
(429, NULL, '219', '4', '25300', NULL, '2025-09-03 23:00:52', '1', '1', '1'),
(430, '216', NULL, '4', NULL, '25300', '2025-09-03 23:00:52', '1', '1', '1'),
(431, NULL, '220', '5', '10060', NULL, '2025-09-03 23:00:52', '1', '1', '1'),
(432, '217', NULL, '5', NULL, '10060', '2025-09-03 23:00:52', '1', '1', '1'),
(433, NULL, '221', '7', '24280', NULL, '2025-09-03 23:00:52', '1', '1', '1'),
(434, '218', NULL, '7', NULL, '24280', '2025-09-03 23:00:52', '1', '1', '1'),
(435, NULL, '222', '7', '23300', NULL, '2025-09-03 23:00:52', '1', '1', '1'),
(436, '219', NULL, '7', NULL, '23300', '2025-09-03 23:00:52', '1', '1', '1'),
(437, NULL, '223', '6', '9580', NULL, '2025-09-03 23:00:52', '1', '1', '1'),
(438, '220', NULL, '6', NULL, '9580', '2025-09-03 23:00:52', '1', '1', '1'),
(439, NULL, '224', '9', '17740', NULL, '2025-09-03 23:00:52', '1', '1', '1'),
(440, '221', NULL, '9', NULL, '17740', '2025-09-03 23:00:52', '1', '1', '1'),
(441, NULL, '225', '9', '7020', NULL, '2025-09-03 23:00:52', '1', '1', '1'),
(442, '222', NULL, '9', NULL, '7020', '2025-09-03 23:00:52', '1', '1', '1'),
(443, NULL, '226', '20', '23293', NULL, '2025-09-03 23:00:52', '1', '1', '1'),
(444, '223', NULL, '20', NULL, '23293', '2025-09-03 23:00:52', '1', '1', '1'),
(445, NULL, '227', '3', '25130', NULL, '2025-09-03 23:00:52', '1', '1', '1'),
(446, '224', NULL, '3', NULL, '25130', '2025-09-03 23:00:52', '1', '1', '1'),
(447, NULL, '228', '4', '24110', NULL, '2025-09-03 23:00:52', '1', '1', '1'),
(448, '225', NULL, '4', NULL, '24110', '2025-09-03 23:00:52', '1', '1', '1'),
(449, NULL, '229', '7', '24230', NULL, '2025-09-03 23:00:52', '1', '1', '1'),
(450, '226', NULL, '7', NULL, '24230', '2025-09-03 23:00:52', '1', '1', '1'),
(451, NULL, '230', '7', '22960', NULL, '2025-09-03 23:00:52', '1', '1', '1'),
(452, '227', NULL, '7', NULL, '22960', '2025-09-03 23:00:52', '1', '1', '1'),
(453, NULL, '231', '6', '20040', NULL, '2025-09-03 23:00:52', '1', '1', '1'),
(454, '228', NULL, '6', NULL, '20040', '2025-09-03 23:00:52', '1', '1', '1'),
(455, NULL, '232', '6', '19740', NULL, '2025-09-03 23:00:52', '1', '1', '1'),
(456, '229', NULL, '6', NULL, '19740', '2025-09-03 23:00:52', '1', '1', '1'),
(457, NULL, '233', '6', '21500', NULL, '2025-09-03 23:00:52', '1', '1', '1'),
(458, '230', NULL, '6', NULL, '21500', '2025-09-03 23:00:52', '1', '1', '1'),
(459, NULL, '234', '6', '17980', NULL, '2025-09-03 23:00:52', '1', '1', '1'),
(460, '231', NULL, '6', NULL, '17980', '2025-09-03 23:00:52', '1', '1', '1'),
(461, NULL, '235', '6', '16440', NULL, '2025-09-03 23:00:52', '1', '1', '1'),
(462, '232', NULL, '6', NULL, '16440', '2025-09-03 23:00:52', '1', '1', '1'),
(463, NULL, '236', '16', '21430', NULL, '2025-09-03 23:00:52', '1', '1', '1'),
(464, '233', NULL, '16', NULL, '21430', '2025-09-03 23:00:52', '1', '1', '1'),
(465, NULL, '237', '2', '20118', NULL, '2025-09-03 23:00:52', '1', '1', '1'),
(466, '234', NULL, '2', NULL, '20118', '2025-09-03 23:00:52', '1', '1', '1'),
(467, NULL, '238', '3', '26090', NULL, '2025-09-03 23:00:52', '1', '1', '1'),
(468, '235', NULL, '3', NULL, '26090', '2025-09-03 23:00:52', '1', '1', '1'),
(469, NULL, '239', '4', '24730', NULL, '2025-09-03 23:00:52', '1', '1', '1'),
(470, '236', NULL, '4', NULL, '24730', '2025-09-03 23:00:52', '1', '1', '1'),
(471, NULL, '240', '6', '20880', NULL, '2025-09-03 23:00:52', '1', '1', '1'),
(472, '237', NULL, '6', NULL, '20880', '2025-09-03 23:00:52', '1', '1', '1'),
(473, NULL, '241', '9', '5760', NULL, '2025-09-03 23:00:52', '1', '1', '1'),
(474, '238', NULL, '9', NULL, '5760', '2025-09-03 23:00:52', '1', '1', '1'),
(475, NULL, '242', '9', '17860', NULL, '2025-09-03 23:00:52', '1', '1', '1'),
(476, '239', NULL, '9', NULL, '17860', '2025-09-03 23:00:52', '1', '1', '1'),
(477, NULL, '243', '9', '17840', NULL, '2025-09-03 23:00:52', '1', '1', '1'),
(478, '240', NULL, '9', NULL, '17840', '2025-09-03 23:00:52', '1', '1', '1'),
(479, NULL, '244', '3', '24320', NULL, '2025-09-03 23:00:52', '1', '1', '1'),
(480, '241', NULL, '3', NULL, '24320', '2025-09-03 23:00:52', '1', '1', '1'),
(481, NULL, '245', '3', '25950', NULL, '2025-09-03 23:00:52', '1', '1', '1'),
(482, '242', NULL, '3', NULL, '25950', '2025-09-03 23:00:52', '1', '1', '1'),
(483, NULL, '246', '3', '25740', NULL, '2025-09-03 23:00:52', '1', '1', '1'),
(484, '243', NULL, '3', NULL, '25740', '2025-09-03 23:00:52', '1', '1', '1'),
(485, NULL, '247', '4', '25020', NULL, '2025-09-03 23:00:52', '1', '1', '1'),
(486, '244', NULL, '4', NULL, '25020', '2025-09-03 23:00:52', '1', '1', '1'),
(487, NULL, '248', '4', '24340', NULL, '2025-09-03 23:00:52', '1', '1', '1'),
(488, '245', NULL, '4', NULL, '24340', '2025-09-03 23:00:52', '1', '1', '1'),
(489, NULL, '249', '5', '10330', NULL, '2025-09-03 23:00:52', '1', '1', '1'),
(490, '246', NULL, '5', NULL, '10330', '2025-09-03 23:00:52', '1', '1', '1'),
(491, NULL, '250', '7', '22850', NULL, '2025-09-03 23:00:52', '1', '1', '1'),
(492, '247', NULL, '7', NULL, '22850', '2025-09-03 23:00:52', '1', '1', '1'),
(493, NULL, '251', '6', '19740', NULL, '2025-09-03 23:00:52', '1', '1', '1'),
(494, '248', NULL, '6', NULL, '19740', '2025-09-03 23:00:52', '1', '1', '1'),
(495, NULL, '252', '7', '22150', NULL, '2025-09-03 23:00:52', '1', '1', '1'),
(496, '249', NULL, '7', NULL, '22150', '2025-09-03 23:00:52', '1', '1', '1'),
(497, NULL, '253', '7', '23370', NULL, '2025-09-03 23:00:52', '1', '1', '1'),
(498, '250', NULL, '7', NULL, '23370', '2025-09-03 23:00:52', '1', '1', '1');

-- --------------------------------------------------------

--
-- Estructura de tabla para la tabla `clientes`
--

DROP TABLE IF EXISTS `clientes`;
CREATE TABLE IF NOT EXISTS `clientes` (
  `id_cli` int NOT NULL AUTO_INCREMENT,
  `nombre` varchar(255) DEFAULT NULL,
  `cod` varchar(255) DEFAULT NULL,
  `rs` varchar(255) DEFAULT NULL,
  `rfc` varchar(255) DEFAULT NULL,
  `c_contable` varchar(255) DEFAULT NULL,
  `tpersona` varchar(255) DEFAULT NULL,
  `tpcliente` varchar(255) DEFAULT NULL,
  `m_pago` varchar(255) DEFAULT NULL,
  `f_pago` varchar(255) DEFAULT NULL,
  `banco` varchar(255) DEFAULT NULL,
  `cfdi` varchar(255) DEFAULT NULL,
  `dir_a` varchar(255) DEFAULT NULL,
  `nom_cuenta` varchar(255) DEFAULT NULL,
  `con_pago` varchar(255) DEFAULT NULL,
  `obs` varchar(255) DEFAULT NULL,
  `fecha` timestamp NOT NULL DEFAULT CURRENT_TIMESTAMP,
  `id_user` varchar(255) DEFAULT NULL,
  `status` varchar(255) NOT NULL DEFAULT '1',
  `zona` varchar(255) DEFAULT NULL,
  PRIMARY KEY (`id_cli`)
) ENGINE=MyISAM AUTO_INCREMENT=8 DEFAULT CHARSET=utf8mb4 COLLATE=utf8mb4_0900_ai_ci;

--
-- Volcado de datos para la tabla `clientes`
--

INSERT INTO `clientes` (`id_cli`, `nombre`, `cod`, `rs`, `rfc`, `c_contable`, `tpersona`, `tpcliente`, `m_pago`, `f_pago`, `banco`, `cfdi`, `dir_a`, `nom_cuenta`, `con_pago`, `obs`, `fecha`, `id_user`, `status`, `zona`) VALUES
(1, 'SAN PABLO', 'E002', 'EMPAQUES MODERNOS SAN PABLO', 'EMS810717R34', NULL, 'moral', NULL, NULL, NULL, NULL, NULL, NULL, NULL, NULL, '', '2025-07-28 23:51:25', '1', '1', '1'),
(2, 'BIO PAPPEL', 'B001', 'BIO PAPPEL', 'CDU820122JFA', NULL, 'moral', NULL, NULL, NULL, NULL, NULL, NULL, NULL, NULL, '', '2025-07-28 23:57:05', '1', '1', '1'),
(3, 'ULTRA', 'P007', 'PAPELES ULTRA', 'PUL000114K69', NULL, 'moral', NULL, NULL, NULL, NULL, NULL, NULL, NULL, NULL, '', '2025-07-28 23:57:53', '1', '1', '1'),
(4, 'SMURFIT', 'S002', 'SMURFIT CARTON Y PAPEL DE MEXICO', 'SCP900125TT8', NULL, 'moral', NULL, NULL, NULL, NULL, NULL, NULL, NULL, NULL, '', '2025-07-28 23:58:25', '1', '1', '1'),
(5, 'NEVADO', 'P008', 'PAPELERA DEL NEVADO', 'PNE780427787', NULL, 'moral', NULL, NULL, NULL, NULL, NULL, NULL, NULL, NULL, '', '2025-07-28 23:58:54', '1', '1', '1'),
(6, 'DEXA', 'D207', 'DISTRIBUIDORA DE EMPAQUES', 'DEM970414561', NULL, 'moral', NULL, NULL, NULL, NULL, NULL, NULL, NULL, NULL, '', '2025-07-28 23:59:24', '1', '1', '1'),
(7, 'SAN PABLO', 'E008', 'EMPAQUES MODERNOS SAN PABLO', 'EMS810717R34', NULL, 'moral', NULL, NULL, NULL, NULL, NULL, NULL, NULL, NULL, '', '2025-07-29 00:00:26', '1', '1', '1');

-- --------------------------------------------------------

--
-- Estructura de tabla para la tabla `compras`
--

DROP TABLE IF EXISTS `compras`;
CREATE TABLE IF NOT EXISTS `compras` (
  `id_compra` int NOT NULL AUTO_INCREMENT,
  `fact` varchar(255) DEFAULT NULL,
  `d_prov` varchar(255) DEFAULT NULL,
  `factura` varchar(255) DEFAULT NULL,
  `nombre` varchar(255) DEFAULT NULL,
  `id_prov` varchar(255) DEFAULT NULL,
  `id_direc` varchar(255) DEFAULT NULL,
  `id_transp` varchar(255) DEFAULT NULL,
  `id_prod` varchar(255) DEFAULT NULL,
  `tara` varchar(255) NOT NULL,
  `bruto` varchar(255) DEFAULT NULL,
  `neto` varchar(255) DEFAULT NULL,
  `pres` varchar(255) DEFAULT NULL,
  `aliasInv` varchar(255) DEFAULT NULL,
  `folio_contra` varchar(255) DEFAULT NULL,
  `fecha` timestamp NOT NULL DEFAULT CURRENT_TIMESTAMP,
  `acciones` varchar(255) NOT NULL DEFAULT '0',
  `id_user` varchar(255) DEFAULT NULL,
  `status` varchar(255) DEFAULT '1',
  `zona` varchar(255) DEFAULT NULL,
  `ex` varchar(255) NOT NULL DEFAULT '0',
  PRIMARY KEY (`id_compra`)
) ENGINE=MyISAM AUTO_INCREMENT=254 DEFAULT CHARSET=utf8mb4 COLLATE=utf8mb4_0900_ai_ci;

--
-- Volcado de datos para la tabla `compras`
--

INSERT INTO `compras` (`id_compra`, `fact`, `d_prov`, `factura`, `nombre`, `id_prov`, `id_direc`, `id_transp`, `id_prod`, `tara`, `bruto`, `neto`, `pres`, `aliasInv`, `folio_contra`, `fecha`, `acciones`, `id_user`, `status`, `zona`, `ex`) VALUES
(1, '23652', NULL, NULL, 'DKL MTY', '1', '6', '1', '4', '0', '24740', '24740.00', '3.60', NULL, NULL, '2025-07-08 06:00:00', '0', '1', '1', '1', '0'),
(2, '11955/167000', NULL, NULL, 'IXTAC', '1', '4', '29', '11', '0', '21300', '21300.00', '3.60', NULL, NULL, '2025-07-24 06:00:00', '0', '1', '1', '1', '0'),
(16, '20767', NULL, NULL, '20767', '1', '5', '28', '3', '0.00', '26270', '26270', '2.8', NULL, NULL, '2025-07-30 06:00:00', '0', '1', '1', '1', '2'),
(17, '114376', NULL, NULL, '114376', '1', '11', '4', '9', '0.00', '17660', '17660', '3.6', NULL, NULL, '2025-07-25 06:00:00', '0', '1', '1', '1', '2'),
(18, '20758', NULL, NULL, '20758', '1', '5', '10', '3', '0.00', '26040', '26040', '2.8', NULL, NULL, '2025-07-25 06:00:00', '0', '1', '1', '1', '2'),
(19, '11959-167134', NULL, NULL, '11959-167134', '1', '4', '10', '11', '0.00', '22700', '22700', '3.6', NULL, NULL, '2025-07-28 06:00:00', '0', '1', '1', '1', '2'),
(20, '114378', NULL, NULL, '114378', '1', '11', '4', '9', '0.00', '21140', '21140', '3.6', NULL, NULL, '2025-07-25 06:00:00', '0', '1', '1', '1', '2'),
(21, '11965-167336', NULL, NULL, '11965-167336', '1', '4', '10', '11', '0.00', '24400', '24400', '3.6', NULL, NULL, '2025-07-30 06:00:00', '0', '1', '1', '1', '2'),
(22, '10135', NULL, NULL, '10135', '1', '2', '29', '9', '0.00', '20055', '20055', '3.6', NULL, NULL, '2025-07-30 06:00:00', '0', '1', '1', '1', '2'),
(23, '20768', NULL, NULL, '20768', '1', '5', '10', '3', '0.00', '29430', '29430', '2.8', NULL, NULL, '2025-07-31 06:00:00', '0', '1', '1', '1', '2'),
(24, '11966-167514', NULL, NULL, '11966-167514', '1', '4', '10', '11', '0.00', '23200', '23200', '3.6', NULL, NULL, '2025-07-31 06:00:00', '0', '1', '1', '1', '2'),
(25, '11957-167076', NULL, NULL, '11957-167076', '1', '4', '30', '20', '0.00', '21600', '21600', '3.6', NULL, NULL, '2025-07-26 06:00:00', '0', '1', '1', '1', '2'),
(26, '20765', NULL, NULL, '20765', '1', '5', '28', '3', '0.00', '26300', '26300', '3.2', NULL, NULL, '2025-07-29 06:00:00', '0', '1', '1', '1', '2'),
(27, '114388', NULL, NULL, '114388', '1', '11', '3', '9', '0.00', '21190', '21190', '3.6', NULL, NULL, '2025-07-29 06:00:00', '0', '1', '1', '1', '2'),
(28, '20766', NULL, NULL, '20766', '1', '5', '20', '3', '0.00', '25580', '25580', '3.2', NULL, NULL, '2025-07-30 06:00:00', '0', '1', '1', '1', '2'),
(29, '114392', NULL, NULL, '114392', '1', '11', '4', '9', '0.00', '17270', '17270', '3.6', NULL, NULL, '2025-07-30 06:00:00', '0', '1', '1', '1', '2'),
(30, '114393', NULL, NULL, '114393', '1', '11', '4', '9', '0.00', '17000', '17000', '3.6', NULL, NULL, '2025-07-30 06:00:00', '0', '1', '1', '1', '2'),
(31, '1487', NULL, NULL, '1487', '1', '1', '26', '1', '0.00', '25872', '25872', '3.2', NULL, NULL, '2025-07-31 06:00:00', '0', '1', '1', '1', '2'),
(32, '114335', NULL, NULL, '114335', '1', '9', '3', '6', '0.00', '19110', '19110', '3.6', NULL, NULL, '2025-07-31 06:00:00', '0', '1', '1', '1', '2'),
(33, '114336', NULL, NULL, '114336', '1', '9', '3', '6', '0.00', '22710', '22710', '3.6', NULL, NULL, '2025-07-31 06:00:00', '0', '1', '1', '1', '2'),
(34, '114337', NULL, NULL, '114337', '1', '9', '3', '6', '0.00', '6600', '6600', '1', NULL, NULL, '2025-07-31 06:00:00', '0', '1', '1', '1', '2'),
(35, '114398', 'archivos/LAISA/2025/08/EA_I107_227715_250812', '227715', '114398', '1', '11', '4', '9', '0.00', '8980', '8980', '1', NULL, NULL, '2025-07-31 06:00:00', '0', '1', '1', '1', '2'),
(36, '114400', 'archivos/LAISA/2025/08/EA_I107_227639_250811', '227639', '114400', '1', '11', '4', '9', '0.00', '8490', '8490', '1', NULL, NULL, '2025-07-31 06:00:00', '0', '1', '1', '1', '2'),
(37, '114401', NULL, NULL, '114401', '1', '11', '3', '9', '0.00', '22040', '22040', '3.6', NULL, NULL, '2025-07-31 06:00:00', '0', '1', '1', '1', '2'),
(38, '10136', NULL, NULL, '10136', '1', '2', '29', '2', '0.00', '19826', '19826', '3.6', NULL, NULL, '2025-08-01 06:00:00', '0', '1', '1', '1', '2'),
(39, '20773', 'archivos/LAISA/2025/08/EA_I107_183641_250806', '183641', '20773', '1', '5', '15', '3', '0.00', '26030', '26030', '3.2', NULL, NULL, '2025-08-01 06:00:00', '0', '1', '1', '1', '2'),
(40, '23708', NULL, NULL, '23708', '1', '6', '3', '4', '0.00', '23270', '23270', '3.6', NULL, NULL, '2025-08-01 06:00:00', '0', '1', '1', '1', '2'),
(41, '23709', NULL, NULL, '23709', '1', '6', '3', '4', '0.00', '25160', '25160', '3.6', NULL, NULL, '2025-08-01 06:00:00', '0', '1', '1', '1', '2'),
(42, '7531M13413', 'archivos/LAISA/2025/08/EA_I107_152158_250811', '152158', '7531M13413', '1', '10', '23', '7', '0.00', '25010', '25010', '3.6', NULL, NULL, '2025-08-01 06:00:00', '0', '1', '1', '1', '2'),
(43, '114338', NULL, NULL, '114338', '1', '9', '3', '6', '0.00', '22660', '22660', '3.6', NULL, NULL, '2025-08-01 06:00:00', '0', '1', '1', '1', '2'),
(44, '114340', NULL, NULL, '114340', '1', '9', '3', '6', '0.00', '22710', '22710', '3.6', NULL, NULL, '2025-08-01 06:00:00', '0', '1', '1', '1', '2'),
(45, '114403', NULL, NULL, '114403', '1', '11', '4', '9', '0.00', '7310', '7310', '1', NULL, NULL, '2025-08-01 06:00:00', '0', '1', '1', '1', '2'),
(46, '20776', 'archivos/LAISA/2025/08/EA_I107_183643_250806', '183643', '20776', '1', '5', '28', '3', '0.00', '25890', '25890', '3.2', NULL, NULL, '2025-08-02 06:00:00', '0', '1', '1', '1', '2'),
(47, '20775', 'archivos/LAISA/2025/08/EA_I107_183642_250806', '183642', '20775', '1', '5', '20', '3', '0.00', '24960', '24960', '3.2', NULL, NULL, '2025-08-02 06:00:00', '0', '1', '1', '1', '2'),
(48, '23710', NULL, NULL, '23710', '1', '6', '3', '4', '0.00', '23460', '23460', '3.6', NULL, NULL, '2025-08-02 06:00:00', '0', '1', '1', '1', '2'),
(49, '7531M13414', 'archivos/LAISA/2025/08/EA_I107_152160_250811', '152160', '7531M13414', '1', '10', '23', '7', '0.00', '24860', '24860', '3.6', NULL, NULL, '2025-08-02 06:00:00', '0', '1', '1', '1', '2'),
(50, '7531M13415', 'archivos/LAISA/2025/08/EA_I107_152161_250811', '152161', '7531M13415', '1', '10', '23', '7', '0.00', '24580', '24580', '3.6', NULL, NULL, '2025-08-02 06:00:00', '0', '1', '1', '1', '2'),
(51, '114341', NULL, NULL, '114341', '1', '9', '3', '6', '0.00', '20200', '20200', '3.6', NULL, NULL, '2025-08-02 06:00:00', '0', '1', '1', '1', '2'),
(52, '114343', NULL, NULL, '114343', '1', '9', '3', '6', '0.00', '22400', '22400', '3.6', NULL, NULL, '2025-08-02 06:00:00', '0', '1', '1', '1', '2'),
(53, '114342', NULL, NULL, '114342', '1', '9', '3', '6', '0.00', '8840', '8840', '1', NULL, NULL, '2025-08-02 06:00:00', '0', '1', '1', '1', '2'),
(54, '114404', NULL, NULL, '114404', '1', '11', '4', '9', '0.00', '18130', '18130', '3.6', NULL, NULL, '2025-08-02 06:00:00', '0', '1', '1', '1', '2'),
(55, '10138', NULL, NULL, '10138', '1', '2', '29', '2', '0.00', '19516', '19516', '3.6', NULL, NULL, '2025-08-03 06:00:00', '0', '1', '1', '1', '2'),
(56, '11971-167765', NULL, NULL, '11971-167765', '1', '4', '10', '20', '0.00', '24000', '24000', '3.6', NULL, NULL, '2025-08-04 06:00:00', '0', '1', '1', '1', '2'),
(57, '7531M13419', 'archivos/LAISA/2025/08/EA_I107_152162_250811', '152162', '7531M13419', '1', '10', '23', '7', '0.00', '24270', '24270', '3.6', NULL, NULL, '2025-08-04 06:00:00', '0', '1', '1', '1', '2'),
(58, '114344', NULL, NULL, '114344', '1', '9', '3', '6', '0.00', '20120', '20120', '3.6', NULL, NULL, '2025-08-04 06:00:00', '0', '1', '1', '1', '2'),
(59, '114408', 'archivos/LAISA/2025/08/EA_I107_227718_250812', '227718', '114408', '1', '11', '4', '9', '0.00', '17940', '17940', '3.6', NULL, NULL, '2025-08-04 06:00:00', '0', '1', '1', '1', '2'),
(60, '114409', 'archivos/LAISA/2025/08/EA_I107_227721_250812', '227721', '114409', '1', '11', '4', '9', '0.00', '7810', '7810', '1', NULL, NULL, '2025-08-04 06:00:00', '0', '1', '1', '1', '2'),
(61, '114410', 'archivos/LAISA/2025/08/EA_I107_227722_250812', '227722', '114410', '1', '11', '3', '9', '0.00', '21640', '21640', '3.6', NULL, NULL, '2025-08-04 06:00:00', '0', '1', '1', '1', '2'),
(62, '20779', 'archivos/LAISA/2025/08/EA_I107_183644_250806', '183644', '20779', '1', '5', '28', '3', '0.00', '26370', '26370', '3.2', NULL, NULL, '2025-08-05 06:00:00', '0', '1', '1', '1', '2'),
(63, '23713', NULL, NULL, '23713', '1', '6', '3', '4', '0.00', '24670', '24670', '3.6', NULL, NULL, '2025-08-05 06:00:00', '0', '1', '1', '1', '2'),
(64, '114345', NULL, NULL, '114345', '1', '9', '3', '6', '0.00', '19360', '19360', '3.6', NULL, NULL, '2025-08-05 06:00:00', '0', '1', '1', '1', '2'),
(65, '114346', NULL, NULL, '114346', '1', '9', '3', '6', '0.00', '19770', '19770', '3.6', NULL, NULL, '2025-08-05 06:00:00', '0', '1', '1', '1', '2'),
(66, '114412', 'archivos/LAISA/2025/08/EA_I107_227723_250812', '227723', '114412', '1', '11', '3', '9', '0.00', '21280', '21280', '3.6', NULL, NULL, '2025-08-05 06:00:00', '0', '1', '1', '1', '2'),
(67, '10139', 'archivos/LAISA/2025/08/EA_I107_102443_250815', '102443', '10139', '1', '2', '29', '2', '0.00', '19911', '19911', '3.6', NULL, NULL, '2025-08-06 06:00:00', '0', '1', '1', '1', '2'),
(68, '11970-167930', NULL, NULL, '11970-167930', '1', '4', '10', '20', '0.00', '21900', '21900', '3.6', NULL, NULL, '2025-08-06 06:00:00', '0', '1', '1', '1', '2'),
(69, '20786', 'archivos/LAISA/2025/08/EA_I107_183645_250806', '183645', '20786', '1', '5', '10', '3', '0.00', '24340', '24340', '3.2', NULL, NULL, '2025-08-06 06:00:00', '0', '1', '1', '1', '2'),
(70, '20787', NULL, NULL, '20787', '1', '5', '28', '3', '0.00', '25000', '25000', '3.2', NULL, NULL, '2025-08-06 06:00:00', '0', '1', '1', '1', '2'),
(71, '23714', NULL, NULL, '23714', '1', '6', '3', '4', '0.00', '22790', '22790', '3.6', NULL, NULL, '2025-08-06 06:00:00', '0', '1', '1', '1', '2'),
(72, '114348', NULL, NULL, '114348', '1', '9', '3', '6', '0.00', '18230', '18230', '3.6', NULL, NULL, '2025-08-06 06:00:00', '0', '1', '1', '1', '2'),
(73, '114349', NULL, NULL, '114349', '1', '9', '3', '6', '0.00', '20950', '20950', '3.6', NULL, NULL, '2025-08-06 06:00:00', '0', '1', '1', '1', '2'),
(74, '114347', NULL, NULL, '114347', '1', '9', '3', '6', '0.00', '8860', '8860', '1', NULL, NULL, '2025-08-06 06:00:00', '0', '1', '1', '1', '2'),
(75, '114416', NULL, NULL, '114416', '1', '11', '3', '9', '0.00', '21160', '21160', '3.6', NULL, NULL, '2025-08-06 06:00:00', '0', '1', '1', '1', '2'),
(76, '114415', 'archivos/LAISA/2025/08/EA_I107_227724_250812', '227724', '114415', '1', '11', '3', '16', '0.00', '21510', '21510', '3.6', NULL, NULL, '2025-08-06 06:00:00', '0', '1', '1', '1', '2'),
(77, '11972-168072', NULL, NULL, '11972-168072', '1', '4', '10', '20', '0.00', '25400', '25400', '3.6', NULL, NULL, '2025-08-07 06:00:00', '0', '1', '1', '1', '2'),
(78, '20789', NULL, NULL, '20789', '1', '5', '20', '3', '0.00', '24370', '24370', '3.2', NULL, NULL, '2025-08-07 06:00:00', '0', '1', '1', '1', '2'),
(79, '23715', NULL, NULL, '23715', '1', '6', '3', '4', '0.00', '24010', '24010', '3.6', NULL, NULL, '2025-08-07 06:00:00', '0', '1', '1', '1', '2'),
(80, '23716', NULL, NULL, '23716', '1', '6', '3', '4', '0.00', '24920', '24920', '3.6', NULL, NULL, '2025-08-07 06:00:00', '0', '1', '1', '1', '2'),
(81, '148458', 'archivos/LAISA/2025/08/EA_I107_148458_250807', '148458', '148458', '1', '7', '3', '5', '0.00', '10563', '10563', '3.6', NULL, NULL, '2025-08-07 06:00:00', '0', '1', '1', '1', '2'),
(82, '7540M114350', 'archivos/LAISA/2025/08/EA_I107_210061_250812', '210061', '114350', '1', '9', '3', '6', '0.00', '21890', '21890', '3.6', NULL, NULL, '2025-08-07 06:00:00', '0', '1', '1', '1', '2'),
(83, '7540M114353', 'archivos/LAISA/2025/08/EA_I107_209997_250811', '209997', '114353', '1', '9', '3', '6', '0.00', '20950', '20950', '3.6', NULL, NULL, '2025-08-07 06:00:00', '0', '1', '1', '1', '2'),
(84, '7540M114354', 'archivos/LAISA/2025/08/EA_I107_209998_250811', '209998', '114354', '1', '9', '3', '6', '0.00', '18230', '18230', '3.6', NULL, NULL, '2025-08-07 06:00:00', '0', '1', '1', '1', '2'),
(85, '7540M114351', 'archivos/LAISA/2025/08/EA_I107_210013_250811', '210013', '114351', '1', '9', '3', '6', '0.00', '4290', '4290', '1', NULL, NULL, '2025-08-07 06:00:00', '0', '1', '1', '1', '2'),
(86, '7540M114352', 'archivos/LAISA/2025/08/EA_I107_209999_250811', '209999', '114352', '1', '9', '3', '6', '0.00', '3810', '3810', '1', NULL, NULL, '2025-08-07 06:00:00', '0', '1', '1', '1', '2'),
(87, '114421', 'archivos/LAISA/2025/08/EA_I107_227726_250812', '227726', '114421', '1', '11', '4', '9', '0.00', '18340', '18340', '3.6', NULL, NULL, '2025-08-07 06:00:00', '0', '1', '1', '1', '2'),
(88, '20790', NULL, NULL, '20790', '1', '5', '31', '3', '0.00', '22330', '22330', '3.2', NULL, NULL, '2025-08-08 06:00:00', '0', '1', '1', '1', '2'),
(89, '23717', NULL, NULL, '23717', '1', '6', '3', '4', '0.00', '24840', '24840', '3.6', NULL, NULL, '2025-08-08 06:00:00', '0', '1', '1', '1', '2'),
(90, '23718', NULL, NULL, '23718', '1', '6', '3', '4', '0.00', '23700', '23700', '3.6', NULL, NULL, '2025-08-08 06:00:00', '0', '1', '1', '1', '2'),
(91, '23719', NULL, NULL, '23719', '1', '6', '3', '4', '0.00', '24550', '24550', '3.6', NULL, NULL, '2025-08-08 06:00:00', '0', '1', '1', '1', '2'),
(92, '7531M13421', 'archivos/LAISA/2025/08/EA_I107_152168_250811', '152168', '7531M13421', '1', '10', '23', '7', '0.00', '24540', '24540', '3.6', NULL, NULL, '2025-08-08 06:00:00', '0', '1', '1', '1', '2'),
(93, '7531M13423', 'archivos/LAISA/2025/08/EA_I107_152169_250811', '152169', '7531M13423', '1', '10', '23', '7', '0.00', '24520', '24520', '3.6', NULL, NULL, '2025-08-08 06:00:00', '0', '1', '1', '1', '2'),
(94, '7531M13428', 'archivos/LAISA/2025/08/EA_I107_152172_250811', '152172', '7531M13428', '1', '10', '23', '7', '0.00', '24970', '24970', '3.6', NULL, NULL, '2025-08-08 06:00:00', '0', '1', '1', '1', '2'),
(95, '7540M114355', 'archivos/LAISA/2025/08/EA_I107_210020_250811', '210020', '114355', '1', '9', '3', '6', '0.00', '18990', '18990', '3.6', NULL, NULL, '2025-08-08 06:00:00', '0', '1', '1', '1', '2'),
(96, '7540M114358', 'archivos/LAISA/2025/08/EA_I107_210018_250811', '210018', '114358', '1', '9', '3', '6', '0.00', '7660', '7660', '1', NULL, NULL, '2025-08-08 06:00:00', '0', '1', '1', '1', '2'),
(97, '7540M114357', 'archivos/LAISA/2025/08/EA_I107_210019_250811', '210019', '114357', '1', '9', '3', '6', '0.00', '13320', '13320', '1', NULL, NULL, '2025-08-08 06:00:00', '0', '1', '1', '1', '2'),
(98, '114422', NULL, NULL, '114422', '1', '11', '3', '16', '0.00', '21470', '21470', '3.6', NULL, NULL, '2025-08-08 06:00:00', '0', '1', '1', '1', '2'),
(99, '114423', 'archivos/LAISA/2025/08/EA_I107_227728_250812', '227728', '114423', '1', '11', '3', '16', '0.00', '21370', '21370', '3.6', NULL, NULL, '2025-08-08 06:00:00', '0', '1', '1', '1', '2'),
(100, '114424', 'archivos/LAISA/2025/08/EA_I107_227729_250812', '227729', '114424', '1', '11', '3', '16', '0.00', '20990', '20990', '3.6', NULL, NULL, '2025-08-08 06:00:00', '0', '1', '1', '1', '2'),
(101, '11974-168284', NULL, NULL, '11974-168284', '1', '4', '10', '20', '0.00', '22580', '22580', '3.6', NULL, NULL, '2025-08-09 06:00:00', '0', '1', '1', '1', '2'),
(102, '20791', NULL, NULL, '20791', '1', '5', '30', '3', '0.00', '24050', '24050', '3.2', NULL, NULL, '2025-08-09 06:00:00', '0', '1', '1', '1', '2'),
(103, '20793', NULL, NULL, '20793', '1', '5', '28', '3', '0.00', '25540', '25540', '3.2', NULL, NULL, '2025-08-09 06:00:00', '0', '1', '1', '1', '2'),
(104, '7531M13433', 'archivos/LAISA/2025/08/EA_I107_152306_250818', '152306', '7531M13433', '1', '10', '23', '7', '0.00', '24890', '24890', '3.6', NULL, NULL, '2025-08-09 06:00:00', '0', '1', '1', '1', '2'),
(105, '7540M114359', 'archivos/LAISA/2025/08/EA_I107_210017_250811', '210017', '114359', '1', '9', '3', '6', '0.00', '7640', '7640', '1', NULL, NULL, '2025-08-09 06:00:00', '0', '1', '1', '1', '2'),
(106, '114360', 'archivos/LAISA/2025/08/EA_I107_210016_250811', '210016', '114360', '1', '9', '3', '6', '0.00', '19310', '19310', '3.6', NULL, NULL, '2025-08-09 06:00:00', '0', '1', '1', '1', '2'),
(107, '114428', 'archivos/LAISA/2025/08/EA_I107_227730_250812', '227730', '114428', '1', '11', '4', '9', '0.00', '5660', '5660', '1', NULL, NULL, '2025-08-09 06:00:00', '0', '1', '1', '1', '2'),
(108, '114429', 'archivos/LAISA/2025/08/EA_I107_227731_250812', '227731', '114429', '1', '11', '4', '9', '0.00', '17770', '17770', '3.6', NULL, NULL, '2025-08-09 06:00:00', '0', '1', '1', '1', '2'),
(109, '114431', 'archivos/LAISA/2025/08/EA_I107_227733_250812', '227733', '114431', '1', '11', '3', '16', '0.00', '21690', '21690', '3.6', NULL, NULL, '2025-08-09 06:00:00', '0', '1', '1', '1', '2'),
(110, '114370', 'archivos/LAISA/2025/08/EA_I107_210014_250811', '210014', '114370', '1', '9', '3', '6', '0.00', '22140', '22140', '3.6', NULL, NULL, '2025-08-10 06:00:00', '0', '1', '1', '1', '2'),
(111, '114371', 'archivos/LAISA/2025/08/EA_I107_210015_250811', '210015', '114371', '1', '9', '3', '6', '0.00', '21930', '21930', '3.6', NULL, NULL, '2025-08-10 06:00:00', '0', '1', '1', '1', '2'),
(112, '114373', 'archivos/LAISA/2025/08/EA_I107_210106_250813', '210106', '114373', '1', '9', '3', '6', '0.00', '20070', '20070', '3.6', NULL, NULL, '2025-08-11 06:00:00', '0', '1', '1', '1', '2'),
(113, '114435', 'archivos/LAISA/2025/08/EA_I107_227955_250815', '227955', '114435', '1', '11', '4', '9', '0.00', '17830', '17830', '3.6', NULL, NULL, '2025-08-11 06:00:00', '0', '1', '1', '1', '2'),
(114, '114434', 'archivos/LAISA/2025/08/EA_I107_227954_250815', '227954', '114434', '1', '11', '3', '16', '0.00', '21480', '21480', '3.6', NULL, NULL, '2025-08-11 06:00:00', '0', '1', '1', '1', '2'),
(115, '10141', NULL, NULL, '10141', '1', '2', '29', '2', '0.00', '20103', '20103', '3.6', NULL, NULL, '2025-08-12 06:00:00', '0', '1', '1', '1', '2'),
(116, '20796', NULL, NULL, '20796', '1', '5', '20', '3', '0.00', '19760', '19760', '3.2', NULL, NULL, '2025-08-12 06:00:00', '0', '1', '1', '1', '2'),
(117, '23721', NULL, NULL, '23721', '1', '6', '3', '4', '0.00', '24410', '24410', '3.6', NULL, NULL, '2025-08-12 06:00:00', '0', '1', '1', '1', '2'),
(118, '148514', 'archivos/LAISA/2025/08/EA_I107_148514_250812', '148514', '148514', '1', '7', '3', '5', '0.00', '11356', '11356', '3.6', NULL, NULL, '2025-08-12 06:00:00', '0', '1', '1', '1', '2'),
(119, '114374', NULL, NULL, '114374', '1', '9', '3', '6', '0.00', '21450', '21450', '3.6', NULL, NULL, '2025-08-12 06:00:00', '0', '1', '1', '1', '2'),
(120, '114439', 'archivos/LAISA/2025/08/EA_I107_227956_250815', '227956', '114439', '1', '11', '3', '16', '0.00', '21720', '21720', '3.6', NULL, NULL, '2025-08-12 06:00:00', '0', '1', '1', '1', '2'),
(121, '20797', NULL, NULL, '20797', '1', '5', '28', '3', '0.00', '25030', '25030', '3.2', NULL, NULL, '2025-08-13 06:00:00', '0', '1', '1', '1', '2'),
(122, '20800', NULL, NULL, '20800', '1', '5', '27', '3', '0.00', '25860', '25860', '3.2', NULL, NULL, '2025-08-13 06:00:00', '0', '1', '1', '1', '2'),
(123, '23722', NULL, NULL, '23722', '1', '6', '3', '4', '0.00', '23960', '23960', '3.6', NULL, NULL, '2025-08-13 06:00:00', '0', '1', '1', '1', '2'),
(124, '7531M13435', 'archivos/LAISA/2025/08/EA_I107_152309_250818', '152309', '7531M13435', '1', '10', '23', '7', '0.00', '21710', '21710', '3.6', NULL, NULL, '2025-08-13 06:00:00', '0', '1', '1', '1', '2'),
(125, '7531M13439', 'archivos/LAISA/2025/08/EA_I107_152310_250818', '152310', '7531M13439', '1', '10', '23', '7', '0.00', '24970', '24970', '3.6', NULL, NULL, '2025-08-13 06:00:00', '0', '1', '1', '1', '2'),
(126, '114381', 'archivos/LAISA/2025/08/EA_I107_210158_250814', '210158', '114381', '1', '9', '3', '6', '0.00', '4510', '4510', '1', NULL, NULL, '2025-08-13 06:00:00', '0', '1', '1', '1', '2'),
(127, '114445', 'archivos/LAISA/2025/08/EA_I107_227960_250815', '227960', '114445', '1', '11', '4', '9', '0.00', '17990', '17990', '3.6', NULL, NULL, '2025-08-13 06:00:00', '0', '1', '1', '1', '2'),
(128, '10143', NULL, NULL, '10143', '1', '2', '29', '2', '0.00', '19744', '19744', '3.6', NULL, NULL, '2025-08-14 06:00:00', '0', '1', '1', '1', '2'),
(129, '20802', NULL, NULL, '20802', '1', '5', '27', '3', '0.00', '25540', '25540', '3.2', NULL, NULL, '2025-08-14 06:00:00', '0', '1', '1', '1', '2'),
(130, '148546', 'archivos/LAISA/2025/08/EA_I107_148546_250814', '148546', '148546', '1', '7', '3', '5', '0.00', '11006', '11006', '3.6', NULL, NULL, '2025-08-14 06:00:00', '0', '1', '1', '1', '2'),
(131, '7531M13440', 'archivos/LAISA/2025/08/EA_I107_152311_250818', '152311', '7531M13440', '1', '10', '23', '7', '0.00', '23820', '23820', '3.6', NULL, NULL, '2025-08-14 06:00:00', '0', '1', '1', '1', '2'),
(132, '114383', NULL, NULL, '114383', '1', '9', '3', '6', '0.00', '20760', '20760', '3.6', NULL, NULL, '2025-08-14 06:00:00', '0', '1', '1', '1', '2'),
(133, '114382', 'archivos/LAISA/2025/08/EA_I107_210159_250814', '210159', '114382', '1', '9', '3', '6', '0.00', '5760', '5760', '1', NULL, NULL, '2025-08-14 06:00:00', '0', '1', '1', '1', '2'),
(134, '114449', 'archivos/LAISA/2025/08/EA_I107_227961_250815', '227961', '114449', '1', '11', '4', '9', '0.00', '17660', '17660', '3.6', NULL, NULL, '2025-08-14 06:00:00', '0', '1', '1', '1', '2'),
(135, '1488', NULL, NULL, '1488', '1', '1', '26', '1', '0.00', '25890', '25890', '3.2', NULL, NULL, '2025-08-07 06:00:00', '0', '1', '1', '1', '2'),
(136, '7538M20794', 'archivos/LAISA/2025/08/EA_I107_183907_250820', '183907', '7538M20794', '1', '5', '20', '3', '0.00', '24600', '24600', '3.2', NULL, NULL, '2025-08-11 06:00:00', '0', '1', '1', '1', '2'),
(137, '20795', NULL, NULL, '20795', '1', '5', '32', '3', '0.00', '22180', '22180', '3.2', NULL, NULL, '2025-08-12 06:00:00', '0', '1', '1', '1', '2'),
(138, '7727M114440', 'archivos/LAISA/2025/08/EA_I107_227957_250815', '227957', '7727M114440', '1', '11', '3', '15', '0.00', '7200', '7200', '1', NULL, NULL, '2025-08-12 06:00:00', '0', '1', '1', '1', '2'),
(139, '114441', 'archivos/LAISA/2025/08/EA_I107_227958_250815', '227958', '114441', '1', '11', '3', '16', '0.00', '21570', '21570', '3.6', NULL, NULL, '2025-08-13 06:00:00', '0', '1', '1', '1', '2'),
(140, '114444', 'archivos/LAISA/2025/08/EA_I107_227959_250815', '227959', '114444', '1', '11', '3', '16', '0.00', '21920', '21920', '3.6', NULL, NULL, '2025-08-13 06:00:00', '0', '1', '1', '1', '2'),
(141, '20805', NULL, NULL, '20805', '1', '5', '27', '3', '0.00', '25880', '25880', '3.2', NULL, NULL, '2025-08-15 06:00:00', '0', '1', '1', '1', '2'),
(142, '23723', NULL, NULL, '23723', '1', '6', '3', '4', '0.00', '21700', '21700', '3.6', NULL, NULL, '2025-08-12 06:00:00', '0', '1', '1', '1', '2'),
(143, '7539M23724', NULL, NULL, '7539M23724', '1', '6', '3', '4', '0.00', '24760', '24760', '3.6', NULL, NULL, '2025-08-15 06:00:00', '0', '1', '1', '1', '2'),
(144, '7531M13444', 'archivos/LAISA/2025/08/EA_I107_152312_250818', '152312', '7531M13444', '1', '10', '23', '7', '0.00', '23710', '23710', '3.6', NULL, NULL, '2025-08-15 06:00:00', '0', '1', '1', '1', '2'),
(145, '7540M114385', 'archivos/LAISA/2025/08/EA_I107_210345_250818', '210345', '7540M114385', '1', '9', '3', '6', '0.00', '21690', '21690', '3.6', NULL, NULL, '2025-08-15 06:00:00', '0', '1', '1', '1', '2'),
(146, '7540M114384', 'archivos/LAISA/2025/08/EA_I107_210329_250818', '210329', '7540M114384', '1', '9', '3', '6', '0.00', '21290', '21290', '3.6', NULL, NULL, '2025-08-15 06:00:00', '0', '1', '1', '1', '2'),
(147, '114454', NULL, NULL, '114454', '1', '11', '4', '9', '0.00', '17860', '17860', '3.6', NULL, NULL, '2025-08-15 06:00:00', '0', '1', '1', '1', '2'),
(148, '114453', NULL, NULL, '114453', '1', '11', '3', '16', '0.00', '21130', '21130', '3.6', NULL, NULL, '2025-08-15 06:00:00', '0', '1', '1', '1', '2'),
(149, '20807', NULL, NULL, '20807', '1', '5', '20', '3', '0.00', '26580', '26580', '3.2', NULL, NULL, '2025-08-16 06:00:00', '0', '1', '1', '1', '2'),
(150, '20809', NULL, NULL, '20809', '1', '5', '22', '3', '0.00', '24950', '24950', '3.2', NULL, NULL, '2025-08-16 06:00:00', '0', '1', '1', '1', '2'),
(151, '7539M23725', NULL, NULL, '7539M23725', '1', '6', '3', '4', '0.00', '22970', '22970', '3.6', NULL, NULL, '2025-08-16 06:00:00', '0', '1', '1', '1', '2'),
(152, '7531M13446', 'archivos/LAISA/2025/08/EA_I107_152313_250818', '152313', '7531M13446', '1', '10', '23', '7', '0.00', '24700', '24700', '3.6', NULL, NULL, '2025-08-16 06:00:00', '0', '1', '1', '1', '2'),
(153, '7531M13447', 'archivos/LAISA/2025/08/EA_I107_152314_250818', '152314', '7531M13447', '1', '10', '23', '7', '0.00', '23110', '23110', '3.6', NULL, NULL, '2025-08-16 06:00:00', '0', '1', '1', '1', '2'),
(154, '7540M114387', 'archivos/LAISA/2025/08/EA_I107_210347_250818', '210347', '7540M114387', '1', '9', '3', '6', '0.00', '21020', '21020', '3.6', NULL, NULL, '2025-08-16 06:00:00', '0', '1', '1', '1', '2'),
(155, '7540M114388', 'archivos/LAISA/2025/08/EA_I107_210348_250818', '210348', '7540M114388', '1', '9', '3', '6', '0.00', '20550', '20550', '3.6', NULL, NULL, '2025-08-16 06:00:00', '0', '1', '1', '1', '2'),
(156, '7540M114386', 'archivos/LAISA/2025/08/EA_I107_210346_250818', '210346', '7540M114386', '1', '9', '3', '6', '0.00', '6620', '6620', '1', NULL, NULL, '2025-08-16 06:00:00', '0', '1', '1', '1', '2'),
(157, '114456', NULL, NULL, '114456', '1', '11', '3', '16', '0.00', '20850', '20850', '3.6', NULL, NULL, '2025-08-16 06:00:00', '0', '1', '1', '1', '2'),
(158, '7540M114389', 'archivos/LAISA/2025/08/EA_I107_210349_250818', '210349', '7540M114389', '1', '9', '3', '6', '0.00', '19820', '19820', '3.6', NULL, NULL, '2025-08-17 06:00:00', '0', '1', '1', '1', '2'),
(159, '114457', NULL, NULL, '114457', '1', '11', '4', '9', '0.00', '17870', '17870', '3.6', NULL, NULL, '2025-08-17 06:00:00', '0', '1', '1', '1', '2'),
(160, '114460', NULL, NULL, '114460', '1', '11', '4', '9', '0.00', '17520', '17520', '3.6', NULL, NULL, '2025-08-17 06:00:00', '0', '1', '1', '1', '2'),
(161, '1489', NULL, NULL, '1489', '1', '1', '26', '1', '0.00', '25358', '25358', '3.2', NULL, NULL, '2025-08-18 06:00:00', '0', '1', '1', '1', '2'),
(162, '10144', NULL, NULL, '10144', '1', '2', '29', '2', '0.00', '19867', '19867', '3.6', NULL, NULL, '2025-08-18 06:00:00', '0', '1', '1', '1', '2'),
(163, '7539M23726', NULL, NULL, '7539M23726', '1', '6', '3', '4', '0.00', '22350', '22350', '3.6', NULL, NULL, '2025-08-18 06:00:00', '0', '1', '1', '1', '2'),
(164, '7540M114391', 'archivos/LAISA/2025/08/EA_I107_210415_250819', '210415', '7540M114391', '1', '9', '3', '6', '0.00', '21140', '21140', '3.6', NULL, NULL, '2025-08-18 06:00:00', '0', '1', '1', '1', '2'),
(165, '7540M114390', 'archivos/LAISA/2025/08/EA_I107_210414_250819', '210414', '7540M114390', '1', '9', '3', '6', '0.00', '6790', '6790', '1', NULL, NULL, '2025-08-18 06:00:00', '0', '1', '1', '1', '2'),
(166, '20810', NULL, NULL, '20810', '1', '5', '15', '3', '0.00', '26800', '26800', '3.2', NULL, NULL, '2025-08-19 06:00:00', '0', '1', '1', '1', '2'),
(167, '7539M23727', NULL, NULL, '7539M23727', '1', '6', '3', '4', '0.00', '25940', '25940', '3.6', NULL, NULL, '2025-08-19 06:00:00', '0', '1', '1', '1', '2'),
(168, '7531M13448', NULL, NULL, '7531M13448', '1', '10', '23', '7', '0.00', '25030', '25030', '3.6', NULL, NULL, '2025-08-19 06:00:00', '0', '1', '1', '1', '2'),
(169, '7531M13452', NULL, NULL, '7531M13452', '1', '10', '23', '7', '0.00', '24280', '24280', '3.6', NULL, NULL, '2025-08-19 06:00:00', '0', '1', '1', '1', '2'),
(170, '7540M114392', 'archivos/LAISA/2025/08/EA_I107_210416_250819', '210416', '7540M114392', '1', '9', '3', '6', '0.00', '19280', '19280', '3.6', NULL, NULL, '2025-08-19 06:00:00', '0', '1', '1', '1', '2'),
(171, '114463', NULL, NULL, '114463', '1', '11', '3', '16', '0.00', '22300', '22300', '3.6', NULL, NULL, '2025-08-19 06:00:00', '0', '1', '1', '1', '2'),
(172, '7727M114466', NULL, NULL, '7727M114466', '1', '11', '3', '16', '0.00', '22220', '22220', '3.6', NULL, NULL, '2025-08-19 06:00:00', '0', '1', '1', '1', '2'),
(173, '7537M10147', 'archivos/LAISA/2025/08/EA_I107_102448_250815', '102448', '7537M10147', '1', '2', '29', '2', '0.00', '19979', '19979', '3.5', NULL, NULL, '2025-08-20 06:00:00', '0', '1', '1', '1', '2'),
(174, '7538M20813', 'archivos/LAISA/2025/08/EA_I107_184004_250825', '184004', '7538M20813', '1', '5', '32', '3', '0.00', '26440', '26440', '3.1', NULL, NULL, '2025-08-20 06:00:00', '0', '1', '1', '1', '2'),
(175, '7538M20811', 'archivos/LAISA/2025/08/EA_I107_184006_250825', '184006', '7538M20811', '1', '5', '30', '3', '0.00', '26410', '26410', '3.1', NULL, NULL, '2025-08-20 06:00:00', '0', '1', '1', '1', '2'),
(176, '7539M23728', NULL, NULL, '7539M23728', '1', '6', '3', '4', '0.00', '22040', '22040', '3.5', NULL, NULL, '2025-08-20 06:00:00', '0', '1', '1', '1', '2'),
(177, '148620', 'archivos/LAISA/2025/08/EA_I107_148620_250820', '148620', '148620', '1', '7', '3', '5', '0.00', '11539', '11539', '3.5', NULL, NULL, '2025-08-20 06:00:00', '0', '1', '1', '1', '2'),
(178, '148622', NULL, NULL, '148622', '1', '7', '3', '5', '0.00', '13203', '13203', '3.5', NULL, NULL, '2025-08-20 06:00:00', '0', '1', '1', '1', '2'),
(179, '7531M13457', 'archivos/LAISA/2025/08/EA_I107_152450_250825', '152450', '7531M13457', '1', '10', '22', '7', '0.00', '25380', '25380', '3.5', NULL, NULL, '2025-08-20 06:00:00', '0', '1', '1', '1', '2'),
(180, '7540M114394', 'archivos/LAISA/2025/08/EA_I107_210560_250822', '210560', '7540M114394', '1', '9', '3', '6', '0.00', '19980', '19980', '3.5', NULL, NULL, '2025-08-20 06:00:00', '0', '1', '1', '1', '2'),
(181, '7540M114395', 'archivos/LAISA/2025/08/EA_I107_210559_250822', '210559', '7540M114395', '1', '9', '3', '6', '0.00', '20640', '20640', '3.5', NULL, NULL, '2025-08-20 06:00:00', '0', '1', '1', '1', '2'),
(182, '7727M114472', 'archivos/LAISA/2025/08/EA_I107_228744_250829', '228744', '7727M114472', '1', '11', '4', '9', '0.00', '17820', '17820', '3.5', NULL, NULL, '2025-08-20 06:00:00', '0', '1', '1', '1', '2'),
(183, '7727M114471', 'archivos/LAISA/2025/08/EA_I107_228743_250829', '228743', '7727M114471', '1', '11', '3', '16', '0.00', '21470', '21470', '3.5', NULL, NULL, '2025-08-20 06:00:00', '0', '1', '1', '1', '2'),
(184, '7727M114469', 'archivos/LAISA/2025/08/EA_I107_228742_250829', '228742', '7727M114469', '1', '11', '3', '16', '0.00', '21980', '21980', '3.5', NULL, NULL, '2025-08-20 06:00:00', '0', '1', '1', '1', '2'),
(185, '7538M20815', 'archivos/LAISA/2025/08/EA_I107_184098_250828', '184098', '7538M20815', '1', '5', '28', '3', '0.00', '27500', '27500', '3.1', NULL, NULL, '2025-08-21 06:00:00', '0', '1', '1', '1', '2'),
(186, '7539M23729', NULL, NULL, '7539M23729', '1', '6', '3', '4', '0.00', '25410', '25410', '3.5', NULL, NULL, '2025-08-21 06:00:00', '0', '1', '1', '1', '2'),
(187, '7531M13461', 'archivos/LAISA/2025/08/EA_I107_152451_250825', '152451', '7531M13461', '1', '10', '23', '7', '0.00', '23180', '23180', '3.5', NULL, NULL, '2025-08-21 06:00:00', '0', '1', '1', '1', '2'),
(188, '7531M13467', 'archivos/LAISA/2025/08/EA_I107_152452_250825', '152452', '7531M13467', '1', '10', '23', '7', '0.00', '22710', '22710', '3.5', NULL, NULL, '2025-08-21 06:00:00', '0', '1', '1', '1', '2'),
(189, '7540M114396', NULL, NULL, '7540M114396', '1', '9', '3', '6', '0.00', '18880', '18880', '3.5', NULL, NULL, '2025-08-21 06:00:00', '0', '1', '1', '1', '2'),
(190, '7727M114474', 'archivos/LAISA/2025/08/EA_I107_228745_250829', '228745', '7727M114474', '1', '11', '3', '16', '0.00', '22110', '22110', '3.5', NULL, NULL, '2025-08-21 06:00:00', '0', '1', '1', '1', '2'),
(191, '7727M114477', 'archivos/LAISA/2025/08/EA_I107_228746_250829', '228746', '7727M114477', '1', '11', '4', '9', '0.00', '17770', '17770', '3.5', NULL, NULL, '2025-08-21 06:00:00', '0', '1', '1', '1', '2'),
(192, '7538M20817', 'archivos/LAISA/2025/08/EA_I107_184099_250828', '184099', '7538M20817', '1', '5', '20', '3', '0.00', '25400', '25400', '3.1', NULL, NULL, '2025-08-22 06:00:00', '0', '1', '1', '1', '2'),
(193, '7538M20816', 'archivos/LAISA/2025/08/EA_I107_184005_250825', '184005', '7538M20816', '1', '5', '28', '3', '0.00', '24300', '24300', '3.1', NULL, NULL, '2025-08-22 06:00:00', '0', '1', '1', '1', '2'),
(194, '7539M23730', NULL, NULL, '7539M23730', '1', '6', '3', '4', '0.00', '25130', '25130', '3.5', NULL, NULL, '2025-08-22 06:00:00', '0', '1', '1', '1', '2'),
(195, '7531M13475', NULL, NULL, '7531M13475', '1', '10', '23', '7', '0.00', '25540', '25540', '3.5', NULL, NULL, '2025-08-22 06:00:00', '0', '1', '1', '1', '2'),
(196, '7540M114397', 'archivos/LAISA/2025/08/EA_I107_210658_250825', '210658', '7540M114397', '1', '9', '3', '6', '0.00', '19510', '19510', '3.5', NULL, NULL, '2025-08-22 06:00:00', '0', '1', '1', '1', '2'),
(197, '7540M114398', 'archivos/LAISA/2025/08/EA_I107_210659_250825', '210659', '7540M114398', '1', '9', '3', '6', '0.00', '21500', '21500', '3.5', NULL, NULL, '2025-08-22 06:00:00', '0', '1', '1', '1', '2'),
(198, '7727M114479', 'archivos/LAISA/2025/08/EA_I107_228747_250829', '228747', '7727M114479', '1', '11', '4', '9', '0.00', '17840', '17840', '3.5', NULL, NULL, '2025-08-22 06:00:00', '0', '1', '1', '1', '2'),
(199, '7537M10148', 'archivos/LAISA/2025/08/EA_I107_102549_250826', '102549', '7537M10148', '1', '2', '29', '2', '0.00', '19857', '19857', '3.5', NULL, NULL, '2025-08-23 06:00:00', '0', '1', '1', '1', '2'),
(200, '7538M20819', 'archivos/LAISA/2025/08/EA_I107_184100_250828', '184100', '7538M20819', '1', '5', '20', '3', '0.00', '25060', '25060', '3.1', NULL, NULL, '2025-08-23 06:00:00', '0', '1', '1', '1', '2'),
(201, '7539M23731', NULL, NULL, '7539M23731', '1', '6', '3', '4', '0.00', '24880', '24880', '3.5', NULL, NULL, '2025-08-23 06:00:00', '0', '1', '1', '1', '2'),
(202, '7531M13483', NULL, NULL, '7531M13483', '1', '10', '23', '7', '0.00', '23220', '23220', '3.5', NULL, NULL, '2025-08-23 06:00:00', '0', '1', '1', '1', '2'),
(203, '7540M114400', 'archivos/LAISA/2025/08/EA_I107_210660_250825', '210660', '7540M114400', '1', '9', '3', '6', '0.00', '20500', '20500', '3.5', NULL, NULL, '2025-08-23 06:00:00', '0', '1', '1', '1', '2'),
(204, '7540M114401', 'archivos/LAISA/2025/08/EA_I107_210661_250825', '210661', '7540M114401', '1', '9', '3', '6', '0.00', '19870', '19870', '3.5', NULL, NULL, '2025-08-23 06:00:00', '0', '1', '1', '1', '2'),
(205, '7540M114403', 'archivos/LAISA/2025/08/EA_I107_210662_250825', '210662', '7540M114403', '1', '9', '3', '6', '0.00', '7780', '7780', '1', NULL, NULL, '2025-08-24 06:00:00', '0', '1', '1', '1', '2'),
(206, '7540M114404', 'archivos/LAISA/2025/08/EA_I107_210663_250825', '210663', '7540M114404', '1', '9', '3', '6', '0.00', '7780', '7780', '1', NULL, NULL, '2025-08-24 06:00:00', '0', '1', '1', '1', '2'),
(207, '7727M114484', 'archivos/LAISA/2025/08/EA_I107_228750_250829', '228750', '7727M114484', '1', '11', '4', '9', '0.00', '17760', '17760', '3.5', NULL, NULL, '2025-08-24 06:00:00', '0', '1', '1', '1', '2'),
(208, '7727M114483', 'archivos/LAISA/2025/08/EA_I107_228749_250829', '228749', '7727M114483', '1', '11', '3', '16', '0.00', '21490', '21490', '3.5', NULL, NULL, '2025-08-24 06:00:00', '0', '1', '1', '1', '2'),
(209, '7727M114485', 'archivos/LAISA/2025/08/EA_I107_228751_250829', '228751', '7727M114485', '1', '11', '3', '16', '0.00', '21680', '21680', '3.5', NULL, NULL, '2025-08-24 06:00:00', '0', '1', '1', '1', '2'),
(210, '11987-169383', NULL, NULL, '11987-169383', '1', '4', '10', '20', '0.00', '22089', '22089', '3.5', NULL, NULL, '2025-08-25 06:00:00', '0', '1', '1', '1', '2'),
(211, '7539M23732', NULL, NULL, '7539M23732', '1', '6', '3', '4', '0.00', '25310', '25310', '3.5', NULL, NULL, '2025-08-25 06:00:00', '0', '1', '1', '1', '2'),
(212, '7540M114406', 'archivos/LAISA/2025/08/EA_I107_210705_250826', '210705', '7540M114406', '1', '9', '3', '6', '0.00', '20360', '20360', '3.5', NULL, NULL, '2025-08-25 06:00:00', '0', '1', '1', '1', '2'),
(213, '7540M114405', 'archivos/LAISA/2025/08/EA_I107_210704_250826', '210704', '7540M114405', '1', '9', '3', '6', '0.00', '21480', '21480', '3.5', NULL, NULL, '2025-08-25 06:00:00', '0', '1', '1', '1', '2'),
(214, '7727M114488', 'archivos/LAISA/2025/08/EA_I107_228753_250829', '228753', '7727M114488', '1', '11', '3', '16', '0.00', '21920', '21920', '3.5', NULL, NULL, '2025-08-25 06:00:00', '0', '1', '1', '1', '2'),
(215, '7537M10149', 'archivos/LAISA/2025/08/EA_I107_102550_250826', '102550', '7537M10149', '1', '2', '29', '2', '0.00', '19829', '19829', '3.5', NULL, NULL, '2025-08-26 06:00:00', '0', '1', '1', '1', '2'),
(216, '7538M20820', 'archivos/LAISA/2025/08/EA_I107_184101_250828', '184101', '7538M20820', '1', '5', '20', '3', '0.00', '25860', '25860', '3.1', NULL, NULL, '2025-08-26 06:00:00', '0', '1', '1', '1', '2'),
(217, '7538M20821', 'archivos/LAISA/2025/08/EA_I107_184125_250829', '184125', '7538M20821', '1', '5', '3', '3', '0.00', '17970', '17970', '3.1', NULL, NULL, '2025-08-26 06:00:00', '0', '1', '1', '1', '2'),
(218, '7538M20822', 'archivos/LAISA/2025/08/EA_I107_184126_250829', '184126', '7538M20822', '1', '5', '3', '3', '0.00', '17280', '17280', '3.1', NULL, NULL, '2025-08-26 06:00:00', '0', '1', '1', '1', '2'),
(219, '7539M23734', NULL, NULL, '7539M23734', '1', '6', '3', '4', '0.00', '25300', '25300', '3.5', NULL, NULL, '2025-08-26 06:00:00', '0', '1', '1', '1', '2'),
(220, '148677', 'archivos/LAISA/2025/08/EA_I107_148677_250826', '148677', '148677', '1', '7', '3', '5', '0.00', '10060', '10060', '3.5', NULL, NULL, '2025-08-26 06:00:00', '0', '1', '1', '1', '2'),
(221, '7531M13490', NULL, NULL, '7531M13490', '1', '10', '23', '7', '0.00', '24280', '24280', '3.5', NULL, NULL, '2025-08-26 06:00:00', '0', '1', '1', '1', '2'),
(222, '7531M13491', NULL, NULL, '7531M13491', '1', '10', '23', '7', '0.00', '23300', '23300', '3.5', NULL, NULL, '2025-08-26 06:00:00', '0', '1', '1', '1', '2'),
(223, '7540M114408', 'archivos/LAISA/2025/08/EA_I107_210706_250826', '210706', '7540M114408', '1', '9', '3', '6', '0.00', '9580', '9580', '1', NULL, NULL, '2025-08-26 06:00:00', '0', '1', '1', '1', '2'),
(224, '7727M114490', 'archivos/LAISA/2025/08/EA_I107_228754_250829', '228754', '7727M114490', '1', '11', '4', '9', '0.00', '17740', '17740', '3.5', NULL, NULL, '2025-08-26 06:00:00', '0', '1', '1', '1', '2'),
(225, '7727M114491', 'archivos/LAISA/2025/08/EA_I107_228755_250829', '228755', '7727M114491', '1', '11', '3', '9', '0.00', '7020', '7020', '1', NULL, NULL, '2025-08-26 06:00:00', '0', '1', '1', '1', '2'),
(226, '11988-169605', NULL, NULL, '11988-169605', '1', '4', '10', '20', '0.00', '23293', '23293', '3.5', NULL, NULL, '2025-08-27 06:00:00', '0', '1', '1', '1', '2'),
(227, '7538M20824', 'archivos/LAISA/2025/08/EA_I107_184127_250829', '184127', '7538M20824', '1', '5', '27', '3', '0.00', '25130', '25130', '3.1', NULL, NULL, '2025-08-27 06:00:00', '0', '1', '1', '1', '2'),
(228, '7539M23735', NULL, NULL, '7539M23735', '1', '6', '3', '4', '0.00', '24110', '24110', '3.5', NULL, NULL, '2025-08-27 06:00:00', '0', '1', '1', '1', '2'),
(229, '7531M13493', NULL, NULL, '7531M13493', '1', '10', '23', '7', '0.00', '24230', '24230', '3.5', NULL, NULL, '2025-08-27 06:00:00', '0', '1', '1', '1', '2'),
(230, '7531M13494', NULL, NULL, '7531M13494', '1', '10', '23', '7', '0.00', '22960', '22960', '3.5', NULL, NULL, '2025-08-27 06:00:00', '0', '1', '1', '1', '2'),
(231, '7540M114409', 'archivos/LAISA/2025/08/EA_I107_210758_250827', '210758', '7540M114409', '1', '9', '3', '6', '0.00', '20040', '20040', '3.5', NULL, NULL, '2025-08-27 06:00:00', '0', '1', '1', '1', '2'),
(232, '7540M114410', 'archivos/LAISA/2025/08/EA_I107_210759_250827', '210759', '7540M114410', '1', '9', '3', '6', '0.00', '19740', '19740', '3.5', NULL, NULL, '2025-08-27 06:00:00', '0', '1', '1', '1', '2'),
(233, '7540M114411', 'archivos/LAISA/2025/08/EA_I107_210806_250828', '210806', '7540M114411', '1', '9', '3', '6', '0.00', '21500', '21500', '3.5', NULL, NULL, '2025-08-27 06:00:00', '0', '1', '1', '1', '2'),
(234, '7540M114412', 'archivos/LAISA/2025/08/EA_I107_210807_250828', '210807', '7540M114412', '1', '9', '3', '6', '0.00', '17980', '17980', '3.5', NULL, NULL, '2025-08-27 06:00:00', '0', '1', '1', '1', '2'),
(235, '7540M114414', 'archivos/LAISA/2025/08/EA_I107_210808_250828', '210808', '7540M114414', '1', '9', '3', '6', '0.00', '16440', '16440', '3.5', NULL, NULL, '2025-08-27 06:00:00', '0', '1', '1', '1', '2'),
(236, '7727M114499', 'archivos/LAISA/2025/08/EA_I107_228757_250829', '228757', '7727M114499', '1', '11', '3', '16', '0.00', '21430', '21430', '3.5', NULL, NULL, '2025-08-27 06:00:00', '0', '1', '1', '1', '2'),
(237, '7537M10151', 'archivos/LAISA/2025/08/EA_I107_102578_250828', '102578', '7537M10151', '1', '2', '29', '2', '0.00', '20118', '20118', '3.5', NULL, NULL, '2025-08-28 06:00:00', '0', '1', '1', '1', '2'),
(238, '7538M20827', 'archivos/LAISA/2025/08/EA_I107_184128_250829', '184128', '7538M20827', '1', '5', '28', '3', '0.00', '26090', '26090', '3.1', NULL, NULL, '2025-08-28 06:00:00', '0', '1', '1', '1', '2'),
(239, '7539M23736', NULL, NULL, '7539M23736', '1', '6', '3', '4', '0.00', '24730', '24730', '3.5', NULL, NULL, '2025-08-28 06:00:00', '0', '1', '1', '1', '2'),
(240, '7540M114416', 'archivos/LAISA/2025/08/EA_I107_210860_250829', '210860', '7540M114416', '1', '9', '3', '6', '0.00', '20880', '20880', '3.5', NULL, NULL, '2025-08-28 06:00:00', '0', '1', '1', '1', '2'),
(241, '7727M114503', NULL, NULL, '7727M114503', '1', '11', '3', '9', '0.00', '5760', '5760', '1', NULL, NULL, '2025-08-28 06:00:00', '0', '1', '1', '1', '2'),
(242, '7727M114505', 'archivos/LAISA/2025/08/EA_I107_228759_250829', '228759', '7727M114505', '1', '11', '3', '9', '0.00', '17860', '17860', '3.5', NULL, NULL, '2025-08-28 06:00:00', '0', '1', '1', '1', '2'),
(243, '7727M114506', 'archivos/LAISA/2025/08/EA_I107_228758_250829', '228758', '7727M114506', '1', '11', '3', '9', '0.00', '17840', '17840', '3.5', NULL, NULL, '2025-08-28 06:00:00', '0', '1', '1', '1', '2'),
(244, '7538M20837', 'archivos/LAISA/2025/08/EA_I107_184130_250829', '184130', '7538M20837', '1', '5', '3', '3', '0.00', '24320', '24320', '3.1', NULL, NULL, '2025-08-29 06:00:00', '0', '1', '1', '1', '2'),
(245, '7538M20840', 'archivos/LAISA/2025/09/EA_I107_184250_250904', '184250', '7538M20840', '1', '5', '3', '3', '0.00', '25950', '25950', '3.1', NULL, NULL, '2025-08-29 06:00:00', '0', '1', '1', '1', '2'),
(246, '7538M20833', 'archivos/LAISA/2025/08/EA_I107_184129_250829', '184129', '7538M20833', '1', '5', '3', '3', '0.00', '25740', '25740', '3.1', NULL, NULL, '2025-08-29 06:00:00', '0', '1', '1', '1', '2'),
(247, '7539M23739', NULL, NULL, '7539M23739', '1', '6', '3', '4', '0.00', '25020', '25020', '3.5', NULL, NULL, '2025-08-29 06:00:00', '0', '1', '1', '1', '2'),
(248, '7539M23740', NULL, NULL, '7539M23740', '1', '6', '3', '4', '0.00', '24340', '24340', '3.5', NULL, NULL, '2025-08-29 06:00:00', '0', '1', '1', '1', '2'),
(249, '148728', 'archivos/LAISA/2025/08/EA_I107_148728_250829', '148728', '148728', '1', '7', '3', '5', '0.00', '10330', '10330', '3.5', NULL, NULL, '2025-08-29 06:00:00', '0', '1', '1', '1', '2'),
(250, '7531M13495', NULL, NULL, '7531M13495', '1', '10', '3', '7', '0.00', '22850', '22850', '3.5', NULL, NULL, '2025-08-29 06:00:00', '0', '1', '1', '1', '2'),
(251, '7540M114417', NULL, NULL, '7540M114417', '1', '9', '3', '6', '0.00', '19740', '19740', '3.5', NULL, NULL, '2025-08-29 06:00:00', '0', '1', '1', '1', '2'),
(252, '7531M13496', NULL, NULL, '7531M13496', '1', '10', '3', '7', '0.00', '22150', '22150', '3.5', NULL, NULL, '2025-08-30 06:00:00', '0', '1', '1', '1', '2'),
(253, '7531M13497', NULL, NULL, '7531M13497', '1', '10', '3', '7', '0.00', '23370', '23370', '3.5', NULL, NULL, '2025-08-30 06:00:00', '0', '1', '1', '1', '2');

-- --------------------------------------------------------

--
-- Estructura de tabla para la tabla `direcciones`
--

DROP TABLE IF EXISTS `direcciones`;
CREATE TABLE IF NOT EXISTS `direcciones` (
  `id_direc` int NOT NULL AUTO_INCREMENT,
  `id_us` varchar(255) DEFAULT NULL,
  `id_prov` varchar(255) DEFAULT NULL,
  `cod_al` varchar(255) DEFAULT NULL,
  `noma` varchar(255) DEFAULT NULL,
  `atencion` varchar(255) DEFAULT NULL,
  `calle` varchar(255) DEFAULT NULL,
  `c_postal` varchar(255) DEFAULT NULL,
  `numext` varchar(255) DEFAULT NULL,
  `numint` varchar(255) DEFAULT NULL,
  `pais` varchar(255) DEFAULT NULL,
  `estado` varchar(255) DEFAULT NULL,
  `mun` varchar(255) DEFAULT NULL,
  `colonia` varchar(255) DEFAULT NULL,
  `tel` varchar(255) DEFAULT NULL,
  `email` varchar(255) DEFAULT NULL,
  `obs` varchar(255) DEFAULT NULL,
  `status` varchar(255) DEFAULT '1',
  PRIMARY KEY (`id_direc`)
) ENGINE=MyISAM AUTO_INCREMENT=19 DEFAULT CHARSET=utf8mb4 COLLATE=utf8mb4_0900_ai_ci;

--
-- Volcado de datos para la tabla `direcciones`
--

INSERT INTO `direcciones` (`id_direc`, `id_us`, `id_prov`, `cod_al`, `noma`, `atencion`, `calle`, `c_postal`, `numext`, `numint`, `pais`, `estado`, `mun`, `colonia`, `tel`, `email`, `obs`, `status`) VALUES
(1, NULL, '1', 'I-107CDJUA', 'CD JUAREZ', 'N/S', NULL, NULL, NULL, NULL, NULL, NULL, NULL, NULL, '55 5555 5555', 'sistemas.jorge1105@outlook.com', '', '1'),
(2, NULL, '1', 'I-107GUA', 'GUADALAJARA', 'N/S', NULL, NULL, NULL, NULL, NULL, NULL, NULL, NULL, '55 5555 5555', '', '', '1'),
(3, NULL, '1', 'I-107APO', 'IP APODACA', 'N/S', NULL, NULL, NULL, NULL, NULL, NULL, NULL, NULL, '55 5555 5555', '', '', '1'),
(4, NULL, '1', 'I-107IXTAC', 'IXTACZOQUITLAN', 'N/S', NULL, NULL, NULL, NULL, NULL, NULL, NULL, NULL, '55 5555 5555', '', '', '1'),
(5, NULL, '1', 'I-107MOCH', 'LOS MOCHIS', 'N/S', NULL, NULL, NULL, NULL, NULL, NULL, NULL, NULL, '55 5555 5555', 'sistemas.jorge1105@outlook.com', '', '1'),
(6, NULL, '1', 'I-107MTY', 'MONTERREY', 'N/S', NULL, NULL, NULL, NULL, NULL, NULL, NULL, NULL, '55 5555 5555', '', '', '1'),
(7, NULL, '1', 'I-107PUE', 'PUEBLA', 'N/S', NULL, NULL, NULL, NULL, NULL, NULL, NULL, NULL, '55 5555 5555', '', '', '1'),
(8, NULL, '1', 'I-107REY	', 'REYNOSA', 'N/S', NULL, NULL, NULL, NULL, NULL, NULL, NULL, NULL, '55 5555 5555', '', '', '1'),
(9, NULL, '1', 'I-107SNJI', 'SAN JOSE ITURBIDE', 'N/S', NULL, NULL, NULL, NULL, NULL, NULL, NULL, NULL, '55 5555 5555', '', '', '1'),
(10, NULL, '1', 'I-107SIL', 'SILAO', 'N/S', NULL, NULL, NULL, NULL, NULL, NULL, NULL, NULL, '55 5555 5555', 'sistemas.jorge1105@outlook.com', '', '1'),
(11, NULL, '1', 'I-107TOL', 'TOLUCA', 'N/S', NULL, NULL, NULL, NULL, NULL, NULL, NULL, NULL, '55 5555 5555', '', '', '1'),
(12, '1', NULL, 'E002', 'EMPAQUES MODERNOS SAN PABLO', 'N/S', NULL, NULL, NULL, NULL, NULL, NULL, NULL, NULL, '55 5555 5555', '', '', '1'),
(13, '2', NULL, 'B001', 'BIO PAPPEL', 'N/S', NULL, NULL, NULL, NULL, NULL, NULL, NULL, NULL, '55 5555 5555', '', '', '1'),
(14, '3', NULL, 'P007', 'PAPELES ULTRA', 'N/S', NULL, NULL, NULL, NULL, NULL, NULL, NULL, NULL, '55 5555 5555', '', '', '1'),
(15, '4', NULL, 'S002', 'SMURFIT CARTON Y PAPEL DE MEXICO', 'N/S', NULL, NULL, NULL, NULL, NULL, NULL, NULL, NULL, '55 5555 5555', '', '', '1'),
(16, '5', NULL, 'P008', 'PAPELERA DEL NEVADO', 'N/S', NULL, NULL, NULL, NULL, NULL, NULL, NULL, NULL, '55 5555 5555', '', '', '1'),
(17, '6', NULL, 'D207', 'DISTRIBUIDORA DE EMPAQUES', 'N/S', NULL, NULL, NULL, NULL, NULL, NULL, NULL, NULL, '55 5555 5555', '', '', '1'),
(18, '7', NULL, 'E008', 'EMPAQUES MODERNOS SAN PABLO', 'N/S', NULL, NULL, NULL, NULL, NULL, NULL, NULL, NULL, '55 5555 5555', '', '', '1');

-- --------------------------------------------------------

--
-- Estructura de tabla para la tabla `precios`
--

DROP TABLE IF EXISTS `precios`;
CREATE TABLE IF NOT EXISTS `precios` (
  `id_precio` int NOT NULL AUTO_INCREMENT,
  `id_prod` varchar(255) DEFAULT NULL,
  `precio` varchar(255) NOT NULL DEFAULT '0',
  `tipo` varchar(255) DEFAULT NULL,
  `fecha_ini` timestamp NOT NULL DEFAULT CURRENT_TIMESTAMP,
  `fecha_fin` timestamp NOT NULL DEFAULT CURRENT_TIMESTAMP,
  `origen` varchar(255) DEFAULT NULL,
  `destino` varchar(255) DEFAULT NULL,
  `conmin` varchar(255) DEFAULT NULL,
  `fecha` timestamp NOT NULL DEFAULT CURRENT_TIMESTAMP,
  `status` varchar(255) NOT NULL DEFAULT '1',
  `usuario` varchar(255) DEFAULT NULL,
  PRIMARY KEY (`id_precio`)
) ENGINE=MyISAM AUTO_INCREMENT=19 DEFAULT CHARSET=utf8mb4 COLLATE=utf8mb4_0900_ai_ci;

--
-- Volcado de datos para la tabla `precios`
--

INSERT INTO `precios` (`id_precio`, `id_prod`, `precio`, `tipo`, `fecha_ini`, `fecha_fin`, `origen`, `destino`, `conmin`, `fecha`, `status`, `usuario`) VALUES
(1, '1', '3.2', 'c', '2025-09-01 06:00:00', '2025-09-30 06:00:00', NULL, NULL, NULL, '2025-09-09 19:58:07', '1', '1'),
(2, '1', '5.58', 'v', '2025-09-01 06:00:00', '2025-09-30 06:00:00', NULL, NULL, NULL, '2025-09-09 19:59:34', '1', '1'),
(3, '1', '3.0', 'c', '2025-08-01 06:00:00', '2025-08-31 06:00:00', NULL, NULL, NULL, '2025-09-09 20:16:18', '1', '1'),
(4, '1', '2.5', 'c', '2025-09-01 06:00:00', '2025-09-09 06:00:00', NULL, NULL, NULL, '2025-09-09 22:33:21', '0', '1'),
(5, '4', '7505', 'F', '2025-01-01 06:00:00', '2026-01-01 06:00:00', NULL, NULL, NULL, '2025-09-09 22:35:56', '1', '1'),
(6, '1', '464646646', 'F', '2025-09-01 06:00:00', '2025-09-10 06:00:00', NULL, NULL, NULL, '2025-09-10 22:29:43', '0', '1'),
(7, '23', '16302', 'F', '2025-01-01 06:00:00', '2025-12-31 06:00:00', NULL, NULL, NULL, '2025-09-17 18:53:41', '1', '1'),
(8, '7', '3.50', 'c', '2025-09-01 06:00:00', '2025-09-30 06:00:00', NULL, NULL, NULL, '2025-09-17 18:55:01', '1', '1'),
(9, '7', '5.39', 'v', '2025-09-01 06:00:00', '2025-09-30 06:00:00', NULL, NULL, NULL, '2025-09-17 18:55:16', '1', '1'),
(10, '33', '1910', 'FT', '2025-09-01 06:00:00', '2025-09-23 06:00:00', '1', '13', '0', '2025-09-23 22:59:09', '0', '1'),
(11, '33', '1500', 'FT', '2025-09-01 06:00:00', '2025-09-23 06:00:00', '3', '17', '20', '2025-09-23 23:56:49', '0', '1'),
(12, '33', '1910', 'FT', '2025-01-01 06:00:00', '2025-12-31 06:00:00', '1', '13', '0', '2025-09-23 23:57:36', '1', '1'),
(13, '33', '8521', 'FV', '2025-09-01 06:00:00', '2025-09-23 06:00:00', '3', '13', '0', '2025-09-23 23:59:57', '0', '1'),
(14, '33', '1910', 'FT', '2025-09-01 06:00:00', '2025-09-30 06:00:00', '1', '18', '0', '2025-09-24 17:47:54', '1', '1'),
(15, '3', '3.10', 'c', '2025-09-01 06:00:00', '2025-09-30 06:00:00', NULL, NULL, NULL, '2025-09-24 19:46:11', '1', '1'),
(16, '3', '5.30', 'v', '2025-09-01 06:00:00', '2025-09-30 06:00:00', NULL, NULL, NULL, '2025-09-24 19:46:22', '1', '1'),
(17, '15', '1930', 'FT', '2025-01-01 06:00:00', '2025-12-31 06:00:00', '5', '14', '0', '2025-09-24 19:47:59', '1', '1'),
(18, '28', '1930.00', 'FT', '2025-01-01 06:00:00', '2025-12-31 06:00:00', '5', '14', '0', '2025-09-25 20:55:46', '1', '1');

-- --------------------------------------------------------

--
-- Estructura de tabla para la tabla `productos`
--

DROP TABLE IF EXISTS `productos`;
CREATE TABLE IF NOT EXISTS `productos` (
  `id_prod` int NOT NULL AUTO_INCREMENT,
  `nom_pro` varchar(255) DEFAULT NULL,
  `cod` varchar(255) DEFAULT NULL,
  `lin` varchar(255) DEFAULT NULL,
  `fecha` timestamp NOT NULL DEFAULT CURRENT_TIMESTAMP,
  `id_user` varchar(255) DEFAULT NULL,
  `status` varchar(255) NOT NULL DEFAULT '1',
  `zona` varchar(255) DEFAULT NULL,
  PRIMARY KEY (`id_prod`)
) ENGINE=MyISAM AUTO_INCREMENT=21 DEFAULT CHARSET=utf8mb4 COLLATE=utf8mb4_0900_ai_ci;

--
-- Volcado de datos para la tabla `productos`
--

INSERT INTO `productos` (`id_prod`, `nom_pro`, `cod`, `lin`, `fecha`, `id_user`, `status`, `zona`) VALUES
(1, 'DKL CD JUAREZ', '15DKLCDJUA', '15 DKL', '2025-07-29 06:05:00', '1', '1', '1'),
(2, 'DKL GUADALAJARA', '15DKLGUA', '15 DKL', '2025-07-29 06:06:19', '1', '1', '1'),
(3, 'DKL MOCHIS', '15DKLMOCH', '15 DKL', '2025-07-29 06:06:36', '1', '1', '1'),
(4, 'DKL MONTERREY', '15DKLMTY', '15 DKL', '2025-07-29 06:06:52', '1', '1', '1'),
(5, 'DKL PUEBLA', '15DKLPUE', '15 DKL', '2025-07-29 06:07:05', '1', '1', '1'),
(6, 'DKL SAN JOSE ITURBIDE', '15DKLSNJI', '15 DKL', '2025-07-29 06:07:17', '1', '1', '1'),
(7, 'DKL SILAO', '15DKLSIL', '15 DKL', '2025-07-29 06:07:28', '1', '1', '1'),
(8, 'DKL SILAO ENCERADO', '15DKLSILENC', '15 DKL', '2025-07-29 06:07:39', '1', '1', '1'),
(9, 'DKL TOLUCA', '15DKLTOL', '15 DKL', '2025-07-29 06:07:50', '1', '1', '1'),
(10, 'DKL XALAPA', '15DKLXAL', '15 DKL', '2025-07-29 06:11:59', '1', '1', '1'),
(11, 'DKL IXTAC EMPACADO PRE-CONSUMO', '15DKLIXTACEMPPC	', '15 DKL', '2025-07-29 06:12:16', '1', '1', '1'),
(12, 'DKL IXTAC GRANEL PRE-CONSUMO', '15DKLIXTACGPC', '15 DKL', '2025-07-29 06:13:25', '1', '1', '1'),
(13, 'DKL IXTAC RE-EMPACADO PRE-CONSUMO', '15DKLIXTACREPC', '15 DKL', '2025-07-29 06:13:37', '1', '1', '1'),
(14, 'DKL SAN JOSE IT. GRANEL PRE-CONSUMO', '15DKLSNJIGPC', '15 DKL', '2025-07-29 06:13:48', '1', '1', '1'),
(15, 'DKL TOLUCA GRANEL PRE-CONSUMO', '15DKLTOLGPC', '15 DKL', '2025-07-29 06:13:59', '1', '1', '1'),
(16, 'DKL TOLUCA PRE-CONSUMO', '15DKLTOLPC', '15 DKL', '2025-07-29 06:14:12', '1', '1', '1'),
(17, 'DKL MOCHIS PRE-CONSUMO', '15DKLMOCHPC', '15 DKL', '2025-07-29 06:14:25', '1', '1', '1'),
(18, 'DKL MOCHIS GRANEL PRE-CONSUMO', '15DKLMOCHGPC', '15 DKL', '2025-07-29 06:14:43', '1', '1', '1'),
(19, 'DKL MONTERREY PRE-CONSUMO', '15DKLMTYPC', '15 DKL', '2025-07-29 06:14:55', '1', '1', '1'),
(20, 'DKL IXTAC', '15DKLIXTAC', '15 DKL', '2025-09-04 04:59:26', '1', '1', '1');

-- --------------------------------------------------------

--
-- Estructura de tabla para la tabla `producto_recole`
--

DROP TABLE IF EXISTS `producto_recole`;
CREATE TABLE IF NOT EXISTS `producto_recole` (
  `id_prd_rec` int NOT NULL AUTO_INCREMENT,
  `id_recol` varchar(255) DEFAULT NULL,
  `id_prod` varchar(255) DEFAULT NULL,
  `id_cprecio_c` varchar(255) DEFAULT NULL,
  `id_cprecio_v` varchar(255) DEFAULT NULL,
  `id_user` varchar(255) DEFAULT NULL,
  `fecha` timestamp NOT NULL DEFAULT CURRENT_TIMESTAMP,
  `status` varchar(255) NOT NULL DEFAULT '1',
  PRIMARY KEY (`id_prd_rec`)
) ENGINE=MyISAM AUTO_INCREMENT=5 DEFAULT CHARSET=utf8mb4 COLLATE=utf8mb4_0900_ai_ci;

--
-- Volcado de datos para la tabla `producto_recole`
--

INSERT INTO `producto_recole` (`id_prd_rec`, `id_recol`, `id_prod`, `id_cprecio_c`, `id_cprecio_v`, `id_user`, `fecha`, `status`) VALUES
(1, '1', '1', '1', '2', '1', '2025-09-24 18:06:26', '1'),
(2, '2', '3', '15', '16', '1', '2025-09-24 19:59:12', '1'),
(3, '3', '1', '1', '2', '1', '2025-09-24 23:01:00', '1'),
(4, '4', '3', '15', '16', '1', '2025-09-25 20:56:31', '1');

-- --------------------------------------------------------

--
-- Estructura de tabla para la tabla `proveedores`
--

DROP TABLE IF EXISTS `proveedores`;
CREATE TABLE IF NOT EXISTS `proveedores` (
  `id_prov` int NOT NULL AUTO_INCREMENT,
  `nombre` varchar(255) DEFAULT NULL,
  `cod` varchar(255) DEFAULT NULL,
  `rs` varchar(255) DEFAULT NULL,
  `rfc` varchar(255) DEFAULT NULL,
  `c_contable` varchar(255) DEFAULT NULL,
  `tpersona` varchar(255) DEFAULT NULL,
  `tproveedor` varchar(255) DEFAULT NULL,
  `m_pago` varchar(255) DEFAULT NULL,
  `f_pago` varchar(255) DEFAULT NULL,
  `banco` varchar(255) DEFAULT NULL,
  `cfdi` varchar(255) DEFAULT NULL,
  `dir_a` varchar(255) DEFAULT NULL,
  `nom_cuenta` varchar(255) DEFAULT NULL,
  `con_pago` varchar(255) DEFAULT NULL,
  `obs` varchar(255) DEFAULT NULL,
  `fecha` timestamp NOT NULL DEFAULT CURRENT_TIMESTAMP,
  `id_user` varchar(255) DEFAULT NULL,
  `status` varchar(255) DEFAULT '1',
  `zona` varchar(255) DEFAULT NULL,
  PRIMARY KEY (`id_prov`)
) ENGINE=MyISAM AUTO_INCREMENT=2 DEFAULT CHARSET=utf8mb4 COLLATE=utf8mb4_0900_ai_ci;

--
-- Volcado de datos para la tabla `proveedores`
--

INSERT INTO `proveedores` (`id_prov`, `nombre`, `cod`, `rs`, `rfc`, `c_contable`, `tpersona`, `tproveedor`, `m_pago`, `f_pago`, `banco`, `cfdi`, `dir_a`, `nom_cuenta`, `con_pago`, `obs`, `fecha`, `id_user`, `status`, `zona`) VALUES
(1, 'IP', 'I-107', 'INTERNATIONAL PAPER MEXICO COMPANY', 'IPH140130GE7', NULL, 'moral', NULL, NULL, NULL, NULL, NULL, NULL, NULL, NULL, '', '2025-07-28 23:36:54', '1', '1', '1');

-- --------------------------------------------------------

--
-- Estructura de tabla para la tabla `recoleccion`
--

DROP TABLE IF EXISTS `recoleccion`;
CREATE TABLE IF NOT EXISTS `recoleccion` (
  `id_recol` int NOT NULL AUTO_INCREMENT,
  `folio` varchar(255) DEFAULT NULL,
  `fecha_r` timestamp NULL DEFAULT CURRENT_TIMESTAMP,
  `zona` varchar(255) DEFAULT NULL,
  `id_prov` varchar(255) DEFAULT NULL,
  `id_direc_prov` varchar(255) DEFAULT NULL,
  `id_transp` varchar(255) DEFAULT NULL,
  `pre_flete` varchar(255) DEFAULT NULL,
  `id_prd_rec` varchar(255) DEFAULT NULL,
  `id_cli` varchar(255) DEFAULT NULL,
  `id_direc_cli` varchar(255) DEFAULT NULL,
  `factura_v` varchar(255) DEFAULT NULL,
  `fecha_v` timestamp NOT NULL DEFAULT CURRENT_TIMESTAMP,
  `factus_v_corr` varchar(255) NOT NULL DEFAULT '0',
  `remision` varchar(255) DEFAULT NULL,
  `peso_prov` varchar(255) DEFAULT NULL,
  `factura_fle` varchar(255) DEFAULT NULL,
  `peso_fle` varchar(255) DEFAULT NULL,
  `factura_pro` varchar(255) DEFAULT NULL,
  `doc_pro` varchar(255) DEFAULT NULL,
  `doc_fle` varchar(255) DEFAULT NULL,
  `im_tras_inv` varchar(255) DEFAULT NULL,
  `im_rete_inv` varchar(255) DEFAULT NULL,
  `sub_tot_inv` varchar(255) DEFAULT NULL,
  `total_inv` varchar(255) DEFAULT NULL,
  `alias_inv_fle` varchar(255) DEFAULT NULL,
  `folio_inv_fle` varchar(255) DEFAULT NULL,
  `alias_inv_pro` varchar(255) DEFAULT NULL,
  `folio_inv_pro` varchar(255) DEFAULT NULL,
  `id_user` varchar(255) DEFAULT NULL,
  `status` varchar(255) NOT NULL DEFAULT '1',
  `acciones` varchar(255) DEFAULT '0',
  `ex` varchar(255) NOT NULL DEFAULT '0',
  `FacCexis` varchar(255) DEFAULT '0',
  `CRcomexis` varchar(255) NOT NULL DEFAULT '0',
  `FacFexis` varchar(255) NOT NULL DEFAULT '0',
  `CRfleexis` varchar(255) NOT NULL DEFAULT '0',
  PRIMARY KEY (`id_recol`)
) ENGINE=MyISAM AUTO_INCREMENT=5 DEFAULT CHARSET=utf8mb4 COLLATE=utf8mb4_0900_ai_ci;

--
-- Volcado de datos para la tabla `recoleccion`
--

INSERT INTO `recoleccion` (`id_recol`, `folio`, `fecha_r`, `zona`, `id_prov`, `id_direc_prov`, `id_transp`, `pre_flete`, `id_prd_rec`, `id_cli`, `id_direc_cli`, `factura_v`, `fecha_v`, `factus_v_corr`, `remision`, `peso_prov`, `factura_fle`, `peso_fle`, `factura_pro`, `doc_pro`, `doc_fle`, `im_tras_inv`, `im_rete_inv`, `sub_tot_inv`, `total_inv`, `alias_inv_fle`, `folio_inv_fle`, `alias_inv_pro`, `folio_inv_pro`, `id_user`, `status`, `acciones`, `ex`, `FacCexis`, `CRcomexis`, `FacFexis`, `CRfleexis`) VALUES
(1, '0001', '2025-09-24 06:00:00', '1', '1', '1', '33', '12', NULL, '2', '13', 'A31388', '2025-08-22 06:00:00', '1', '1489', '25358', '26873', '25358', NULL, NULL, 'archivos/LAISA/2025/09/EA_A327_26873_250908', '7749.400', '1937.350', '48433.780', '54245.830', 'LAISA', '17968', NULL, NULL, '1', '1', '0', '0', '0', '0', '0', '0'),
(2, '0002', '2025-09-24 06:00:00', '1', '1', '5', '15', '17', NULL, '3', '14', 'A31490', '2025-08-12 06:00:00', '1', '7538M20821', '17970', '6097', '17970', '184125', 'archivos/LAISA/2025/08/184125IPH140130GE7', 'archivos/LAISA/2025/08/EA_S421_6097_250827', '5549.140', '1387.280', '34682.100', '38843.960', 'LAISA', '18001', 'LAISA', '17881', '1', '1', '0', '0', '0', '0', '0', '0'),
(3, '0003', '2025-09-24 06:00:00', '1', '1', '1', '33', '12', NULL, '2', '13', 'A31388', '2025-08-13 06:00:00', '1', NULL, NULL, NULL, NULL, NULL, NULL, NULL, NULL, NULL, NULL, NULL, NULL, NULL, NULL, NULL, '1', '1', '0', '0', '0', '0', '0', '0'),
(4, '0004', '2025-09-25 06:00:00', '1', '1', '5', '28', '18', NULL, '3', '14', 'A31505', '2025-08-06 06:00:00', '1', '7538M20833', '25740', '20315', '25740.00', '184129', 'archivos/LAISA/2025/08/184129IPH140130GE7', 'archivos/LAISA/2025/09/EA_D227_20315_250905', '7948.510', '1987.130', '49678.200', '55639.580', 'LAISA', '17957', 'LAISA', '17881', '1', '1', '0', '0', '0', '0', '0', '0');

-- --------------------------------------------------------

--
-- Estructura de tabla para la tabla `transportes`
--

DROP TABLE IF EXISTS `transportes`;
CREATE TABLE IF NOT EXISTS `transportes` (
  `id_transp` int NOT NULL AUTO_INCREMENT,
  `placas` varchar(255) DEFAULT NULL,
  `razon_so` varchar(255) DEFAULT NULL,
  `linea` varchar(255) DEFAULT NULL,
  `tipo` varchar(255) DEFAULT NULL,
  `chofer` varchar(255) DEFAULT NULL,
  `placas_caja` varchar(255) DEFAULT NULL,
  `correo` varchar(255) DEFAULT NULL,
  `fecha` timestamp NOT NULL DEFAULT CURRENT_TIMESTAMP,
  `id_user` varchar(255) DEFAULT NULL,
  `status` varchar(255) DEFAULT NULL,
  `zona` varchar(255) DEFAULT NULL,
  PRIMARY KEY (`id_transp`)
) ENGINE=MyISAM AUTO_INCREMENT=34 DEFAULT CHARSET=utf8mb4 COLLATE=utf8mb4_0900_ai_ci;

--
-- Volcado de datos para la tabla `transportes`
--

INSERT INTO `transportes` (`id_transp`, `placas`, `razon_so`, `linea`, `tipo`, `chofer`, `placas_caja`, `correo`, `fecha`, `id_user`, `status`, `zona`) VALUES
(1, '123ABC', NULL, 'PROPIA', 'TRAILER', 'N/S', '456DEF', NULL, '2025-07-29 00:04:03', '1', '0', '1'),
(2, '1256AA', NULL, 'PROPIA', 'TORTON', 'N/S', '', NULL, '2025-08-14 18:53:07', '1', '0', '1'),
(3, 'N/A', NULL, 'N/A', 'TRAILER', 'N/A', '', NULL, '2025-08-18 21:41:37', '1', '1', '1'),
(4, 'A-420', 'ARREOLA RUBIO RIGOBERTO', 'PROPIA', 'TRAILER', '', '', 'sistemas.jorge1105@gmail.com', '2025-08-20 18:18:14', '1', '1', '1'),
(5, 'S-408', 'SALAZAR GONZALEZ ALFONSO', 'PROPIA', 'TRAILER', '', '', NULL, '2025-08-20 18:34:26', '1', '1', '1'),
(6, 'M-454', 'MORALES MUNOZ MARIANA', 'PROPIA', 'TRAILER', '', '', NULL, '2025-08-20 18:34:26', '1', '1', '1'),
(7, 'M-446', 'MUNGUIA VASQUEZ MARIA DEL CARMEN', 'PROPIA', 'TRAILER', '', '', NULL, '2025-08-20 18:34:26', '1', '1', '1'),
(8, 'T-232', 'TRANSPOMARE SA DE CV', 'PROPIA', 'TRAILER', '', '', 'sistemas.jorge1105@gmail.com', '2025-08-20 18:34:26', '1', '1', '1'),
(9, 'T-229', 'TRANSPORTES VIGNOLA SA DE CV', 'PROPIA', 'TRAILER', '', '', NULL, '2025-08-20 18:34:26', '1', '1', '1'),
(10, 'T-230', 'TEMM TRUCK SA DE CV', 'PROPIA', 'TRAILER', '', '', NULL, '2025-08-20 18:34:26', '1', '1', '1'),
(11, 'T-235', 'TRANSPORTE Y LOGISTICA BUZMYR DE MEXICO SA DE CV', 'PROPIA', 'TRAILER', '', '', NULL, '2025-08-20 18:34:26', '1', '1', '1'),
(12, 'T-236', 'TRANSPORTES BENDOL SA DE CV', 'PROPIA', 'TRAILER', '', '', NULL, '2025-08-20 18:34:26', '1', '1', '1'),
(13, 'T-233', 'TRANSPORCART SA DE CV', 'PROPIA', 'TRAILER', '', '', NULL, '2025-08-20 18:34:26', '1', '1', '1'),
(14, 'T-234', 'TRANSPORTADORA LOGISTICA DE COACALCO SA DE CV', 'PROPIA', 'TRAILER', '', '', NULL, '2025-08-20 18:34:26', '1', '1', '1'),
(15, 'S-421', 'SERVICIOS INTEGRALES DE LOGISTICA NURIB SA DE CV', 'PROPIA', 'TRAILER', '', '', 'sistemas2@glama.com.mx', '2025-08-20 18:34:26', '1', '1', '1'),
(16, 'S-422', 'SOLUCIONES EN TRANSPORTE ROMA SA DE CV', 'PROPIA', 'TRAILER', '', '', NULL, '2025-08-20 18:34:26', '1', '1', '1'),
(17, 'T-040', 'TRANSPORTES ALIANO SA DE CV', 'PROPIA', 'TRAILER', '', '', NULL, '2025-08-20 18:34:26', '1', '1', '1'),
(18, 'T-239', 'TRANSPORTES PIGASA SA DE CV', 'PROPIA', 'TRAILER', '', '', NULL, '2025-08-20 18:34:26', '1', '1', '1'),
(19, 'T-240', 'TRANSPORTES RAMIREZ MARQUEZ SA DE CV', 'PROPIA', 'TRAILER', '', '', NULL, '2025-08-20 18:34:26', '1', '1', '1'),
(20, 'T-237', 'TRANSPORTES MARQUEZ DE TEPOTZOTLAN SA DE CV', 'PROPIA', 'TRAILER', '', '', NULL, '2025-08-20 18:34:26', '1', '1', '1'),
(21, 'S-407', 'SALAZAR ESCOBAR JULIO CESAR', 'PROPIA', 'TRAILER', '', '', NULL, '2025-08-20 18:34:26', '1', '1', '1'),
(22, 'S-409', 'SANCHEZ SANCHEZ JUANA', 'PROPIA', 'TRAILER', '', '', NULL, '2025-08-20 18:34:26', '1', '1', '1'),
(23, 'C-600', 'COLOSOS TRANSPORTES SA DE CV', 'PROPIA', 'TRAILER', '', '', 'sistemas.jorge1105@gmail.com', '2025-08-20 18:34:26', '1', '1', '1'),
(24, 'C-598', 'CHAIRES BARRIENTOS OSCAR', 'PROPIA', 'TRAILER', '', '', NULL, '2025-08-20 18:34:26', '1', '1', '1'),
(25, 'A-424', 'AUTOTRANSPORTES NEW PICK SA DE CV', 'PROPIA', 'TRAILER', '', '', NULL, '2025-08-20 18:34:26', '1', '1', '1'),
(26, 'A-434', 'AUTOTRANSPORTES DEL REAL SA DE CV', 'PROPIA', 'TRAILER', '', '', NULL, '2025-08-20 18:34:26', '1', '1', '1'),
(27, 'H-165', 'HERNANDEZ GARRIDO MANUEL MARCELINO', 'PROPIA', 'TRAILER', '', '', NULL, '2025-08-20 18:34:26', '1', '1', '1'),
(28, 'D-227', 'DAVILA PALOMINO RAUL', 'PROPIA', 'TRAILER', '', '', 'sistemas2@glama.com.mx', '2025-08-20 18:34:26', '1', '1', '1'),
(29, 'B-186', 'N/S', 'PROPIA', 'TRAILER', 'N/S', 'N/S', 'sistemas.jorge1105@gmail.com', '2025-08-21 17:42:16', '1', '1', '1'),
(30, 'G-481', 'JACOBO GONZALES FRAGOSO', 'PROPIA', 'TRAILER', 'N/S', 'N/S', '', '2025-09-03 22:58:12', '1', '1', '1'),
(31, 'E-246', 'ENLACES TERRESTRES RAFAGA SA DE CV', 'PROPIA', 'TRAILER', 'N/S', 'N/S', '', '2025-09-03 22:58:36', '1', '1', '1'),
(32, 'S-425', 'SERVICIO TERRESTRE NACIONAL', 'PROPIA', 'TRAILER', 'N/S', 'N/S', '', '2025-09-03 22:58:51', '1', '1', '1'),
(33, 'A-327', 'AUTOTRANSPORTES DEL REAL', 'PROPIA', 'TRAILER', 'N/S', 'N/S', 'sistemas.jorge1105@gmail.com', '2025-09-23 22:48:43', '1', '1', '1');

-- --------------------------------------------------------

--
-- Estructura de tabla para la tabla `usuarios`
--

DROP TABLE IF EXISTS `usuarios`;
CREATE TABLE IF NOT EXISTS `usuarios` (
  `id_user` int NOT NULL AUTO_INCREMENT,
  `nombre` varchar(255) DEFAULT NULL,
  `correo` varchar(255) DEFAULT NULL,
  `usuario` varchar(255) DEFAULT NULL,
  `pass` varchar(255) DEFAULT NULL,
  `tipo` varchar(255) DEFAULT NULL,
  `fecha` timestamp NOT NULL DEFAULT CURRENT_TIMESTAMP,
  `a` varchar(255) DEFAULT '0',
  `b` varchar(255) NOT NULL DEFAULT '0',
  `c` varchar(255) NOT NULL DEFAULT '0',
  `d` varchar(255) NOT NULL DEFAULT '0',
  `e` varchar(255) NOT NULL DEFAULT '0',
  `f` varchar(255) NOT NULL DEFAULT '0',
  `a1` varchar(255) NOT NULL DEFAULT '0',
  `b1` varchar(255) NOT NULL DEFAULT '0',
  `c1` varchar(255) NOT NULL DEFAULT '0',
  `d1` varchar(255) NOT NULL DEFAULT '0',
  `e1` varchar(255) NOT NULL DEFAULT '0',
  `f1` varchar(255) NOT NULL DEFAULT '0',
  `zona` varchar(255) DEFAULT NULL,
  `af` varchar(255) NOT NULL DEFAULT '0',
  `acr` varchar(255) NOT NULL DEFAULT '0',
  `acc` varchar(255) NOT NULL DEFAULT '0',
  `en_correo` varchar(255) NOT NULL DEFAULT '0',
  `status` varchar(255) NOT NULL DEFAULT '1',
  PRIMARY KEY (`id_user`)
) ENGINE=MyISAM AUTO_INCREMENT=4 DEFAULT CHARSET=utf8mb4 COLLATE=utf8mb4_0900_ai_ci;

--
-- Volcado de datos para la tabla `usuarios`
--

INSERT INTO `usuarios` (`id_user`, `nombre`, `correo`, `usuario`, `pass`, `tipo`, `fecha`, `a`, `b`, `c`, `d`, `e`, `f`, `a1`, `b1`, `c1`, `d1`, `e1`, `f1`, `zona`, `af`, `acr`, `acc`, `en_correo`, `status`) VALUES
(1, 'Jorge Victorio', 'sistemas2@glama.com.mx', 'ADMIN', '06af401c13fb904e491347d1a55feac3', '100', '2025-07-22 17:54:42', '1', '1', '1', '1', '1', '1', '1', '1', '1', '1', '1', '1', '0', '1', '1', '1', '1', '1'),
(2, 'Daniel Arroyo', 'jorge.d.victorio11@gmail.com', 'DANIEL', '827ccb0eea8a706c4c34a16891f84e7b', '10', '2025-07-23 22:23:07', '1', '1', '1', '1', '1', '1', '1', '1', '1', '1', '1', '1', '1', '1', '1', '1', '0', '1'),
(3, 'Arturo Islas', 'aislas@glama.com.mx', 'MASTER', '2b56c292ea9856b33766eca6f934fc48', '100', '2025-07-26 05:58:28', '1', '1', '1', '1', '1', '1', '1', '1', '1', '1', '1', '1', '0', '1', '1', '1', '1', '1');

-- --------------------------------------------------------

--
-- Estructura de tabla para la tabla `ventas`
--

DROP TABLE IF EXISTS `ventas`;
CREATE TABLE IF NOT EXISTS `ventas` (
  `id_venta` int NOT NULL AUTO_INCREMENT,
  `fact` varchar(255) DEFAULT NULL,
  `factura` varchar(255) DEFAULT NULL,
  `d_prov` varchar(255) DEFAULT NULL,
  `nombre` varchar(255) DEFAULT NULL,
  `id_cli` varchar(255) CHARACTER SET utf8mb4 COLLATE utf8mb4_0900_ai_ci DEFAULT NULL,
  `id_direc` varchar(255) DEFAULT NULL,
  `id_compra` varchar(255) DEFAULT NULL,
  `id_prod` varchar(255) DEFAULT NULL,
  `costo_flete` varchar(255) DEFAULT NULL,
  `flete` varchar(255) CHARACTER SET utf8mb4 COLLATE utf8mb4_0900_ai_ci DEFAULT NULL,
  `fact_fle` varchar(255) DEFAULT NULL,
  `d_fletero` varchar(255) DEFAULT NULL,
  `tara` varchar(255) DEFAULT NULL,
  `bruto` varchar(255) DEFAULT NULL,
  `Neto` varchar(255) DEFAULT NULL,
  `peso_cliente` varchar(255) DEFAULT NULL,
  `precio` varchar(255) DEFAULT NULL,
  `im_tras_inv` varchar(255) DEFAULT NULL,
  `im_rete_inv` varchar(255) DEFAULT NULL,
  `total_inv` varchar(255) DEFAULT NULL,
  `rfc_inv` varchar(255) DEFAULT NULL,
  `aliasInv` varchar(255) DEFAULT NULL,
  `folio_contra` varchar(255) DEFAULT NULL,
  `fecha` timestamp NOT NULL DEFAULT CURRENT_TIMESTAMP,
  `id_user` varchar(255) DEFAULT NULL,
  `status` varchar(255) DEFAULT '1',
  `acciones` varchar(255) NOT NULL DEFAULT '0',
  `zona` varchar(255) DEFAULT NULL,
  `ex` varchar(255) NOT NULL DEFAULT '0',
  PRIMARY KEY (`id_venta`)
) ENGINE=MyISAM AUTO_INCREMENT=251 DEFAULT CHARSET=utf8mb4 COLLATE=utf8mb4_0900_ai_ci;

--
-- Volcado de datos para la tabla `ventas`
--

INSERT INTO `ventas` (`id_venta`, `fact`, `factura`, `d_prov`, `nombre`, `id_cli`, `id_direc`, `id_compra`, `id_prod`, `costo_flete`, `flete`, `fact_fle`, `d_fletero`, `tara`, `bruto`, `Neto`, `peso_cliente`, `precio`, `im_tras_inv`, `im_rete_inv`, `total_inv`, `rfc_inv`, `aliasInv`, `folio_contra`, `fecha`, `id_user`, `status`, `acciones`, `zona`, `ex`) VALUES
(1, '23652', 'A30914', NULL, 'SAN PABLO', '7', '18', '1', '4', '0', '1', NULL, NULL, NULL, NULL, NULL, '24740', '4.50', NULL, NULL, NULL, NULL, NULL, NULL, '2025-07-09 06:00:00', '1', '1', '0', '1', '0'),
(2, '11955/167000', 'A30898', NULL, 'BIO PAPPEL', '2', '13', '2', '11', '15005', '29', '935', 'archivos/LAISA/2025/07/EA_B186_935_250728', NULL, NULL, NULL, '21300', '5.29', '2400.800', '600.200', '16805.600', 'LAI4802211H2', 'LAISA', '17876', '2025-07-25 06:00:00', '1', '1', '0', '1', '0'),
(13, '20767', NULL, NULL, '20767', '3', '14', '16', '3', '50701.1', '28', '19775', 'archivos/LAISA/2025/07/EA_D227_19775_250730', NULL, NULL, NULL, '26270', '5.3', '8112.180', '2028.040', '56785.240', 'LAI4802211H2', 'LAISA', '17865', '2025-07-30 06:00:00', '1', '1', '0', '1', '2'),
(14, '114376', '', NULL, '114376', '7', '18', '17', '9', '7505', '4', '8671', 'archivos/LAISA/2025/08/EA_A420_8671_250804', NULL, NULL, NULL, '17660', '5.37', '1200.800', '300.200', '8405.600', 'LAI4802211H2', 'LAISA', '17654', '2025-07-25 06:00:00', '1', '1', '0', '1', '2'),
(15, '20758', 'A30915', NULL, '20758', '3', '14', '18', '3', '1930', '10', NULL, NULL, NULL, NULL, NULL, '26040', '5.3', NULL, NULL, NULL, NULL, NULL, NULL, '2025-07-25 06:00:00', '1', '1', '0', '1', '2'),
(16, '11959-167134', 'A30918', NULL, '11959-167134', '3', '14', '19', '11', '14350', '10', NULL, NULL, NULL, NULL, NULL, '22700', '5.3', NULL, NULL, NULL, NULL, NULL, NULL, '2025-07-28 06:00:00', '1', '1', '0', '1', '2'),
(17, '114378', 'A30931', NULL, '114378', '7', '18', '20', '9', '7505', '4', NULL, NULL, NULL, NULL, NULL, '21140', '5.37', NULL, NULL, NULL, NULL, NULL, NULL, '2025-07-25 06:00:00', '1', '1', '0', '1', '2'),
(18, '11965-167336', 'A30932', NULL, '11965-167336', '3', '14', '21', '11', '14350', '10', NULL, NULL, NULL, NULL, NULL, '24400', '5.3', NULL, NULL, NULL, NULL, NULL, NULL, '2025-07-30 06:00:00', '1', '1', '0', '1', '2'),
(19, '10135', 'A30945', NULL, '10135', '2', '13', '22', '9', '15005', '29', NULL, NULL, NULL, NULL, NULL, '20055', '5.29', NULL, NULL, NULL, NULL, NULL, NULL, '2025-07-30 06:00:00', '1', '1', '0', '1', '2'),
(20, '20768', 'A30992', NULL, '20768', '3', '14', '23', '3', '1930', '10', NULL, NULL, NULL, NULL, NULL, '29430', '5.3', NULL, NULL, NULL, NULL, NULL, NULL, '2025-07-31 06:00:00', '1', '1', '0', '1', '2'),
(21, '11966-167514', 'A30993', NULL, '11966-167514', '3', '14', '24', '11', '14350', '10', NULL, NULL, NULL, NULL, NULL, '23200', '5.3', NULL, NULL, NULL, NULL, NULL, NULL, '2025-07-31 06:00:00', '1', '1', '0', '1', '2'),
(22, '11957-167076', 'A31230', NULL, '11957-167076', '3', '14', '25', '20', '14350', '30', NULL, NULL, NULL, NULL, NULL, '21600', '5.3', NULL, NULL, NULL, NULL, NULL, NULL, '2025-07-26 06:00:00', '1', '1', '0', '1', '2'),
(23, '20765', 'A31088', NULL, '20765', '3', '14', '26', '3', '50759', '28', NULL, NULL, NULL, NULL, NULL, '26300', '5.3', NULL, NULL, NULL, NULL, NULL, NULL, '2025-07-29 06:00:00', '1', '1', '0', '1', '2'),
(24, '114388', 'A31095', NULL, '114388', '6', '17', '27', '9', '0', '3', NULL, NULL, NULL, NULL, NULL, '21190', '3.8', NULL, NULL, NULL, NULL, NULL, NULL, '2025-08-08 06:00:00', '1', '1', '0', '1', '2'),
(25, '20766', 'A31164', NULL, '20766', '3', '14', '28', '3', '49369.4', '20', NULL, NULL, NULL, NULL, NULL, '25580', '5.3', NULL, NULL, NULL, NULL, NULL, NULL, '2025-07-30 06:00:00', '1', '1', '0', '1', '2'),
(26, '114392', 'A31069', NULL, '114392', '7', '18', '29', '9', '7505', '4', NULL, NULL, NULL, NULL, NULL, '17270', '5.37', NULL, NULL, NULL, NULL, NULL, NULL, '2025-07-30 06:00:00', '1', '1', '0', '1', '2'),
(27, '114393', 'A31070', NULL, '114393', '7', '18', '30', '9', '7505', '4', NULL, NULL, NULL, NULL, NULL, '17000', '5.37', NULL, NULL, NULL, NULL, NULL, NULL, '2025-07-30 06:00:00', '1', '1', '0', '1', '2'),
(28, '1487', 'A31082', NULL, '1487', '7', '18', '31', '1', '49415.52', '26', NULL, NULL, NULL, NULL, NULL, '25872', '5.58', NULL, NULL, NULL, NULL, NULL, NULL, '2025-07-31 06:00:00', '1', '1', '0', '1', '2'),
(29, '114335', 'A31058', NULL, '114335', '7', '18', '32', '6', '0', '3', NULL, NULL, NULL, NULL, NULL, '19110', '4.6', NULL, NULL, NULL, NULL, NULL, NULL, '2025-08-01 06:00:00', '1', '1', '0', '1', '2'),
(30, '114336', 'A31059', NULL, '114336', '7', '18', '33', '6', '0', '3', NULL, NULL, NULL, NULL, NULL, '22710', '4.6', NULL, NULL, NULL, NULL, NULL, NULL, '2025-07-31 06:00:00', '1', '1', '0', '1', '2'),
(31, '114337', 'A31064', NULL, '114337', '6', '17', '34', '6', '0', '3', NULL, NULL, NULL, NULL, NULL, '6600', '1.2', NULL, NULL, NULL, NULL, NULL, NULL, '2025-07-31 06:00:00', '1', '1', '0', '1', '2'),
(32, '114398', 'A31071', NULL, '114398', '7', '18', '35', '9', '7505', '4', NULL, NULL, NULL, NULL, NULL, '8980', '5.37', NULL, NULL, NULL, NULL, NULL, NULL, '2025-07-31 06:00:00', '1', '1', '0', '1', '2'),
(33, '114400', 'A31072', NULL, '114400', '7', '18', '36', '9', '7505', '4', NULL, NULL, NULL, NULL, NULL, '8490', '5.37', NULL, NULL, NULL, NULL, NULL, NULL, '2025-07-31 06:00:00', '1', '1', '0', '1', '2'),
(34, '114401', 'A31096', NULL, '114401', '6', '17', '37', '9', '0', '3', NULL, NULL, NULL, NULL, NULL, '22040', '3.8', NULL, NULL, NULL, NULL, NULL, NULL, '2025-07-31 06:00:00', '1', '1', '0', '1', '2'),
(35, '10136', 'A31091', NULL, '10136', '2', '13', '38', '2', '15005', '29', NULL, NULL, NULL, NULL, NULL, '19826', '5.29', NULL, NULL, NULL, NULL, NULL, NULL, '2025-08-01 06:00:00', '1', '1', '0', '1', '2'),
(36, '20773', 'A31089', NULL, '20773', '3', '14', '39', '3', '50237.9', '15', NULL, NULL, NULL, NULL, NULL, '26030', '5.3', NULL, NULL, NULL, NULL, NULL, NULL, '2025-08-01 06:00:00', '1', '1', '0', '1', '2'),
(37, '23708', 'A31066', NULL, '23708', '7', '18', '40', '4', '0', '3', NULL, NULL, NULL, NULL, NULL, '23270', '4.5', NULL, NULL, NULL, NULL, NULL, NULL, '2025-08-01 06:00:00', '1', '1', '0', '1', '2'),
(38, '23709', 'A31067', NULL, '23709', '7', '18', '41', '4', '0', '3', NULL, NULL, NULL, NULL, NULL, '25160', '4.5', NULL, NULL, NULL, NULL, NULL, NULL, '2025-08-01 06:00:00', '1', '1', '0', '1', '2'),
(39, '7531M13413', 'A31054', NULL, '7531M13413', '7', '18', '42', '7', '16506.6', '23', '3574', 'archivos/LAISA/2025/09/EA_C600_3574_250908', NULL, NULL, NULL, '25010', '5.39', '2641.060', '660.260', '18487.400', 'LAI4802211H2', 'LAISA', '17885', '2025-08-01 06:00:00', '1', '1', '0', '1', '2'),
(40, '114338', 'A31060', NULL, '114338', '7', '18', '43', '6', '0', '3', NULL, NULL, NULL, NULL, NULL, '22660', '4.6', NULL, NULL, NULL, NULL, NULL, NULL, '2025-08-01 06:00:00', '1', '1', '0', '1', '2'),
(41, '114340', 'A31138', NULL, '114340', '7', '18', '44', '6', '0', '3', NULL, NULL, NULL, NULL, NULL, '22710', '4.6', NULL, NULL, NULL, NULL, NULL, NULL, '2025-08-01 06:00:00', '1', '1', '0', '1', '2'),
(42, '114403', 'A31073', NULL, '114403', '7', '18', '45', '9', '7505', '4', NULL, NULL, NULL, NULL, NULL, '7310', '5.37', NULL, NULL, NULL, NULL, NULL, NULL, '2025-08-01 06:00:00', '1', '1', '0', '1', '2'),
(43, '20776', 'A31090', NULL, '20776', '3', '14', '46', '3', '49967.7', '28', NULL, NULL, NULL, NULL, NULL, '25890', '5.3', NULL, NULL, NULL, NULL, NULL, NULL, '2025-08-02 06:00:00', '1', '1', '0', '1', '2'),
(44, '20775', 'A31165', NULL, '20775', '3', '14', '47', '3', '48172.8', '20', '21928', 'archivos/LAISA/2025/08/EA_T237_21928_250804', NULL, NULL, NULL, '24960', '5.3', '7707.650', '1926.910', '53953.540', 'LAI4802211H2', 'LAISA', '17836', '2025-08-02 06:00:00', '1', '1', '0', '1', '2'),
(45, '23710', 'A31068', NULL, '23710', '7', '18', '48', '4', '0', '3', NULL, NULL, NULL, NULL, NULL, '23460', '4.5', NULL, NULL, NULL, NULL, NULL, NULL, '2025-08-02 06:00:00', '1', '1', '0', '1', '2'),
(46, '7531M13414', 'A31055', NULL, '7531M13414', '7', '18', '49', '7', '16407.6', '23', '3577', 'archivos/LAISA/2025/09/EA_C600_3577_250908', NULL, NULL, NULL, '24860', '5.39', '2625.220', '656.300', '18376.520', 'LAI4802211H2', 'LAISA', '17885', '2025-08-02 06:00:00', '1', '1', '0', '1', '2'),
(47, '7531M13415', 'A31056', NULL, '7531M13415', '7', '18', '50', '7', '16222.8', '23', '3391', 'archivos/LAISA/2025/08/EA_C600_3391_250806', NULL, NULL, NULL, '24580', '5.39', '2595.650', '648.910', '18169.540', 'LAI4802211H2', 'LAISA', '17740', '2025-08-02 06:00:00', '1', '1', '0', '1', '2'),
(48, '114341', 'A31061', NULL, '114341', '7', '18', '51', '6', '0', '3', NULL, NULL, NULL, NULL, NULL, '20200', '4.6', NULL, NULL, NULL, NULL, NULL, NULL, '2025-08-02 06:00:00', '1', '1', '0', '1', '2'),
(49, '114343', 'A31062', NULL, '114343', '7', '18', '52', '6', '0', '3', NULL, NULL, NULL, NULL, NULL, '22400', '4.6', NULL, NULL, NULL, NULL, NULL, NULL, '2025-08-02 06:00:00', '1', '1', '0', '1', '2'),
(50, '114342', 'A31065', NULL, '114342', '6', '17', '53', '6', '0', '3', NULL, NULL, NULL, NULL, NULL, '8840', '1.2', NULL, NULL, NULL, NULL, NULL, NULL, '2025-08-02 06:00:00', '1', '1', '0', '1', '2'),
(51, '114404', 'A31074', NULL, '114404', '7', '18', '54', '9', '7505', '4', NULL, NULL, NULL, NULL, NULL, '18130', '5.37', NULL, NULL, NULL, NULL, NULL, NULL, '2025-08-02 06:00:00', '1', '1', '0', '1', '2'),
(52, '10138', 'A31053', NULL, '10138', '2', '13', '55', '2', '15005', '29', NULL, NULL, NULL, NULL, NULL, '19516', '5.29', NULL, NULL, NULL, NULL, NULL, NULL, '2025-08-03 06:00:00', '1', '1', '0', '1', '2'),
(53, '11971-167765', 'A31172', NULL, '11971-167765', '3', '14', '56', '20', '14350', '10', NULL, NULL, NULL, NULL, NULL, '24000', '5.3', NULL, NULL, NULL, NULL, NULL, NULL, '2025-08-04 06:00:00', '1', '1', '0', '1', '2'),
(54, '7531M13419', 'A31057', NULL, '7531M13419', '7', '18', '57', '7', '16018.2', '23', '3583', 'archivos/LAISA/2025/09/EA_C600_3583_250908', NULL, NULL, NULL, '24270', '5.39', '2562.910', '640.730', '17940.380', 'LAI4802211H2', 'LAISA', '17885', '2025-08-04 06:00:00', '1', '1', '0', '1', '2'),
(55, '114344', 'A31063', NULL, '114344', '7', '18', '58', '6', '0', '3', NULL, NULL, NULL, NULL, NULL, '20120', '4.6', NULL, NULL, NULL, NULL, NULL, NULL, '2025-08-04 06:00:00', '1', '1', '0', '1', '2'),
(56, '114408', 'A31075', NULL, '114408', '7', '18', '59', '9', '7505', '4', NULL, NULL, NULL, NULL, NULL, '17940', '5.37', NULL, NULL, NULL, NULL, NULL, NULL, '2025-08-04 06:00:00', '1', '1', '0', '1', '2'),
(57, '114409', 'A31076', NULL, '114409', '7', '18', '60', '9', '7505', '4', NULL, NULL, NULL, NULL, NULL, '7810', '5.37', NULL, NULL, NULL, NULL, NULL, NULL, '2025-08-04 06:00:00', '1', '1', '0', '1', '2'),
(58, '114410', 'A31158', NULL, '114410', '6', '17', '61', '9', '0', '3', NULL, NULL, NULL, NULL, NULL, '21640', '3.8', NULL, NULL, NULL, NULL, NULL, NULL, '2025-08-04 06:00:00', '1', '1', '0', '1', '2'),
(59, '20779', 'A31166', NULL, '20779', '3', '14', '62', '3', '50894.1', '28', NULL, NULL, NULL, NULL, NULL, '26370', '5.3', NULL, NULL, NULL, NULL, NULL, NULL, '2025-08-05 06:00:00', '1', '1', '0', '1', '2'),
(60, '23713', 'A31093', NULL, '23713', '7', '18', '63', '4', '0', '3', NULL, NULL, NULL, NULL, NULL, '24670', '4.5', NULL, NULL, NULL, NULL, NULL, NULL, '2025-08-05 06:00:00', '1', '1', '0', '1', '2'),
(61, '114345', 'A31140', NULL, '114345', '7', '18', '64', '6', '0', '3', NULL, NULL, NULL, NULL, NULL, '19360', '4.6', NULL, NULL, NULL, NULL, NULL, NULL, '2025-08-05 06:00:00', '1', '1', '0', '1', '2'),
(62, '114346', 'A31141', NULL, '114346', '7', '18', '65', '6', '0', '3', NULL, NULL, NULL, NULL, NULL, '19770', '4.6', NULL, NULL, NULL, NULL, NULL, NULL, '2025-08-05 06:00:00', '1', '1', '0', '1', '2'),
(63, '114412', 'A31159', NULL, '114412', '6', '17', '66', '9', '0', '3', NULL, NULL, NULL, NULL, NULL, '21280', '3.8', NULL, NULL, NULL, NULL, NULL, NULL, '2025-08-05 06:00:00', '1', '1', '0', '1', '2'),
(64, '10139', 'A31092', NULL, '10139', '2', '13', '67', '2', '15005', '29', NULL, NULL, NULL, NULL, NULL, '19911', '5.29', NULL, NULL, NULL, NULL, NULL, NULL, '2025-08-06 06:00:00', '1', '1', '0', '1', '2'),
(65, '11970-167930', 'A31097', NULL, '11970-167930', '3', '14', '68', '20', '14350', '10', NULL, NULL, NULL, NULL, NULL, '21900', '5.3', NULL, NULL, NULL, NULL, NULL, NULL, '2025-08-06 06:00:00', '1', '1', '0', '1', '2'),
(66, '20786', 'A31167', NULL, '20786', '3', '14', '69', '3', '46976.2', '10', NULL, NULL, NULL, NULL, NULL, '24340', '5.3', NULL, NULL, NULL, NULL, NULL, NULL, '2025-08-06 06:00:00', '1', '1', '0', '1', '2'),
(67, '20787', 'A31168', NULL, '20787', '3', '14', '70', '3', '48250', '28', NULL, NULL, NULL, NULL, NULL, '25000', '5.3', NULL, NULL, NULL, NULL, NULL, NULL, '2025-08-06 06:00:00', '1', '1', '0', '1', '2'),
(68, '23714', 'A31094', NULL, '23714', '7', '18', '71', '4', '0', '3', NULL, NULL, NULL, NULL, NULL, '22790', '4.5', NULL, NULL, NULL, NULL, NULL, NULL, '2025-08-06 06:00:00', '1', '1', '0', '1', '2'),
(69, '114348', 'A31143', NULL, '114348', '7', '18', '72', '6', '0', '3', NULL, NULL, NULL, NULL, NULL, '18230', '4.6', NULL, NULL, NULL, NULL, NULL, NULL, '2025-08-06 06:00:00', '1', '1', '0', '1', '2'),
(70, '114349', 'A31144', NULL, '114349', '7', '18', '73', '6', '0', '3', NULL, NULL, NULL, NULL, NULL, '20950', '4.6', NULL, NULL, NULL, NULL, NULL, NULL, '2025-08-06 06:00:00', '1', '1', '0', '1', '2'),
(71, '114347', 'A31161', NULL, '114347', '6', '17', '74', '6', '0', '3', NULL, NULL, NULL, NULL, NULL, '8860', '1.2', NULL, NULL, NULL, NULL, NULL, NULL, '2025-08-06 06:00:00', '1', '1', '0', '1', '2'),
(72, '114416', 'A31160', NULL, '114416', '6', '17', '75', '9', '0', '3', NULL, NULL, NULL, NULL, NULL, '21160', '3.8', NULL, NULL, NULL, NULL, NULL, NULL, '2025-08-06 06:00:00', '1', '1', '0', '1', '2'),
(73, '114415', 'A31209', NULL, '114415', '6', '17', '76', '16', '0', '3', NULL, NULL, NULL, NULL, NULL, '21510', '3.8', NULL, NULL, NULL, NULL, NULL, NULL, '2025-08-06 06:00:00', '1', '1', '0', '1', '2'),
(74, '11972-168072', 'A31173', NULL, '11972-168072', '3', '14', '77', '20', '14350', '10', NULL, NULL, NULL, NULL, NULL, '25400', '5.3', NULL, NULL, NULL, NULL, NULL, NULL, '2025-08-07 06:00:00', '1', '1', '0', '1', '2'),
(75, '20789', 'A31169', NULL, '20789', '3', '14', '78', '3', '47034.1', '20', '21978', 'archivos/LAISA/2025/08/EA_T237_21978_250807', NULL, NULL, NULL, '24370', '5.3', '7525.460', '1881.360', '52678.200', 'LAI4802211H2', 'LAISA', '17769', '2025-08-07 06:00:00', '1', '1', '0', '1', '2'),
(76, '23715', 'A31151', NULL, '23715', '7', '18', '79', '4', '0', '3', NULL, NULL, NULL, NULL, NULL, '24010', '4.5', NULL, NULL, NULL, NULL, NULL, NULL, '2025-08-07 06:00:00', '1', '1', '0', '1', '2'),
(77, '23716', 'A31154', NULL, '23716', '7', '18', '80', '4', '0', '3', NULL, NULL, NULL, NULL, NULL, '24920', '4.5', NULL, NULL, NULL, NULL, NULL, NULL, '2025-08-07 06:00:00', '1', '1', '0', '1', '2'),
(78, '148458', 'A31098', NULL, '148458', '4', '15', '81', '5', '0', '3', NULL, NULL, NULL, NULL, NULL, '10563', '3.88', NULL, NULL, NULL, NULL, NULL, NULL, '2025-08-07 06:00:00', '1', '1', '0', '1', '2'),
(79, '7540M114350', 'A31145', NULL, '114350', '7', '18', '82', '6', '0', '3', NULL, NULL, NULL, NULL, NULL, '21890', '4.6', NULL, NULL, NULL, NULL, NULL, NULL, '2025-08-07 06:00:00', '1', '1', '0', '1', '2'),
(80, '7540M114353', 'A31147', NULL, '114353', '7', '18', '83', '6', '0', '3', NULL, NULL, NULL, NULL, NULL, '20950', '4.6', NULL, NULL, NULL, NULL, NULL, NULL, '2025-08-07 06:00:00', '1', '1', '0', '1', '2'),
(81, '7540M114354', 'A31148', NULL, '114354', '7', '18', '84', '6', '0', '3', NULL, NULL, NULL, NULL, NULL, '18230', '4.6', NULL, NULL, NULL, NULL, NULL, NULL, '2025-08-07 06:00:00', '1', '1', '0', '1', '2'),
(82, '7540M114351', 'A31162', NULL, '114351', '6', '17', '85', '6', '0', '3', NULL, NULL, NULL, NULL, NULL, '4290', '1.2', NULL, NULL, NULL, NULL, NULL, NULL, '2025-08-07 06:00:00', '1', '1', '0', '1', '2'),
(83, '7540M114352', 'A31163', NULL, '114352', '6', '17', '86', '6', '0', '3', NULL, NULL, NULL, NULL, NULL, '3810', '1.2', NULL, NULL, NULL, NULL, NULL, NULL, '2025-08-07 06:00:00', '1', '1', '0', '1', '2'),
(84, '114421', 'A31157', NULL, '114421', '7', '18', '87', '9', '7505', '4', NULL, NULL, NULL, NULL, NULL, '18340', '5.37', NULL, NULL, NULL, NULL, NULL, NULL, '2025-08-07 06:00:00', '1', '1', '0', '1', '2'),
(85, '20790', 'A31170', NULL, '20790', '3', '14', '88', '3', '43096.9', '31', '3309', 'archivos/LAISA/2025/08/EA_E246_3309_250808', NULL, NULL, NULL, '22330', '5.3', '6895.500', '1723.880', '48268.520', 'LAI4802211H2', 'LAISA', '17837', '2025-08-08 06:00:00', '1', '1', '0', '1', '2'),
(86, '23717', 'A31156', NULL, '23717', '7', '18', '89', '4', '0', '3', NULL, NULL, NULL, NULL, NULL, '24840', '4.5', NULL, NULL, NULL, NULL, NULL, NULL, '2025-08-08 06:00:00', '1', '1', '0', '1', '2'),
(87, '23718', 'A31188', NULL, '23718', '7', '18', '90', '4', '0', '3', NULL, NULL, NULL, NULL, NULL, '23700', '4.5', NULL, NULL, NULL, NULL, NULL, NULL, '2025-08-08 06:00:00', '1', '1', '0', '1', '2'),
(88, '23719', 'A31189', NULL, '23719', '7', '18', '91', '4', '0', '3', NULL, NULL, NULL, NULL, NULL, '24550', '4.5', NULL, NULL, NULL, NULL, NULL, NULL, '2025-08-08 06:00:00', '1', '1', '0', '1', '2'),
(89, '7531M13421', 'A31131', NULL, '7531M13421', '7', '18', '92', '7', '16196.4', '23', '3575', 'archivos/LAISA/2025/09/EA_C600_3575_250908', NULL, NULL, NULL, '24540', '5.39', '2591.420', '647.860', '18139.960', 'LAI4802211H2', 'LAISA', '17885', '2025-08-08 06:00:00', '1', '1', '0', '1', '2'),
(90, '7531M13423', 'A31134', NULL, '7531M13423', '7', '18', '93', '7', '16183.2', '23', '3420', 'archivos/LAISA/2025/08/EA_C600_3420_250814', NULL, NULL, NULL, '24520', '5.39', '2589.310', '647.330', '18125.180', 'LAI4802211H2', 'LAISA', '17740', '2025-08-08 06:00:00', '1', '1', '0', '1', '2'),
(91, '7531M13428', 'A31136', NULL, '7531M13428', '7', '18', '94', '7', '16480.2', '23', '3421', 'archivos/LAISA/2025/08/EA_C600_3421_250814', NULL, NULL, NULL, '24970', '5.39', '2636.830', '659.210', '18457.820', 'LAI4802211H2', 'LAISA', '17740', '2025-08-08 06:00:00', '1', '1', '0', '1', '2'),
(92, '7540M114355', 'A31192', NULL, '114355', '7', '18', '95', '6', '0', '3', NULL, NULL, NULL, NULL, NULL, '18990', '4.6', NULL, NULL, NULL, NULL, NULL, NULL, '2025-08-08 06:00:00', '1', '1', '0', '1', '2'),
(93, '7540M114358', 'A31198', NULL, '114358', '6', '17', '96', '6', '0', '3', NULL, NULL, NULL, NULL, NULL, '7660', '1.2', NULL, NULL, NULL, NULL, NULL, NULL, '2025-08-08 06:00:00', '1', '1', '0', '1', '2'),
(94, '7540M114357', 'A31251', NULL, '114357', '6', '17', '97', '6', '0', '3', NULL, NULL, NULL, NULL, NULL, '13320', '1.2', NULL, NULL, NULL, NULL, NULL, NULL, '2025-08-08 06:00:00', '1', '1', '0', '1', '2'),
(95, '114422', 'A31211', NULL, '114422', '6', '17', '98', '16', '0', '3', NULL, NULL, NULL, NULL, NULL, '21470', '3.8', NULL, NULL, NULL, NULL, NULL, NULL, '2025-08-08 06:00:00', '1', '1', '0', '1', '2'),
(96, '114423', 'A31213', NULL, '114423', '6', '17', '99', '16', '0', '3', NULL, NULL, NULL, NULL, NULL, '21370', '3.8', NULL, NULL, NULL, NULL, NULL, NULL, '2025-08-08 06:00:00', '1', '1', '0', '1', '2'),
(97, '114424', 'A31214', NULL, '114424', '6', '17', '100', '16', '0', '3', NULL, NULL, NULL, NULL, NULL, '20990', '3.8', NULL, NULL, NULL, NULL, NULL, NULL, '2025-08-08 06:00:00', '1', '1', '0', '1', '2'),
(98, '11974-168284', 'A31175', NULL, '11974-168284', '3', '14', '101', '20', '14350', '10', NULL, NULL, NULL, NULL, NULL, '22580', '5.3', NULL, NULL, NULL, NULL, NULL, NULL, '2025-08-09 06:00:00', '1', '1', '0', '1', '2'),
(99, '20791', 'A31171', NULL, '20791', '3', '14', '102', '3', '46416.5', '30', NULL, NULL, NULL, NULL, NULL, '24050', '5.3', NULL, NULL, NULL, NULL, NULL, NULL, '2025-08-09 06:00:00', '1', '1', '0', '1', '2'),
(100, '20793', 'A31174', NULL, '20793', '3', '14', '103', '3', '49292.2', '28', NULL, NULL, NULL, NULL, NULL, '25540', '5.3', NULL, NULL, NULL, NULL, NULL, NULL, '2025-08-09 06:00:00', '1', '1', '0', '1', '2'),
(101, '7531M13433', 'A31242', NULL, '7531M13433', '7', '18', '104', '7', '16427.4', '23', '3422', 'archivos/LAISA/2025/08/EA_C600_3422_250814', NULL, NULL, NULL, '24890', '5.39', '2628.380', '657.100', '18398.680', 'LAI4802211H2', 'LAISA', '17740', '2025-08-09 06:00:00', '1', '1', '0', '1', '2'),
(102, '7540M114359', 'A31199', NULL, '114359', '6', '17', '105', '6', '0', '3', NULL, NULL, NULL, NULL, NULL, '7640', '1.2', NULL, NULL, NULL, NULL, NULL, NULL, '2025-08-09 06:00:00', '1', '1', '0', '1', '2'),
(103, '114360', 'A31193', NULL, '114360', '7', '18', '106', '6', '0', '3', NULL, NULL, NULL, NULL, NULL, '19310', '4.6', NULL, NULL, NULL, NULL, NULL, NULL, '2025-08-09 06:00:00', '1', '1', '0', '1', '2'),
(104, '114428', 'A31203', NULL, '114428', '7', '18', '107', '9', '7505', '4', '8713', 'archivos/LAISA/2025/08/EA_A420_8713_250809', NULL, NULL, NULL, '5660', '5.37', '1200.800', '300.200', '8405.600', 'LAI4802211H2', 'LAISA', '17748', '2025-08-09 06:00:00', '1', '1', '0', '1', '2'),
(105, '114429', 'A31204', NULL, '114429', '7', '18', '108', '9', '7505', '4', '8714', 'archivos/LAISA/2025/08/EA_A420_8714_250809', NULL, NULL, NULL, '17770', '5.37', '1200.800', '300.200', '8405.600', 'LAI4802211H2', 'LAISA', '17748', '2025-08-09 06:00:00', '1', '1', '0', '1', '2'),
(106, '114431', 'A31215', NULL, '114431', '6', '17', '109', '16', '0', '3', NULL, NULL, NULL, NULL, NULL, '21690', '3.8', NULL, NULL, NULL, NULL, NULL, NULL, '2025-08-09 06:00:00', '1', '1', '0', '1', '2'),
(107, '114370', 'A31194', NULL, '114370', '7', '18', '110', '6', '0', '3', NULL, NULL, NULL, NULL, NULL, '22140', '4.6', NULL, NULL, NULL, NULL, NULL, NULL, '2025-08-10 06:00:00', '1', '1', '0', '1', '2'),
(108, '114371', 'A31195', NULL, '114371', '7', '18', '111', '6', '0', '3', NULL, NULL, NULL, NULL, NULL, '21930', '4.6', NULL, NULL, NULL, NULL, NULL, NULL, '2025-08-10 06:00:00', '1', '1', '0', '1', '2'),
(109, '114373', 'A31196', NULL, '114373', '7', '18', '112', '6', '0', '3', NULL, NULL, NULL, NULL, NULL, '20070', '4.6', NULL, NULL, NULL, NULL, NULL, NULL, '2025-08-11 06:00:00', '1', '1', '0', '1', '2'),
(110, '114435', 'A31205', NULL, '114435', '7', '18', '113', '9', '7505', '4', NULL, NULL, NULL, NULL, NULL, '17830', '5.37', NULL, NULL, NULL, NULL, NULL, NULL, '2025-08-11 06:00:00', '1', '1', '0', '1', '2'),
(111, '114434', 'A31217', NULL, '114434', '6', '17', '114', '16', '0', '3', NULL, NULL, NULL, NULL, NULL, '21480', '3.8', NULL, NULL, NULL, NULL, NULL, NULL, '2025-08-11 06:00:00', '1', '1', '0', '1', '2'),
(112, '10141', 'A31190', NULL, '10141', '2', '13', '115', '2', '15005', '29', NULL, NULL, NULL, NULL, NULL, '20103', '5.29', NULL, NULL, NULL, NULL, NULL, NULL, '2025-08-12 06:00:00', '1', '1', '0', '1', '2'),
(113, '20796', 'A31255', NULL, '20796', '3', '14', '116', '3', '38136.8', '20', '22022', 'archivos/LAISA/2025/08/EA_T237_22022_250813', NULL, NULL, NULL, '19760', '5.3', '6101.890', '1525.470', '42713.220', 'LAI4802211H2', 'LAISA', '17769', '2025-08-12 06:00:00', '1', '1', '0', '1', '2'),
(114, '23721', 'A31201', NULL, '23721', '7', '18', '117', '4', '0', '3', NULL, NULL, NULL, NULL, NULL, '24410', '4.5', NULL, NULL, NULL, NULL, NULL, NULL, '2025-08-12 06:00:00', '1', '1', '0', '1', '2'),
(115, '148514', 'A31191', NULL, '148514', '4', '15', '118', '5', '0', '3', NULL, NULL, NULL, NULL, NULL, '11356', '3.88', NULL, NULL, NULL, NULL, NULL, NULL, '2025-08-12 06:00:00', '1', '1', '0', '1', '2'),
(116, '114374', 'A31197', NULL, '114374', '7', '18', '119', '6', '0', '3', NULL, NULL, NULL, NULL, NULL, '21450', '4.6', NULL, NULL, NULL, NULL, NULL, NULL, '2025-08-12 06:00:00', '1', '1', '0', '1', '2'),
(117, '114439', 'A31254', NULL, '114439', '6', '17', '120', '16', '0', '3', NULL, NULL, NULL, NULL, NULL, '21720', '3.8', NULL, NULL, NULL, NULL, NULL, NULL, '2025-08-12 06:00:00', '1', '1', '0', '1', '2'),
(118, '20797', 'A31256', NULL, '20797', '3', '14', '121', '3', '48307.9', '28', NULL, NULL, NULL, NULL, NULL, '25030', '5.3', NULL, NULL, NULL, NULL, NULL, NULL, '2025-08-13 06:00:00', '1', '1', '0', '1', '2'),
(119, '20800', 'A31257', NULL, '20800', '3', '14', '122', '3', '49909.8', '27', NULL, NULL, NULL, NULL, NULL, '25860', '5.3', NULL, NULL, NULL, NULL, NULL, NULL, '2025-08-13 06:00:00', '1', '1', '0', '1', '2'),
(120, '23722', 'A31202', NULL, '23722', '7', '18', '123', '4', '0', '3', NULL, NULL, NULL, NULL, NULL, '23960', '4.5', NULL, NULL, NULL, NULL, NULL, NULL, '2025-08-13 06:00:00', '1', '1', '0', '1', '2'),
(121, '7531M13435', 'A31243', NULL, '7531M13435', '7', '18', '124', '7', '14328.6', '23', '3423', 'archivos/LAISA/2025/08/EA_C600_3423_250814', NULL, NULL, NULL, '21710', '5.39', '2292.580', '573.140', '16048.040', 'LAI4802211H2', 'LAISA', '17740', '2025-08-13 06:00:00', '1', '1', '0', '1', '2'),
(122, '7531M13439', 'A31244', NULL, '7531M13439', '7', '18', '125', '7', '16480.2', '23', '3578', 'archivos/LAISA/2025/09/EA_C600_3578_250908', NULL, NULL, NULL, '24970', '5.39', '2636.830', '659.210', '18457.820', 'LAI4802211H2', 'LAISA', '17885', '2025-08-13 06:00:00', '1', '1', '0', '1', '2'),
(123, '114381', 'A31252', NULL, '114381', '6', '17', '126', '6', '0', '3', NULL, NULL, NULL, NULL, NULL, '4510', '1.2', NULL, NULL, NULL, NULL, NULL, NULL, '2025-08-13 06:00:00', '1', '1', '0', '1', '2'),
(124, '114445', 'A31249', NULL, '114445', '7', '18', '127', '9', '7505', '4', NULL, NULL, NULL, NULL, NULL, '17990', '5.37', NULL, NULL, NULL, NULL, NULL, NULL, '2025-08-13 06:00:00', '1', '1', '0', '1', '2'),
(125, '10143', 'A31241', NULL, '10143', '2', '13', '128', '2', '15005', '29', '947', 'archivos/LAISA/2025/08/EA_B186_947_250818', NULL, NULL, NULL, '19744', '5.29', '2400.800', '600.200', '16805.600', 'LAI4802211H2', 'LAISA', '17774', '2025-08-14 06:00:00', '1', '1', '0', '1', '2'),
(126, '20802', 'A31258', NULL, '20802', '3', '14', '129', '3', '49292.2', '27', NULL, NULL, NULL, NULL, NULL, '25540', '5.3', NULL, NULL, NULL, NULL, NULL, NULL, '2025-08-14 06:00:00', '1', '1', '0', '1', '2'),
(127, '148546', 'A31259', NULL, '148546', '4', '15', '130', '5', '0', '3', NULL, NULL, NULL, NULL, NULL, '11006', '3.88', NULL, NULL, NULL, NULL, NULL, NULL, '2025-08-14 06:00:00', '1', '1', '0', '1', '2'),
(128, '7531M13440', 'A31245', NULL, '7531M13440', '7', '18', '131', '7', '15721.2', '23', '3482', 'archivos/LAISA/2025/08/EA_C600_3482_250825', NULL, NULL, NULL, '23820', '5.39', '2515.390', '628.850', '17607.740', 'LAI4802211H2', 'LAISA', '17797', '2025-08-14 06:00:00', '1', '1', '0', '1', '2'),
(129, '114383', 'A31248', NULL, '114383', '7', '18', '132', '6', '0', '3', NULL, NULL, NULL, NULL, NULL, '20760', '4.6', NULL, NULL, NULL, NULL, NULL, NULL, '2025-08-14 06:00:00', '1', '1', '0', '1', '2'),
(130, '114382', 'A31253', NULL, '114382', '6', '17', '133', '6', '0', '3', NULL, NULL, NULL, NULL, NULL, '5760', '1.2', NULL, NULL, NULL, NULL, NULL, NULL, '2025-08-14 06:00:00', '1', '1', '0', '1', '2'),
(131, '114449', 'A31250', NULL, '114449', '7', '18', '134', '9', '7505', '4', NULL, NULL, NULL, NULL, NULL, '17660', '5.37', NULL, NULL, NULL, NULL, NULL, NULL, '2025-08-14 06:00:00', '1', '1', '0', '1', '2'),
(132, '1488', 'A31387', NULL, '1488', '7', '18', '135', '1', '49449.9', '26', NULL, NULL, NULL, NULL, NULL, '25890', '5.58', NULL, NULL, NULL, NULL, NULL, NULL, '2025-08-07 06:00:00', '1', '1', '0', '1', '2'),
(133, '7538M20794', 'A31362', NULL, '7538M20794', '3', '14', '136', '3', '47478', '20', '22017', 'archivos/LAISA/2025/08/EA_T237_22017_250812', NULL, NULL, NULL, '24600', '5.3', '7596.480', '1899.120', '53175.360', 'LAI4802211H2', 'LAISA', '17769', '2025-08-11 06:00:00', '1', '1', '0', '1', '2'),
(134, '20795', 'A31283', NULL, '20795', '3', '14', '137', '3', '42807.4', '32', NULL, NULL, NULL, NULL, NULL, '22180', '5.3', NULL, NULL, NULL, NULL, NULL, NULL, '2025-08-12 06:00:00', '1', '1', '0', '1', '2'),
(135, '7727M114440', 'A31351', NULL, '7727M114440', '6', '17', '138', '15', '0', '3', NULL, NULL, NULL, NULL, NULL, '7200', '1.2', NULL, NULL, NULL, NULL, NULL, NULL, '2025-08-12 06:00:00', '1', '1', '0', '1', '2'),
(136, '114441', 'A31281', NULL, '114441', '6', '17', '139', '16', '0', '3', NULL, NULL, NULL, NULL, NULL, '21570', '3.8', NULL, NULL, NULL, NULL, NULL, NULL, '2025-08-13 06:00:00', '1', '1', '0', '1', '2'),
(137, '114444', 'A31282', NULL, '114444', '6', '17', '140', '16', '0', '3', NULL, NULL, NULL, NULL, NULL, '21920', '3.8', NULL, NULL, NULL, NULL, NULL, NULL, '2025-08-13 06:00:00', '1', '1', '0', '1', '2'),
(138, '20805', 'A31302', NULL, '20805', '3', '14', '141', '3', '49948.4', '27', NULL, NULL, NULL, NULL, NULL, '25880', '5.3', NULL, NULL, NULL, NULL, NULL, NULL, '2025-08-15 06:00:00', '1', '1', '0', '1', '2'),
(139, '23723', 'A31280', NULL, '23723', '7', '18', '142', '4', '0', '3', NULL, NULL, NULL, NULL, NULL, '21700', '4.5', NULL, NULL, NULL, NULL, NULL, NULL, '2025-08-12 06:00:00', '1', '1', '0', '1', '2'),
(140, '7539M23724', 'A31295', NULL, '7539M23724', '7', '18', '143', '4', '0', '3', NULL, NULL, NULL, NULL, NULL, '24760', '4.5', NULL, NULL, NULL, NULL, NULL, NULL, '2025-08-15 06:00:00', '1', '1', '0', '1', '2'),
(141, '7531M13444', 'A31277', NULL, '7531M13444', '7', '18', '144', '7', '15648.6', '23', '3483', 'archivos/LAISA/2025/08/EA_C600_3483_250825', NULL, NULL, NULL, '23710', '5.39', '2503.780', '625.940', '17526.440', 'LAI4802211H2', 'LAISA', '17797', '2025-08-15 06:00:00', '1', '1', '0', '1', '2'),
(142, '7540M114385', 'A31343', NULL, '7540M114385', '7', '18', '145', '6', '0', '3', NULL, NULL, NULL, NULL, NULL, '21690', '4.6', NULL, NULL, NULL, NULL, NULL, NULL, '2025-08-15 06:00:00', '1', '1', '0', '1', '2'),
(143, '7540M114384', 'A31446', NULL, '7540M114384', '7', '18', '146', '6', '0', '3', NULL, NULL, NULL, NULL, NULL, '21290', '4.6', NULL, NULL, NULL, NULL, NULL, NULL, '2025-08-15 06:00:00', '1', '1', '0', '1', '2'),
(144, '114454', 'A31299', NULL, '114454', '7', '18', '147', '9', '7505', '4', NULL, NULL, NULL, NULL, NULL, '17860', '5.37', NULL, NULL, NULL, NULL, NULL, NULL, '2025-08-15 06:00:00', '1', '1', '0', '1', '2'),
(145, '114453', 'A31315', NULL, '114453', '6', '17', '148', '16', '0', '3', NULL, NULL, NULL, NULL, NULL, '21130', '3.8', NULL, NULL, NULL, NULL, NULL, NULL, '2025-08-15 06:00:00', '1', '1', '0', '1', '2'),
(146, '20807', 'A31284', NULL, '20807', '3', '14', '149', '3', '51299.4', '20', NULL, NULL, NULL, NULL, NULL, '26580', '5.3', NULL, NULL, NULL, NULL, NULL, NULL, '2025-08-16 06:00:00', '1', '1', '0', '1', '2'),
(147, '20809', 'A31304', NULL, '20809', '3', '14', '150', '3', '48153.5', '22', NULL, NULL, NULL, NULL, NULL, '24950', '5.3', NULL, NULL, NULL, NULL, NULL, NULL, '2025-08-16 06:00:00', '1', '1', '0', '1', '2'),
(148, '7539M23725', 'A31296', NULL, '7539M23725', '7', '18', '151', '4', '0', '3', NULL, NULL, NULL, NULL, NULL, '22970', '4.5', NULL, NULL, NULL, NULL, NULL, NULL, '2025-08-16 06:00:00', '1', '1', '0', '1', '2'),
(149, '7531M13446', 'A31278', NULL, '7531M13446', '7', '18', '152', '7', '16302', '23', '3484', 'archivos/LAISA/2025/08/EA_C600_3484_250825', NULL, NULL, NULL, '24700', '5.39', '2608.320', '652.080', '18258.240', 'LAI4802211H2', 'LAISA', '17797', '2025-08-16 06:00:00', '1', '1', '0', '1', '2'),
(150, '7531M13447', 'A31279', NULL, '7531M13447', '7', '18', '153', '7', '15252.6', '23', '3485', 'archivos/LAISA/2025/08/EA_C600_3485_250825', NULL, NULL, NULL, '23110', '5.39', '2440.420', '610.100', '17082.920', 'LAI4802211H2', 'LAISA', '17797', '2025-08-16 06:00:00', '1', '1', '0', '1', '2'),
(151, '7540M114387', 'A31344', NULL, '7540M114387', '7', '18', '154', '6', '0', '3', NULL, NULL, NULL, NULL, NULL, '21020', '4.6', NULL, NULL, NULL, NULL, NULL, NULL, '2025-08-16 06:00:00', '1', '1', '0', '1', '2'),
(152, '7540M114388', 'A31345', NULL, '7540M114388', '7', '18', '155', '6', '0', '3', NULL, NULL, NULL, NULL, NULL, '20550', '4.6', NULL, NULL, NULL, NULL, NULL, NULL, '2025-08-16 06:00:00', '1', '1', '0', '1', '2'),
(153, '7540M114386', 'A31349', NULL, '7540M114386', '6', '17', '156', '6', '0', '3', NULL, NULL, NULL, NULL, NULL, '6620', '1.2', NULL, NULL, NULL, NULL, NULL, NULL, '2025-08-16 06:00:00', '1', '1', '0', '1', '2'),
(154, '114456', 'A31317', NULL, '114456', '6', '17', '157', '16', '0', '3', NULL, NULL, NULL, NULL, NULL, '20850', '3.8', NULL, NULL, NULL, NULL, NULL, NULL, '2025-08-16 06:00:00', '1', '1', '0', '1', '2'),
(155, '7540M114389', 'A31346', NULL, '7540M114389', '7', '18', '158', '6', '0', '3', NULL, NULL, NULL, NULL, NULL, '19820', '4.6', NULL, NULL, NULL, NULL, NULL, NULL, '2025-08-17 06:00:00', '1', '1', '0', '1', '2'),
(156, '114457', 'A31300', NULL, '114457', '7', '18', '159', '9', '7505', '4', NULL, NULL, NULL, NULL, NULL, '17870', '5.37', NULL, NULL, NULL, NULL, NULL, NULL, '2025-08-17 06:00:00', '1', '1', '0', '1', '2'),
(157, '114460', 'A31301', NULL, '114460', '7', '18', '160', '9', '7505', '4', NULL, NULL, NULL, NULL, NULL, '17520', '5.37', NULL, NULL, NULL, NULL, NULL, NULL, '2025-08-17 06:00:00', '1', '1', '0', '1', '2'),
(158, '1489', 'A31388', NULL, '1489', '7', '18', '161', '1', '48433.78', '26', NULL, NULL, NULL, NULL, NULL, '25358', '5.58', NULL, NULL, NULL, NULL, NULL, NULL, '2025-08-18 06:00:00', '1', '1', '0', '1', '2'),
(159, '10144', 'A31276', NULL, '10144', '2', '13', '162', '2', '15005', '29', '948', 'archivos/LAISA/2025/08/EA_B186_948_250821', NULL, NULL, NULL, '19867', '5.29', '2400.800', '600.200', '16805.600', 'LAI4802211H2', 'LAISA', '17774', '2025-08-18 06:00:00', '1', '1', '0', '1', '2'),
(160, '7539M23726', 'A31297', NULL, '7539M23726', '7', '18', '163', '4', '0', '3', NULL, NULL, NULL, NULL, NULL, '22350', '4.5', NULL, NULL, NULL, NULL, NULL, NULL, '2025-08-18 06:00:00', '1', '1', '0', '1', '2'),
(161, '7540M114391', 'A31347', NULL, '7540M114391', '7', '18', '164', '6', '0', '3', NULL, NULL, NULL, NULL, NULL, '21140', '4.6', NULL, NULL, NULL, NULL, NULL, NULL, '2025-08-18 06:00:00', '1', '1', '0', '1', '2'),
(162, '7540M114390', 'A31350', NULL, '7540M114390', '6', '17', '165', '6', '0', '3', NULL, NULL, NULL, NULL, NULL, '6790', '1.2', NULL, NULL, NULL, NULL, NULL, NULL, '2025-08-18 06:00:00', '1', '1', '0', '1', '2'),
(163, '20810', 'A31309', NULL, '20810', '3', '14', '166', '3', '51724', '15', NULL, NULL, NULL, NULL, NULL, '26800', '5.3', NULL, NULL, NULL, NULL, NULL, NULL, '2025-08-19 06:00:00', '1', '1', '0', '1', '2'),
(164, '7539M23727', 'A31298', NULL, '7539M23727', '7', '18', '167', '4', '0', '3', NULL, NULL, NULL, NULL, NULL, '25940', '4.5', NULL, NULL, NULL, NULL, NULL, NULL, '2025-08-19 06:00:00', '1', '1', '0', '1', '2'),
(165, '7531M13448', 'A31293', NULL, '7531M13448', '7', '18', '168', '7', '16519.8', '23', '3557', 'archivos/LAISA/2025/09/EA_C600_3557_250903', NULL, NULL, NULL, '25030', '5.39', '2643.170', '660.790', '18502.180', 'LAI4802211H2', 'LAISA', '17879', '2025-08-19 06:00:00', '1', '1', '0', '1', '2'),
(166, '7531M13452', 'A31294', NULL, '7531M13452', '7', '18', '169', '7', '16024.8', '23', '3558', 'archivos/LAISA/2025/09/EA_C600_3558_250903', NULL, NULL, NULL, '24280', '5.39', '2563.970', '640.990', '17947.780', 'LAI4802211H2', 'LAISA', '17879', '2025-08-19 06:00:00', '1', '1', '0', '1', '2'),
(167, '7540M114392', 'A31348', NULL, '7540M114392', '7', '18', '170', '6', '0', '3', NULL, NULL, NULL, NULL, NULL, '19280', '4.6', NULL, NULL, NULL, NULL, NULL, NULL, '2025-08-19 06:00:00', '1', '1', '0', '1', '2'),
(168, '114463', 'A31318', NULL, '114463', '6', '17', '171', '16', '0', '3', NULL, NULL, NULL, NULL, NULL, '22300', '3.8', NULL, NULL, NULL, NULL, NULL, NULL, '2025-08-19 06:00:00', '1', '1', '0', '1', '2'),
(169, '7727M114466', 'A31352', NULL, '7727M114466', '6', '17', '172', '16', '0', '3', NULL, NULL, NULL, NULL, NULL, '22220', '3.8', NULL, NULL, NULL, NULL, NULL, NULL, '2025-08-19 06:00:00', '1', '1', '0', '1', '2'),
(170, '7537M10147', 'A31356', NULL, '7537M10147', '2', '13', '173', '2', '15005', '29', '950', 'archivos/LAISA/2025/08/EA_B186_950_250823', NULL, NULL, NULL, '19979', '5.29', '2400.800', '600.200', '16805.600', 'LAI4802211H2', 'LAISA', '17831', '2025-08-20 06:00:00', '1', '1', '0', '1', '2'),
(171, '7538M20813', 'A31353', NULL, '7538M20813', '3', '14', '174', '3', '51029.2', '32', '2158', 'archivos/LAISA/2025/08/EA_S425_2158_250821', NULL, NULL, NULL, '26440', '5.3', '8164.670', '2041.170', '57152.700', 'LAI4802211H2', 'LAISA', '17822', '2025-08-20 06:00:00', '1', '1', '0', '1', '2'),
(172, '7538M20811', 'A31363', NULL, '7538M20811', '3', '14', '175', '3', '50971.3', '30', '1038', 'archivos/LAISA/2025/09/EA_G481_1038_250909', NULL, NULL, NULL, '26410', '5.3', '8155.410', '2038.850', '57087.860', 'LAI4802211H2', 'LAISA', '17958', '2025-08-20 06:00:00', '1', '1', '0', '1', '2'),
(173, '7539M23728', 'A31380', NULL, '7539M23728', '7', '18', '176', '4', '0', '3', NULL, NULL, NULL, NULL, NULL, '22040', '4.5', NULL, NULL, NULL, NULL, NULL, NULL, '2025-08-20 06:00:00', '1', '1', '0', '1', '2'),
(174, '148620', 'A31354', NULL, '148620', '4', '15', '177', '5', '0', '3', NULL, NULL, NULL, NULL, NULL, '11539', '3.88', NULL, NULL, NULL, NULL, NULL, NULL, '2025-08-20 06:00:00', '1', '1', '0', '1', '2'),
(175, '148622', 'A31355', NULL, '148622', '4', '15', '178', '5', '0', '3', NULL, NULL, NULL, NULL, NULL, '13203', '3.88', NULL, NULL, NULL, NULL, NULL, NULL, '2025-08-20 06:00:00', '1', '1', '0', '1', '2'),
(176, '7531M13457', 'A31357', NULL, '7531M13457', '7', '18', '179', '7', '16750.8', '22', NULL, NULL, NULL, NULL, NULL, '25380', '5.39', NULL, NULL, NULL, NULL, NULL, NULL, '2025-08-20 06:00:00', '1', '1', '0', '1', '2'),
(177, '7540M114394', 'A31359', NULL, '7540M114394', '7', '18', '180', '6', '0', '3', NULL, NULL, NULL, NULL, NULL, '19980', '4.6', NULL, NULL, NULL, NULL, NULL, NULL, '2025-08-20 06:00:00', '1', '1', '0', '1', '2'),
(178, '7540M114395', 'A31360', NULL, '7540M114395', '7', '18', '181', '6', '0', '3', NULL, NULL, NULL, NULL, NULL, '20640', '4.6', NULL, NULL, NULL, NULL, NULL, NULL, '2025-08-20 06:00:00', '1', '1', '0', '1', '2'),
(179, '7727M114472', 'A31361', NULL, '7727M114472', '7', '18', '182', '9', '7505', '4', '8752', 'archivos/LAISA/2025/08/EA_A420_8752_250820', NULL, NULL, NULL, '17820', '5.37', '1200.800', '300.200', '8405.600', 'LAI4802211H2', 'LAISA', '17828', '2025-08-20 06:00:00', '1', '1', '0', '1', '2'),
(180, '7727M114471', 'A31389', NULL, '7727M114471', '6', '17', '183', '16', '0', '3', NULL, NULL, NULL, NULL, NULL, '21470', '3.7', NULL, NULL, NULL, NULL, NULL, NULL, '2025-08-20 06:00:00', '1', '1', '0', '1', '2'),
(181, '7727M114469', 'A31410', NULL, '7727M114469', '6', '17', '184', '16', '0', '3', NULL, NULL, NULL, NULL, NULL, '21980', '3.7', NULL, NULL, NULL, NULL, NULL, NULL, '2025-08-20 06:00:00', '1', '1', '0', '1', '2'),
(182, '7538M20815', 'A31364', NULL, '7538M20815', '3', '14', '185', '3', '53075', '28', '20127', 'archivos/LAISA/2025/08/EA_D227_20127_250821', NULL, NULL, NULL, '27500', '5.3', '8492.000', '2123.000', '59444.000', 'LAI4802211H2', 'LAISA', '17833', '2025-08-21 06:00:00', '1', '1', '0', '1', '2'),
(183, '7539M23729', 'A31382', NULL, '7539M23729', '7', '18', '186', '4', '0', '3', NULL, NULL, NULL, NULL, NULL, '25410', '4.5', NULL, NULL, NULL, NULL, NULL, NULL, '2025-08-21 06:00:00', '1', '1', '0', '1', '2'),
(184, '7531M13461', 'A31358', NULL, '7531M13461', '7', '18', '187', '7', '15298.8', '23', '3486', 'archivos/LAISA/2025/08/EA_C600_3486_250825', NULL, NULL, NULL, '23180', '5.39', '2447.810', '611.950', '17134.660', 'LAI4802211H2', 'LAISA', '17797', '2025-08-21 06:00:00', '1', '1', '0', '1', '2'),
(185, '7531M13467', 'A31424', NULL, '7531M13467', '7', '18', '188', '7', '14988.6', '23', '3487', 'archivos/LAISA/2025/08/EA_C600_3487_250825', NULL, NULL, NULL, '22710', '5.39', '2398.180', '599.540', '16787.240', 'LAI4802211H2', 'LAISA', '17797', '2025-08-21 06:00:00', '1', '1', '0', '1', '2'),
(186, '7540M114396', 'A31378', NULL, '7540M114396', '7', '18', '189', '6', '0', '3', NULL, NULL, NULL, NULL, NULL, '18880', '4.6', NULL, NULL, NULL, NULL, NULL, NULL, '2025-08-21 06:00:00', '1', '1', '0', '1', '2'),
(187, '7727M114474', 'A31391', NULL, '7727M114474', '6', '17', '190', '16', '0', '3', NULL, NULL, NULL, NULL, NULL, '22110', '3.7', NULL, NULL, NULL, NULL, NULL, NULL, '2025-08-21 06:00:00', '1', '1', '0', '1', '2'),
(188, '7727M114477', 'A31406', NULL, '7727M114477', '7', '18', '191', '9', '7505', '4', '8756', 'archivos/LAISA/2025/08/EA_A420_8756_250822', NULL, NULL, NULL, '17770', '5.37', '1200.800', '300.200', '8405.600', 'LAI4802211H2', 'LAISA', '17828', '2025-08-21 06:00:00', '1', '1', '0', '1', '2'),
(189, '7538M20817', 'A31455', NULL, '7538M20817', '3', '14', '192', '3', '49022', '20', NULL, NULL, NULL, NULL, NULL, '25400', '5.3', NULL, NULL, NULL, NULL, NULL, NULL, '2025-08-22 06:00:00', '1', '1', '0', '1', '2'),
(190, '7538M20816', 'A31502', NULL, '7538M20816', '3', '14', '193', '3', '46899', '28', '20180', 'archivos/LAISA/2025/08/EA_D227_20180_250826', NULL, NULL, NULL, '24300', '5.3', '7503.840', '1875.960', '52526.880', 'LAI4802211H2', 'LAISA', '17865', '2025-08-22 06:00:00', '1', '1', '0', '1', '2'),
(191, '7539M23730', 'A31384', NULL, '7539M23730', '7', '18', '194', '4', '0', '3', NULL, NULL, NULL, NULL, NULL, '25130', '4.5', NULL, NULL, NULL, NULL, NULL, NULL, '2025-08-22 06:00:00', '1', '1', '0', '1', '2'),
(192, '7531M13475', 'A31425', NULL, '7531M13475', '7', '18', '195', '7', '16856.4', '23', '3609', 'archivos/LAISA/2025/09/EA_C600_3609_250911', NULL, NULL, NULL, '25540', '5.39', '2697.020', '674.260', '18879.160', 'LAI4802211H2', NULL, NULL, '2025-08-22 06:00:00', '1', '1', '0', '1', '2'),
(193, '7540M114397', 'A31447', NULL, '7540M114397', '7', '18', '196', '6', '0', '3', NULL, NULL, NULL, NULL, NULL, '19510', '4.6', NULL, NULL, NULL, NULL, NULL, NULL, '2025-08-22 06:00:00', '1', '1', '0', '1', '2'),
(194, '7540M114398', 'A31448', NULL, '7540M114398', '7', '18', '197', '6', '0', '3', NULL, NULL, NULL, NULL, NULL, '21500', '4.6', NULL, NULL, NULL, NULL, NULL, NULL, '2025-08-22 06:00:00', '1', '1', '0', '1', '2'),
(195, '7727M114479', 'A31407', NULL, '7727M114479', '7', '18', '198', '9', '7505', '4', '8821', 'archivos/LAISA/2025/09/EA_A420_8821_250906', NULL, NULL, NULL, '17840', '5.37', '1200.800', '300.200', '8405.600', 'LAI4802211H2', 'LAISA', '17925', '2025-08-22 06:00:00', '1', '1', '0', '1', '2'),
(196, '7537M10148', 'A31377', NULL, '7537M10148', '2', '13', '199', '2', '15005', '29', '951', 'archivos/LAISA/2025/08/EA_B186_951_250826', NULL, NULL, NULL, '19857', '5.29', '2400.800', '600.200', '16805.600', 'LAI4802211H2', 'LAISA', '17831', '2025-08-23 06:00:00', '1', '1', '0', '1', '2'),
(197, '7538M20819', 'A31489', NULL, '7538M20819', '3', '14', '200', '3', '48365.8', '20', '22221', 'archivos/LAISA/2025/09/EA_T237_22221_250908', NULL, NULL, NULL, '25060', '5.3', '7738.530', '1934.630', '54169.700', 'LAI4802211H2', 'LAISA', '17951', '2025-08-23 06:00:00', '1', '1', '0', '1', '2'),
(198, '7539M23731', 'A31385', NULL, '7539M23731', '7', '18', '201', '4', '0', '3', NULL, NULL, NULL, NULL, NULL, '24880', '4.5', NULL, NULL, NULL, NULL, NULL, NULL, '2025-08-23 06:00:00', '1', '1', '0', '1', '2'),
(199, '7531M13483', 'A31426', NULL, '7531M13483', '7', '18', '202', '7', '15325.2', '23', '3488', 'archivos/LAISA/2025/08/EA_C600_3488_250825', NULL, NULL, NULL, '23220', '5.39', '2452.030', '613.010', '17164.220', 'LAI4802211H2', 'LAISA', '17797', '2025-08-23 06:00:00', '1', '1', '0', '1', '2'),
(200, '7540M114400', 'A31452', NULL, '7540M114400', '7', '18', '203', '6', '0', '3', NULL, NULL, NULL, NULL, NULL, '20500', '4.6', NULL, NULL, NULL, NULL, NULL, NULL, '2025-08-23 06:00:00', '1', '1', '0', '1', '2'),
(201, '7540M114401', 'A31453', NULL, '7540M114401', '7', '18', '204', '6', '0', '3', NULL, NULL, NULL, NULL, NULL, '19870', '4.6', NULL, NULL, NULL, NULL, NULL, NULL, '2025-08-23 06:00:00', '1', '1', '0', '1', '2'),
(202, '7540M114403', 'A31484', NULL, '7540M114403', '6', '17', '205', '6', '0', '3', NULL, NULL, NULL, NULL, NULL, '7780', '1.2', NULL, NULL, NULL, NULL, NULL, NULL, '2025-08-24 06:00:00', '1', '1', '0', '1', '2'),
(203, '7540M114404', 'A31485', NULL, '7540M114404', '6', '17', '206', '6', '0', '3', NULL, NULL, NULL, NULL, NULL, '7780', '1.2', NULL, NULL, NULL, NULL, NULL, NULL, '2025-08-24 06:00:00', '1', '1', '0', '1', '2'),
(204, '7727M114484', 'A31408', NULL, '7727M114484', '7', '18', '207', '9', '7505', '4', '8800', 'archivos/LAISA/2025/09/EA_A420_8800_250903', NULL, NULL, NULL, '17760', '5.37', '1200.800', '300.200', '8405.600', 'LAI4802211H2', 'LAISA', '17882', '2025-08-24 06:00:00', '1', '1', '0', '1', '2'),
(205, '7727M114483', 'A31411', NULL, '7727M114483', '6', '17', '208', '16', '0', '3', NULL, NULL, NULL, NULL, NULL, '21490', '3.7', NULL, NULL, NULL, NULL, NULL, NULL, '2025-08-24 06:00:00', '1', '1', '0', '1', '2'),
(206, '7727M114485', 'A31429', NULL, '7727M114485', '6', '17', '209', '16', '0', '3', NULL, NULL, NULL, NULL, NULL, '21680', '3.7', NULL, NULL, NULL, NULL, NULL, NULL, '2025-08-24 06:00:00', '1', '1', '0', '1', '2'),
(207, '11987-169383', 'A31393', NULL, '11987-169383', '3', '14', '210', '20', '14350', '10', NULL, NULL, NULL, NULL, NULL, '22089', '5.3', NULL, NULL, NULL, NULL, NULL, NULL, '2025-08-25 06:00:00', '1', '1', '0', '1', '2'),
(208, '7539M23732', 'A31478', NULL, '7539M23732', '7', '18', '211', '4', '0', '3', NULL, NULL, NULL, NULL, NULL, '25310', '4.5', NULL, NULL, NULL, NULL, NULL, NULL, '2025-08-25 06:00:00', '1', '1', '0', '1', '2'),
(209, '7540M114406', 'A31449', NULL, '7540M114406', '7', '18', '212', '6', '0', '3', NULL, NULL, NULL, NULL, NULL, '20360', '4.6', NULL, NULL, NULL, NULL, NULL, NULL, '2025-08-25 06:00:00', '1', '1', '0', '1', '2'),
(210, '7540M114405', 'A31454', NULL, '7540M114405', '7', '18', '213', '6', '0', '3', NULL, NULL, NULL, NULL, NULL, '21480', '4.6', NULL, NULL, NULL, NULL, NULL, NULL, '2025-08-25 06:00:00', '1', '1', '0', '1', '2'),
(211, '7727M114488', 'A31430', NULL, '7727M114488', '6', '17', '214', '16', '0', '3', NULL, NULL, NULL, NULL, NULL, '21920', '3.7', NULL, NULL, NULL, NULL, NULL, NULL, '2025-08-25 06:00:00', '1', '1', '0', '1', '2'),
(212, '7537M10149', 'A31405', NULL, '7537M10149', '2', '13', '215', '2', '15005', '29', '953', 'archivos/LAISA/2025/08/EA_B186_953_250827', NULL, NULL, NULL, '19829', '5.29', '2400.800', '600.200', '16805.600', 'LAI4802211H2', 'LAISA', '17831', '2025-08-26 06:00:00', '1', '1', '0', '1', '2'),
(213, '7538M20820', 'A31456', NULL, '7538M20820', '3', '14', '216', '3', '49909.8', '20', '22220', 'archivos/LAISA/2025/09/EA_T237_22220_250908', NULL, NULL, NULL, '25860', '5.3', '7985.570', '1996.390', '55898.980', 'LAI4802211H2', 'LAISA', '17951', '2025-08-26 06:00:00', '1', '1', '0', '1', '2'),
(214, '7538M20821', 'A31490', NULL, '7538M20821', '3', '14', '217', '3', '34682.1', '3', NULL, NULL, NULL, NULL, NULL, '17970', '5.3', NULL, NULL, NULL, NULL, NULL, NULL, '2025-08-26 06:00:00', '1', '1', '0', '1', '2'),
(215, '7538M20822', 'A31491', NULL, '7538M20822', '3', '14', '218', '3', '33350.4', '3', NULL, NULL, NULL, NULL, NULL, '17280', '5.3', NULL, NULL, NULL, NULL, NULL, NULL, '2025-08-26 06:00:00', '1', '1', '0', '1', '2'),
(216, '7539M23734', 'A31479', NULL, '7539M23734', '7', '18', '219', '4', '0', '3', NULL, NULL, NULL, NULL, NULL, '25300', '4.5', NULL, NULL, NULL, NULL, NULL, NULL, '2025-08-26 06:00:00', '1', '1', '0', '1', '2'),
(217, '148677', 'A31412', NULL, '148677', '4', '15', '220', '5', '0', '3', NULL, NULL, NULL, NULL, NULL, '10060', '3.88', NULL, NULL, NULL, NULL, NULL, NULL, '2025-08-26 06:00:00', '1', '1', '0', '1', '2'),
(218, '7531M13490', 'A31427', NULL, '7531M13490', '7', '18', '221', '7', '16024.8', '23', '3610', 'archivos/LAISA/2025/09/EA_C600_3610_250911', NULL, NULL, NULL, '24280', '5.39', '2563.970', '640.990', '17947.780', 'LAI4802211H2', NULL, NULL, '2025-08-26 06:00:00', '1', '1', '0', '1', '2'),
(219, '7531M13491', 'A31428', NULL, '7531M13491', '7', '18', '222', '7', '15378', '23', '3585', 'archivos/LAISA/2025/09/EA_C600_3585_250908', NULL, NULL, NULL, '23300', '5.39', '2460.480', '615.120', '17223.360', 'LAI4802211H2', 'LAISA', '17885', '2025-08-26 06:00:00', '1', '1', '0', '1', '2'),
(220, '7540M114408', 'A31486', NULL, '7540M114408', '6', '17', '223', '6', '0', '3', NULL, NULL, NULL, NULL, NULL, '9580', '1.2', NULL, NULL, NULL, NULL, NULL, NULL, '2025-08-26 06:00:00', '1', '1', '0', '1', '2'),
(221, '7727M114490', 'A31409', NULL, '7727M114490', '7', '18', '224', '9', '7505', '4', '8801', 'archivos/LAISA/2025/09/EA_A420_8801_250903', NULL, NULL, NULL, '17740', '5.37', '1200.800', '300.200', '8405.600', 'LAI4802211H2', 'LAISA', '17882', '2025-08-26 06:00:00', '1', '1', '0', '1', '2'),
(222, '7727M114491', 'A31487', NULL, '7727M114491', '6', '17', '225', '9', '0', '3', NULL, NULL, NULL, NULL, NULL, '7020', '1.2', NULL, NULL, NULL, NULL, NULL, NULL, '2025-08-26 06:00:00', '1', '1', '0', '1', '2'),
(223, '11988-169605', 'A31460', NULL, '11988-169605', '3', '14', '226', '20', '14350', '10', NULL, NULL, NULL, NULL, NULL, '23293', '5.3', NULL, NULL, NULL, NULL, NULL, NULL, '2025-08-27 06:00:00', '1', '1', '0', '1', '2'),
(224, '7538M20824', 'A31457', NULL, '7538M20824', '3', '14', '227', '3', '48500.9', '27', '14702', 'archivos/LAISA/2025/09/EA_H165_14702_250905', NULL, NULL, NULL, '25130', '5.3', '7760.140', '1940.040', '54321.000', 'LAI4802211H2', NULL, NULL, '2025-08-27 06:00:00', '1', '1', '0', '1', '2'),
(225, '7539M23735', 'A31480', NULL, '7539M23735', '7', '18', '228', '4', '0', '3', NULL, NULL, NULL, NULL, NULL, '24110', '4.5', NULL, NULL, NULL, NULL, NULL, NULL, '2025-08-27 06:00:00', '1', '1', '0', '1', '2'),
(226, '7531M13493', 'A31444', NULL, '7531M13493', '7', '18', '229', '7', '15991.8', '23', '3611', 'archivos/LAISA/2025/09/EA_C600_3611_250911', NULL, NULL, NULL, '24230', '5.39', '2558.690', '639.670', '17910.820', 'LAI4802211H2', NULL, NULL, '2025-08-27 06:00:00', '1', '1', '0', '1', '2'),
(227, '7531M13494', 'A31445', NULL, '7531M13494', '7', '18', '230', '7', '15153.6', '23', '3612', 'archivos/LAISA/2025/09/EA_C600_3612_250911', NULL, NULL, NULL, '22960', '5.39', '2424.580', '606.140', '16972.040', 'LAI4802211H2', NULL, NULL, '2025-08-27 06:00:00', '1', '1', '0', '1', '2');
INSERT INTO `ventas` (`id_venta`, `fact`, `factura`, `d_prov`, `nombre`, `id_cli`, `id_direc`, `id_compra`, `id_prod`, `costo_flete`, `flete`, `fact_fle`, `d_fletero`, `tara`, `bruto`, `Neto`, `peso_cliente`, `precio`, `im_tras_inv`, `im_rete_inv`, `total_inv`, `rfc_inv`, `aliasInv`, `folio_contra`, `fecha`, `id_user`, `status`, `acciones`, `zona`, `ex`) VALUES
(228, '7540M114409', 'A31450', NULL, '7540M114409', '7', '18', '231', '6', '0', '3', NULL, NULL, NULL, NULL, NULL, '20040', '4.6', NULL, NULL, NULL, NULL, NULL, NULL, '2025-08-27 06:00:00', '1', '1', '0', '1', '2'),
(229, '7540M114410', 'A31451', NULL, '7540M114410', '7', '18', '232', '6', '0', '3', NULL, NULL, NULL, NULL, NULL, '19740', '4.6', NULL, NULL, NULL, NULL, NULL, NULL, '2025-08-27 06:00:00', '1', '1', '0', '1', '2'),
(230, '7540M114411', 'A31452', NULL, '7540M114411', '7', '18', '233', '6', '0', '3', NULL, NULL, NULL, NULL, NULL, '21500', '4.6', NULL, NULL, NULL, NULL, NULL, NULL, '2025-08-27 06:00:00', '1', '1', '0', '1', '2'),
(231, '7540M114412', 'A31453', NULL, '7540M114412', '7', '18', '234', '6', '0', '3', NULL, NULL, NULL, NULL, NULL, '17980', '4.6', NULL, NULL, NULL, NULL, NULL, NULL, '2025-08-27 06:00:00', '1', '1', '0', '1', '2'),
(232, '7540M114414', 'A31454', NULL, '7540M114414', '7', '18', '235', '6', '0', '3', NULL, NULL, NULL, NULL, NULL, '16440', '4.6', NULL, NULL, NULL, NULL, NULL, NULL, '2025-08-27 06:00:00', '1', '1', '0', '1', '2'),
(233, '7727M114499', 'A31488', NULL, '7727M114499', '6', '17', '236', '16', '0', '3', NULL, NULL, NULL, NULL, NULL, '21430', '3.7', NULL, NULL, NULL, NULL, NULL, NULL, '2025-08-27 06:00:00', '1', '1', '0', '1', '2'),
(234, '7537M10151', 'A31443', NULL, '7537M10151', '2', '13', '237', '2', '15005', '29', '954', 'archivos/LAISA/2025/08/EA_B186_954_250829', NULL, NULL, NULL, '20118', '5.29', '2400.800', '600.200', '16805.600', 'LAI4802211H2', 'LAISA', '17943', '2025-08-28 06:00:00', '1', '1', '0', '1', '2'),
(235, '7538M20827', 'A31458', NULL, '7538M20827', '3', '14', '238', '3', '50353.7', '28', '20316', 'archivos/LAISA/2025/09/EA_D227_20316_250905', NULL, NULL, NULL, '26090', '5.3', '8056.590', '2014.150', '56396.140', 'LAI4802211H2', 'LAISA', '17957', '2025-08-28 06:00:00', '1', '1', '0', '1', '2'),
(236, '7539M23736', 'A31496', NULL, '7539M23736', '7', '18', '239', '4', '0', '3', NULL, NULL, NULL, NULL, NULL, '24730', '4.5', NULL, NULL, NULL, NULL, NULL, NULL, '2025-08-28 06:00:00', '1', '1', '0', '1', '2'),
(237, '7540M114416', 'A31476', NULL, '7540M114416', '7', '18', '240', '6', '0', '3', NULL, NULL, NULL, NULL, NULL, '20880', '4.6', NULL, NULL, NULL, NULL, NULL, NULL, '2025-08-28 06:00:00', '1', '1', '0', '1', '2'),
(238, '7727M114503', 'A31499', NULL, '7727M114503', '7', '18', '241', '9', '7505', '3', NULL, NULL, NULL, NULL, NULL, '5760', '5.37', NULL, NULL, NULL, NULL, NULL, NULL, '2025-08-28 06:00:00', '1', '1', '0', '1', '2'),
(239, '7727M114505', 'A31500', NULL, '7727M114505', '7', '18', '242', '9', '7505', '3', NULL, NULL, NULL, NULL, NULL, '17860', '5.37', NULL, NULL, NULL, NULL, NULL, NULL, '2025-08-28 06:00:00', '1', '1', '0', '1', '2'),
(240, '7727M114506', 'A31501', NULL, '7727M114506', '7', '18', '243', '9', '7505', '3', NULL, NULL, NULL, NULL, NULL, '17840', '5.37', NULL, NULL, NULL, NULL, NULL, NULL, '2025-08-28 06:00:00', '1', '1', '0', '1', '2'),
(241, '7538M20837', 'A31503', NULL, '7538M20837', '3', '14', '244', '3', '46937.6', '3', NULL, NULL, NULL, NULL, NULL, '24320', '5.3', NULL, NULL, NULL, NULL, NULL, NULL, '2025-08-29 06:00:00', '1', '1', '0', '1', '2'),
(242, '7538M20840', 'A31504', NULL, '7538M20840', '3', '14', '245', '3', '50083.5', '3', NULL, NULL, NULL, NULL, NULL, '25950', '5.3', NULL, NULL, NULL, NULL, NULL, NULL, '2025-08-29 06:00:00', '1', '1', '0', '1', '2'),
(243, '7538M20833', 'A31505', NULL, '7538M20833', '3', '14', '246', '3', '49678.2', '3', NULL, NULL, NULL, NULL, NULL, '25740', '5.3', NULL, NULL, NULL, NULL, NULL, NULL, '2025-08-29 06:00:00', '1', '1', '0', '1', '2'),
(244, '7539M23739', 'A31497', NULL, '7539M23739', '7', '18', '247', '4', '0', '3', NULL, NULL, NULL, NULL, NULL, '25020', '4.5', NULL, NULL, NULL, NULL, NULL, NULL, '2025-08-29 06:00:00', '1', '1', '0', '1', '2'),
(245, '7539M23740', 'A31498', NULL, '7539M23740', '7', '18', '248', '4', '0', '3', NULL, NULL, NULL, NULL, NULL, '24340', '4.5', NULL, NULL, NULL, NULL, NULL, NULL, '2025-08-29 06:00:00', '1', '1', '0', '1', '2'),
(246, '148728', 'A31492', NULL, '148728', '4', '15', '249', '5', '0', '3', NULL, NULL, NULL, NULL, NULL, '10330', '3.88', NULL, NULL, NULL, NULL, NULL, NULL, '2025-08-29 06:00:00', '1', '1', '0', '1', '2'),
(247, '7531M13495', 'A31493', NULL, '7531M13495', '7', '18', '250', '7', '15081', '3', NULL, NULL, NULL, NULL, NULL, '22850', '5.39', NULL, NULL, NULL, NULL, NULL, NULL, '2025-08-29 06:00:00', '1', '1', '0', '1', '2'),
(248, '7540M114417', 'A31477', NULL, '7540M114417', '7', '18', '251', '6', '0', '3', NULL, NULL, NULL, NULL, NULL, '19740', '4.6', NULL, NULL, NULL, NULL, NULL, NULL, '2025-08-29 06:00:00', '1', '1', '0', '1', '2'),
(249, '7531M13496', 'A31494', NULL, '7531M13496', '7', '18', '252', '7', '14619', '3', NULL, NULL, NULL, NULL, NULL, '22150', '5.39', NULL, NULL, NULL, NULL, NULL, NULL, '2025-08-30 06:00:00', '1', '1', '0', '1', '2'),
(250, '7531M13497', 'A31495', NULL, '7531M13497', '7', '18', '253', '7', '15424.2', '3', NULL, NULL, NULL, NULL, NULL, '23370', '5.39', NULL, NULL, NULL, NULL, NULL, NULL, '2025-08-30 06:00:00', '1', '1', '0', '1', '2');

-- --------------------------------------------------------

--
-- Estructura de tabla para la tabla `zonas`
--

DROP TABLE IF EXISTS `zonas`;
CREATE TABLE IF NOT EXISTS `zonas` (
  `id_zone` int NOT NULL AUTO_INCREMENT,
  `cod` varchar(255) DEFAULT NULL,
  `nom` varchar(255) DEFAULT NULL,
  `PLANTA` varchar(255) DEFAULT NULL,
  `fecha` timestamp NOT NULL DEFAULT CURRENT_TIMESTAMP,
  `id_user` varchar(255) DEFAULT NULL,
  `status` varchar(255) NOT NULL DEFAULT '1',
  PRIMARY KEY (`id_zone`)
) ENGINE=MyISAM AUTO_INCREMENT=3 DEFAULT CHARSET=utf8mb4 COLLATE=utf8mb4_0900_ai_ci;

--
-- Volcado de datos para la tabla `zonas`
--

INSERT INTO `zonas` (`id_zone`, `cod`, `nom`, `PLANTA`, `fecha`, `id_user`, `status`) VALUES
(1, 'DKL', 'LAI-DKL', 'LAISA', '2025-08-05 21:58:04', '1', '1'),
(2, 'HEI', 'DEXA-HEINEKEN', 'DESA', '2025-08-06 18:36:07', '1', '1');
COMMIT;

/*!40101 SET CHARACTER_SET_CLIENT=@OLD_CHARACTER_SET_CLIENT */;
/*!40101 SET CHARACTER_SET_RESULTS=@OLD_CHARACTER_SET_RESULTS */;
/*!40101 SET COLLATION_CONNECTION=@OLD_COLLATION_CONNECTION */;
