-- phpMyAdmin SQL Dump
-- version 5.2.2
-- https://www.phpmyadmin.net/
--
-- Servidor: localhost:3306
-- Tiempo de generación: 07-11-2025 a las 10:08:14
-- Versión del servidor: 8.0.37
-- Versión de PHP: 8.4.14

SET SQL_MODE = "NO_AUTO_VALUE_ON_ZERO";
START TRANSACTION;
SET time_zone = "+00:00";


/*!40101 SET @OLD_CHARACTER_SET_CLIENT=@@CHARACTER_SET_CLIENT */;
/*!40101 SET @OLD_CHARACTER_SET_RESULTS=@@CHARACTER_SET_RESULTS */;
/*!40101 SET @OLD_COLLATION_CONNECTION=@@COLLATION_CONNECTION */;
/*!40101 SET NAMES utf8mb4 */;

--
-- Base de datos: `laisacom_sistema_DX_LAI`
--

-- --------------------------------------------------------

--
-- Estructura de tabla para la tabla `almacen`
--

CREATE TABLE `almacen` (
  `id_alnaceb` int NOT NULL,
  `id_venta` varchar(255) DEFAULT NULL,
  `id_compra` varchar(255) DEFAULT NULL,
  `id_prod` varchar(255) DEFAULT NULL,
  `entrada` varchar(255) DEFAULT NULL,
  `salida` varchar(255) DEFAULT NULL,
  `fecha` timestamp NOT NULL DEFAULT CURRENT_TIMESTAMP,
  `id_user` varchar(255) DEFAULT NULL,
  `status` varchar(255) NOT NULL DEFAULT '1',
  `zona` varchar(255) DEFAULT NULL
) ENGINE=MyISAM DEFAULT CHARSET=utf8mb4 COLLATE=utf8mb4_0900_ai_ci;

--
-- Volcado de datos para la tabla `almacen`
--

INSERT INTO `almacen` (`id_alnaceb`, `id_venta`, `id_compra`, `id_prod`, `entrada`, `salida`, `fecha`, `id_user`, `status`, `zona`) VALUES
(1, NULL, '1', '4', '24740.00', NULL, '2025-07-29 00:25:07', '1', '1', '1'),
(2, NULL, '2', '11', '21300.00', NULL, '2025-07-29 00:33:02', '1', '1', '1'),
(3, '1', NULL, '4', NULL, '24740', '2025-07-29 00:38:03', '1', '1', '1'),
(4, '2', NULL, '11', NULL, '21300', '2025-07-29 23:08:32', '1', '1', '1'),
(23, NULL, '16', '3', '26270', NULL, '2025-08-22 22:03:30', '1', '1', '1'),
(24, '13', NULL, '3', NULL, '26270', '2025-08-22 22:03:30', '1', '1', '1'),
(25, NULL, '17', '9', '17660', NULL, '2025-08-25 20:33:54', '1', '1', '1'),
(26, '14', NULL, '9', NULL, '17660', '2025-08-25 20:33:54', '1', '1', '1'),
(27, NULL, '18', '3', '26040', NULL, '2025-08-28 16:30:18', '1', '1', '1'),
(28, '15', NULL, '3', NULL, '26040', '2025-08-28 16:30:18', '1', '1', '1'),
(29, NULL, '19', '11', '22700', NULL, '2025-08-28 16:30:18', '1', '1', '1'),
(30, '16', NULL, '11', NULL, '22700', '2025-08-28 16:30:18', '1', '1', '1'),
(31, NULL, '20', '9', '21140', NULL, '2025-08-28 16:30:18', '1', '1', '1'),
(32, '17', NULL, '9', NULL, '21140', '2025-08-28 16:30:18', '1', '1', '1'),
(33, NULL, '21', '11', '24400', NULL, '2025-08-28 16:30:18', '1', '1', '1'),
(34, '18', NULL, '11', NULL, '24400', '2025-08-28 16:30:18', '1', '1', '1'),
(35, NULL, '22', '9', '20055', NULL, '2025-08-28 16:30:18', '1', '1', '1'),
(36, '19', NULL, '9', NULL, '20055', '2025-08-28 16:30:18', '1', '1', '1'),
(37, NULL, '23', '3', '29430', NULL, '2025-08-28 16:30:18', '1', '1', '1'),
(38, '20', NULL, '3', NULL, '29430', '2025-08-28 16:30:18', '1', '1', '1'),
(39, NULL, '24', '11', '23200', NULL, '2025-08-28 16:30:18', '1', '1', '1'),
(40, '21', NULL, '11', NULL, '23200', '2025-08-28 16:30:18', '1', '1', '1'),
(41, NULL, '25', '20', '21600', NULL, '2025-09-03 23:00:52', '1', '1', '1'),
(42, '22', NULL, '20', NULL, '21600', '2025-09-03 23:00:52', '1', '1', '1'),
(43, NULL, '26', '3', '26300', NULL, '2025-09-03 23:00:52', '1', '1', '1'),
(44, '23', NULL, '3', NULL, '26300', '2025-09-03 23:00:52', '1', '1', '1'),
(45, NULL, '27', '9', '21190', NULL, '2025-09-03 23:00:52', '1', '1', '1'),
(46, '24', NULL, '9', NULL, '21190', '2025-09-03 23:00:52', '1', '1', '1'),
(47, NULL, '28', '3', '25580', NULL, '2025-09-03 23:00:52', '1', '1', '1'),
(48, '25', NULL, '3', NULL, '25580', '2025-09-03 23:00:52', '1', '1', '1'),
(49, NULL, '29', '9', '17270', NULL, '2025-09-03 23:00:52', '1', '1', '1'),
(50, '26', NULL, '9', NULL, '17270', '2025-09-03 23:00:52', '1', '1', '1'),
(51, NULL, '30', '9', '17000', NULL, '2025-09-03 23:00:52', '1', '1', '1'),
(52, '27', NULL, '9', NULL, '17000', '2025-09-03 23:00:52', '1', '1', '1'),
(53, NULL, '31', '1', '25872', NULL, '2025-09-03 23:00:52', '1', '1', '1'),
(54, '28', NULL, '1', NULL, '25872', '2025-09-03 23:00:52', '1', '1', '1'),
(55, NULL, '32', '6', '19110', NULL, '2025-09-03 23:00:52', '1', '1', '1'),
(56, '29', NULL, '6', NULL, '19110', '2025-09-03 23:00:52', '1', '1', '1'),
(57, NULL, '33', '6', '22710', NULL, '2025-09-03 23:00:52', '1', '1', '1'),
(58, '30', NULL, '6', NULL, '22710', '2025-09-03 23:00:52', '1', '1', '1'),
(59, NULL, '34', '6', '6600', NULL, '2025-09-03 23:00:52', '1', '1', '1'),
(60, '31', NULL, '6', NULL, '6600', '2025-09-03 23:00:52', '1', '1', '1'),
(61, NULL, '35', '9', '8980', NULL, '2025-09-03 23:00:52', '1', '1', '1'),
(62, '32', NULL, '9', NULL, '8980', '2025-09-03 23:00:52', '1', '1', '1'),
(63, NULL, '36', '9', '8490', NULL, '2025-09-03 23:00:52', '1', '1', '1'),
(64, '33', NULL, '9', NULL, '8490', '2025-09-03 23:00:52', '1', '1', '1'),
(65, NULL, '37', '9', '22040', NULL, '2025-09-03 23:00:52', '1', '1', '1'),
(66, '34', NULL, '9', NULL, '22040', '2025-09-03 23:00:52', '1', '1', '1'),
(67, NULL, '38', '2', '19826', NULL, '2025-09-03 23:00:52', '1', '1', '1'),
(68, '35', NULL, '2', NULL, '19826', '2025-09-03 23:00:52', '1', '1', '1'),
(69, NULL, '39', '3', '26030', NULL, '2025-09-03 23:00:52', '1', '1', '1'),
(70, '36', NULL, '3', NULL, '26030', '2025-09-03 23:00:52', '1', '1', '1'),
(71, NULL, '40', '4', '23270', NULL, '2025-09-03 23:00:52', '1', '1', '1'),
(72, '37', NULL, '4', NULL, '23270', '2025-09-03 23:00:52', '1', '1', '1'),
(73, NULL, '41', '4', '25160', NULL, '2025-09-03 23:00:52', '1', '1', '1'),
(74, '38', NULL, '4', NULL, '25160', '2025-09-03 23:00:52', '1', '1', '1'),
(75, NULL, '42', '7', '25010', NULL, '2025-09-03 23:00:52', '1', '1', '1'),
(76, '39', NULL, '7', NULL, '25010', '2025-09-03 23:00:52', '1', '1', '1'),
(77, NULL, '43', '6', '22660', NULL, '2025-09-03 23:00:52', '1', '1', '1'),
(78, '40', NULL, '6', NULL, '22660', '2025-09-03 23:00:52', '1', '1', '1'),
(79, NULL, '44', '6', '22710', NULL, '2025-09-03 23:00:52', '1', '1', '1'),
(80, '41', NULL, '6', NULL, '22710', '2025-09-03 23:00:52', '1', '1', '1'),
(81, NULL, '45', '9', '7310', NULL, '2025-09-03 23:00:52', '1', '1', '1'),
(82, '42', NULL, '9', NULL, '7310', '2025-09-03 23:00:52', '1', '1', '1'),
(83, NULL, '46', '3', '25890', NULL, '2025-09-03 23:00:52', '1', '1', '1'),
(84, '43', NULL, '3', NULL, '25890', '2025-09-03 23:00:52', '1', '1', '1'),
(85, NULL, '47', '3', '24960', NULL, '2025-09-03 23:00:52', '1', '1', '1'),
(86, '44', NULL, '3', NULL, '24960', '2025-09-03 23:00:52', '1', '1', '1'),
(87, NULL, '48', '4', '23460', NULL, '2025-09-03 23:00:52', '1', '1', '1'),
(88, '45', NULL, '4', NULL, '23460', '2025-09-03 23:00:52', '1', '1', '1'),
(89, NULL, '49', '7', '24860', NULL, '2025-09-03 23:00:52', '1', '1', '1'),
(90, '46', NULL, '7', NULL, '24860', '2025-09-03 23:00:52', '1', '1', '1'),
(91, NULL, '50', '7', '24580', NULL, '2025-09-03 23:00:52', '1', '1', '1'),
(92, '47', NULL, '7', NULL, '24580', '2025-09-03 23:00:52', '1', '1', '1'),
(93, NULL, '51', '6', '20200', NULL, '2025-09-03 23:00:52', '1', '1', '1'),
(94, '48', NULL, '6', NULL, '20200', '2025-09-03 23:00:52', '1', '1', '1'),
(95, NULL, '52', '6', '22400', NULL, '2025-09-03 23:00:52', '1', '1', '1'),
(96, '49', NULL, '6', NULL, '22400', '2025-09-03 23:00:52', '1', '1', '1'),
(97, NULL, '53', '6', '8840', NULL, '2025-09-03 23:00:52', '1', '1', '1'),
(98, '50', NULL, '6', NULL, '8840', '2025-09-03 23:00:52', '1', '1', '1'),
(99, NULL, '54', '9', '18130', NULL, '2025-09-03 23:00:52', '1', '1', '1'),
(100, '51', NULL, '9', NULL, '18130', '2025-09-03 23:00:52', '1', '1', '1'),
(101, NULL, '55', '2', '19516', NULL, '2025-09-03 23:00:52', '1', '1', '1'),
(102, '52', NULL, '2', NULL, '19516', '2025-09-03 23:00:52', '1', '1', '1'),
(103, NULL, '56', '20', '24000', NULL, '2025-09-03 23:00:52', '1', '1', '1'),
(104, '53', NULL, '20', NULL, '24000', '2025-09-03 23:00:52', '1', '1', '1'),
(105, NULL, '57', '7', '24270', NULL, '2025-09-03 23:00:52', '1', '1', '1'),
(106, '54', NULL, '7', NULL, '24270', '2025-09-03 23:00:52', '1', '1', '1'),
(107, NULL, '58', '6', '20120', NULL, '2025-09-03 23:00:52', '1', '1', '1'),
(108, '55', NULL, '6', NULL, '20120', '2025-09-03 23:00:52', '1', '1', '1'),
(109, NULL, '59', '9', '17940', NULL, '2025-09-03 23:00:52', '1', '1', '1'),
(110, '56', NULL, '9', NULL, '17940', '2025-09-03 23:00:52', '1', '1', '1'),
(111, NULL, '60', '9', '7810', NULL, '2025-09-03 23:00:52', '1', '1', '1'),
(112, '57', NULL, '9', NULL, '7810', '2025-09-03 23:00:52', '1', '1', '1'),
(113, NULL, '61', '9', '21640', NULL, '2025-09-03 23:00:52', '1', '1', '1'),
(114, '58', NULL, '9', NULL, '21640', '2025-09-03 23:00:52', '1', '1', '1'),
(115, NULL, '62', '3', '26370', NULL, '2025-09-03 23:00:52', '1', '1', '1'),
(116, '59', NULL, '3', NULL, '26370', '2025-09-03 23:00:52', '1', '1', '1'),
(117, NULL, '63', '4', '24670', NULL, '2025-09-03 23:00:52', '1', '1', '1'),
(118, '60', NULL, '4', NULL, '24670', '2025-09-03 23:00:52', '1', '1', '1'),
(119, NULL, '64', '6', '19360', NULL, '2025-09-03 23:00:52', '1', '1', '1'),
(120, '61', NULL, '6', NULL, '19360', '2025-09-03 23:00:52', '1', '1', '1'),
(121, NULL, '65', '6', '19770', NULL, '2025-09-03 23:00:52', '1', '1', '1'),
(122, '62', NULL, '6', NULL, '19770', '2025-09-03 23:00:52', '1', '1', '1'),
(123, NULL, '66', '9', '21280', NULL, '2025-09-03 23:00:52', '1', '1', '1'),
(124, '63', NULL, '9', NULL, '21280', '2025-09-03 23:00:52', '1', '1', '1'),
(125, NULL, '67', '2', '19911', NULL, '2025-09-03 23:00:52', '1', '1', '1'),
(126, '64', NULL, '2', NULL, '19911', '2025-09-03 23:00:52', '1', '1', '1'),
(127, NULL, '68', '20', '21900', NULL, '2025-09-03 23:00:52', '1', '1', '1'),
(128, '65', NULL, '20', NULL, '21900', '2025-09-03 23:00:52', '1', '1', '1'),
(129, NULL, '69', '3', '24340', NULL, '2025-09-03 23:00:52', '1', '1', '1'),
(130, '66', NULL, '3', NULL, '24340', '2025-09-03 23:00:52', '1', '1', '1'),
(131, NULL, '70', '3', '25000', NULL, '2025-09-03 23:00:52', '1', '1', '1'),
(132, '67', NULL, '3', NULL, '25000', '2025-09-03 23:00:52', '1', '1', '1'),
(133, NULL, '71', '4', '22790', NULL, '2025-09-03 23:00:52', '1', '1', '1'),
(134, '68', NULL, '4', NULL, '22790', '2025-09-03 23:00:52', '1', '1', '1'),
(135, NULL, '72', '6', '18230', NULL, '2025-09-03 23:00:52', '1', '1', '1'),
(136, '69', NULL, '6', NULL, '18230', '2025-09-03 23:00:52', '1', '1', '1'),
(137, NULL, '73', '6', '20950', NULL, '2025-09-03 23:00:52', '1', '1', '1'),
(138, '70', NULL, '6', NULL, '20950', '2025-09-03 23:00:52', '1', '1', '1'),
(139, NULL, '74', '6', '8860', NULL, '2025-09-03 23:00:52', '1', '1', '1'),
(140, '71', NULL, '6', NULL, '8860', '2025-09-03 23:00:52', '1', '1', '1'),
(141, NULL, '75', '9', '21160', NULL, '2025-09-03 23:00:52', '1', '1', '1'),
(142, '72', NULL, '9', NULL, '21160', '2025-09-03 23:00:52', '1', '1', '1'),
(143, NULL, '76', '16', '21510', NULL, '2025-09-03 23:00:52', '1', '1', '1'),
(144, '73', NULL, '16', NULL, '21510', '2025-09-03 23:00:52', '1', '1', '1'),
(145, NULL, '77', '20', '25400', NULL, '2025-09-03 23:00:52', '1', '1', '1'),
(146, '74', NULL, '20', NULL, '25400', '2025-09-03 23:00:52', '1', '1', '1'),
(147, NULL, '78', '3', '24370', NULL, '2025-09-03 23:00:52', '1', '1', '1'),
(148, '75', NULL, '3', NULL, '24370', '2025-09-03 23:00:52', '1', '1', '1'),
(149, NULL, '79', '4', '24010', NULL, '2025-09-03 23:00:52', '1', '1', '1'),
(150, '76', NULL, '4', NULL, '24010', '2025-09-03 23:00:52', '1', '1', '1'),
(151, NULL, '80', '4', '24920', NULL, '2025-09-03 23:00:52', '1', '1', '1'),
(152, '77', NULL, '4', NULL, '24920', '2025-09-03 23:00:52', '1', '1', '1'),
(153, NULL, '81', '5', '10563', NULL, '2025-09-03 23:00:52', '1', '1', '1'),
(154, '78', NULL, '5', NULL, '10563', '2025-09-03 23:00:52', '1', '1', '1'),
(155, NULL, '82', '6', '21890', NULL, '2025-09-03 23:00:52', '1', '1', '1'),
(156, '79', NULL, '6', NULL, '21890', '2025-09-03 23:00:52', '1', '1', '1'),
(157, NULL, '83', '6', '20950', NULL, '2025-09-03 23:00:52', '1', '1', '1'),
(158, '80', NULL, '6', NULL, '20950', '2025-09-03 23:00:52', '1', '1', '1'),
(159, NULL, '84', '6', '18230', NULL, '2025-09-03 23:00:52', '1', '1', '1'),
(160, '81', NULL, '6', NULL, '18230', '2025-09-03 23:00:52', '1', '1', '1'),
(161, NULL, '85', '6', '4290', NULL, '2025-09-03 23:00:52', '1', '1', '1'),
(162, '82', NULL, '6', NULL, '4290', '2025-09-03 23:00:52', '1', '1', '1'),
(163, NULL, '86', '6', '3810', NULL, '2025-09-03 23:00:52', '1', '1', '1'),
(164, '83', NULL, '6', NULL, '3810', '2025-09-03 23:00:52', '1', '1', '1'),
(165, NULL, '87', '9', '18340', NULL, '2025-09-03 23:00:52', '1', '1', '1'),
(166, '84', NULL, '9', NULL, '18340', '2025-09-03 23:00:52', '1', '1', '1'),
(167, NULL, '88', '3', '22330', NULL, '2025-09-03 23:00:52', '1', '1', '1'),
(168, '85', NULL, '3', NULL, '22330', '2025-09-03 23:00:52', '1', '1', '1'),
(169, NULL, '89', '4', '24840', NULL, '2025-09-03 23:00:52', '1', '1', '1'),
(170, '86', NULL, '4', NULL, '24840', '2025-09-03 23:00:52', '1', '1', '1'),
(171, NULL, '90', '4', '23700', NULL, '2025-09-03 23:00:52', '1', '1', '1'),
(172, '87', NULL, '4', NULL, '23700', '2025-09-03 23:00:52', '1', '1', '1'),
(173, NULL, '91', '4', '24550', NULL, '2025-09-03 23:00:52', '1', '1', '1'),
(174, '88', NULL, '4', NULL, '24550', '2025-09-03 23:00:52', '1', '1', '1'),
(175, NULL, '92', '7', '24540', NULL, '2025-09-03 23:00:52', '1', '1', '1'),
(176, '89', NULL, '7', NULL, '24540', '2025-09-03 23:00:52', '1', '1', '1'),
(177, NULL, '93', '7', '24520', NULL, '2025-09-03 23:00:52', '1', '1', '1'),
(178, '90', NULL, '7', NULL, '24520', '2025-09-03 23:00:52', '1', '1', '1'),
(179, NULL, '94', '7', '24970', NULL, '2025-09-03 23:00:52', '1', '1', '1'),
(180, '91', NULL, '7', NULL, '24970', '2025-09-03 23:00:52', '1', '1', '1'),
(181, NULL, '95', '6', '18990', NULL, '2025-09-03 23:00:52', '1', '1', '1'),
(182, '92', NULL, '6', NULL, '18990', '2025-09-03 23:00:52', '1', '1', '1'),
(183, NULL, '96', '6', '7660', NULL, '2025-09-03 23:00:52', '1', '1', '1'),
(184, '93', NULL, '6', NULL, '7660', '2025-09-03 23:00:52', '1', '1', '1'),
(185, NULL, '97', '6', '13320', NULL, '2025-09-03 23:00:52', '1', '1', '1'),
(186, '94', NULL, '6', NULL, '13320', '2025-09-03 23:00:52', '1', '1', '1'),
(187, NULL, '98', '16', '21470', NULL, '2025-09-03 23:00:52', '1', '1', '1'),
(188, '95', NULL, '16', NULL, '21470', '2025-09-03 23:00:52', '1', '1', '1'),
(189, NULL, '99', '16', '21370', NULL, '2025-09-03 23:00:52', '1', '1', '1'),
(190, '96', NULL, '16', NULL, '21370', '2025-09-03 23:00:52', '1', '1', '1'),
(191, NULL, '100', '16', '20990', NULL, '2025-09-03 23:00:52', '1', '1', '1'),
(192, '97', NULL, '16', NULL, '20990', '2025-09-03 23:00:52', '1', '1', '1'),
(193, NULL, '101', '20', '22580', NULL, '2025-09-03 23:00:52', '1', '1', '1'),
(194, '98', NULL, '20', NULL, '22580', '2025-09-03 23:00:52', '1', '1', '1'),
(195, NULL, '102', '3', '24050', NULL, '2025-09-03 23:00:52', '1', '1', '1'),
(196, '99', NULL, '3', NULL, '24050', '2025-09-03 23:00:52', '1', '1', '1'),
(197, NULL, '103', '3', '25540', NULL, '2025-09-03 23:00:52', '1', '1', '1'),
(198, '100', NULL, '3', NULL, '25540', '2025-09-03 23:00:52', '1', '1', '1'),
(199, NULL, '104', '7', '24890', NULL, '2025-09-03 23:00:52', '1', '1', '1'),
(200, '101', NULL, '7', NULL, '24890', '2025-09-03 23:00:52', '1', '1', '1'),
(201, NULL, '105', '6', '7640', NULL, '2025-09-03 23:00:52', '1', '1', '1'),
(202, '102', NULL, '6', NULL, '7640', '2025-09-03 23:00:52', '1', '1', '1'),
(203, NULL, '106', '6', '19310', NULL, '2025-09-03 23:00:52', '1', '1', '1'),
(204, '103', NULL, '6', NULL, '19310', '2025-09-03 23:00:52', '1', '1', '1'),
(205, NULL, '107', '9', '5660', NULL, '2025-09-03 23:00:52', '1', '1', '1'),
(206, '104', NULL, '9', NULL, '5660', '2025-09-03 23:00:52', '1', '1', '1'),
(207, NULL, '108', '9', '17770', NULL, '2025-09-03 23:00:52', '1', '1', '1'),
(208, '105', NULL, '9', NULL, '17770', '2025-09-03 23:00:52', '1', '1', '1'),
(209, NULL, '109', '16', '21690', NULL, '2025-09-03 23:00:52', '1', '1', '1'),
(210, '106', NULL, '16', NULL, '21690', '2025-09-03 23:00:52', '1', '1', '1'),
(211, NULL, '110', '6', '22140', NULL, '2025-09-03 23:00:52', '1', '1', '1'),
(212, '107', NULL, '6', NULL, '22140', '2025-09-03 23:00:52', '1', '1', '1'),
(213, NULL, '111', '6', '21930', NULL, '2025-09-03 23:00:52', '1', '1', '1'),
(214, '108', NULL, '6', NULL, '21930', '2025-09-03 23:00:52', '1', '1', '1'),
(215, NULL, '112', '6', '20070', NULL, '2025-09-03 23:00:52', '1', '1', '1'),
(216, '109', NULL, '6', NULL, '20070', '2025-09-03 23:00:52', '1', '1', '1'),
(217, NULL, '113', '9', '17830', NULL, '2025-09-03 23:00:52', '1', '1', '1'),
(218, '110', NULL, '9', NULL, '17830', '2025-09-03 23:00:52', '1', '1', '1'),
(219, NULL, '114', '16', '21480', NULL, '2025-09-03 23:00:52', '1', '1', '1'),
(220, '111', NULL, '16', NULL, '21480', '2025-09-03 23:00:52', '1', '1', '1'),
(221, NULL, '115', '2', '20103', NULL, '2025-09-03 23:00:52', '1', '1', '1'),
(222, '112', NULL, '2', NULL, '20103', '2025-09-03 23:00:52', '1', '1', '1'),
(223, NULL, '116', '3', '19760', NULL, '2025-09-03 23:00:52', '1', '1', '1'),
(224, '113', NULL, '3', NULL, '19760', '2025-09-03 23:00:52', '1', '1', '1'),
(225, NULL, '117', '4', '24410', NULL, '2025-09-03 23:00:52', '1', '1', '1'),
(226, '114', NULL, '4', NULL, '24410', '2025-09-03 23:00:52', '1', '1', '1'),
(227, NULL, '118', '5', '11356', NULL, '2025-09-03 23:00:52', '1', '1', '1'),
(228, '115', NULL, '5', NULL, '11356', '2025-09-03 23:00:52', '1', '1', '1'),
(229, NULL, '119', '6', '21450', NULL, '2025-09-03 23:00:52', '1', '1', '1'),
(230, '116', NULL, '6', NULL, '21450', '2025-09-03 23:00:52', '1', '1', '1'),
(231, NULL, '120', '16', '21720', NULL, '2025-09-03 23:00:52', '1', '1', '1'),
(232, '117', NULL, '16', NULL, '21720', '2025-09-03 23:00:52', '1', '1', '1'),
(233, NULL, '121', '3', '25030', NULL, '2025-09-03 23:00:52', '1', '1', '1'),
(234, '118', NULL, '3', NULL, '25030', '2025-09-03 23:00:52', '1', '1', '1'),
(235, NULL, '122', '3', '25860', NULL, '2025-09-03 23:00:52', '1', '1', '1'),
(236, '119', NULL, '3', NULL, '25860', '2025-09-03 23:00:52', '1', '1', '1'),
(237, NULL, '123', '4', '23960', NULL, '2025-09-03 23:00:52', '1', '1', '1'),
(238, '120', NULL, '4', NULL, '23960', '2025-09-03 23:00:52', '1', '1', '1'),
(239, NULL, '124', '7', '21710', NULL, '2025-09-03 23:00:52', '1', '1', '1'),
(240, '121', NULL, '7', NULL, '21710', '2025-09-03 23:00:52', '1', '1', '1'),
(241, NULL, '125', '7', '24970', NULL, '2025-09-03 23:00:52', '1', '1', '1'),
(242, '122', NULL, '7', NULL, '24970', '2025-09-03 23:00:52', '1', '1', '1'),
(243, NULL, '126', '6', '4510', NULL, '2025-09-03 23:00:52', '1', '1', '1'),
(244, '123', NULL, '6', NULL, '4510', '2025-09-03 23:00:52', '1', '1', '1'),
(245, NULL, '127', '9', '17990', NULL, '2025-09-03 23:00:52', '1', '1', '1'),
(246, '124', NULL, '9', NULL, '17990', '2025-09-03 23:00:52', '1', '1', '1'),
(247, NULL, '128', '2', '19744', NULL, '2025-09-03 23:00:52', '1', '1', '1'),
(248, '125', NULL, '2', NULL, '19744', '2025-09-03 23:00:52', '1', '1', '1'),
(249, NULL, '129', '3', '25540', NULL, '2025-09-03 23:00:52', '1', '1', '1'),
(250, '126', NULL, '3', NULL, '25540', '2025-09-03 23:00:52', '1', '1', '1'),
(251, NULL, '130', '5', '11006', NULL, '2025-09-03 23:00:52', '1', '1', '1'),
(252, '127', NULL, '5', NULL, '11006', '2025-09-03 23:00:52', '1', '1', '1'),
(253, NULL, '131', '7', '23820', NULL, '2025-09-03 23:00:52', '1', '1', '1'),
(254, '128', NULL, '7', NULL, '23820', '2025-09-03 23:00:52', '1', '1', '1'),
(255, NULL, '132', '6', '20760', NULL, '2025-09-03 23:00:52', '1', '1', '1'),
(256, '129', NULL, '6', NULL, '20760', '2025-09-03 23:00:52', '1', '1', '1'),
(257, NULL, '133', '6', '5760', NULL, '2025-09-03 23:00:52', '1', '1', '1'),
(258, '130', NULL, '6', NULL, '5760', '2025-09-03 23:00:52', '1', '1', '1'),
(259, NULL, '134', '9', '17660', NULL, '2025-09-03 23:00:52', '1', '1', '1'),
(260, '131', NULL, '9', NULL, '17660', '2025-09-03 23:00:52', '1', '1', '1'),
(261, NULL, '135', '1', '25890', NULL, '2025-09-03 23:00:52', '1', '1', '1'),
(262, '132', NULL, '1', NULL, '25890', '2025-09-03 23:00:52', '1', '1', '1'),
(263, NULL, '136', '3', '24600', NULL, '2025-09-03 23:00:52', '1', '1', '1'),
(264, '133', NULL, '3', NULL, '24600', '2025-09-03 23:00:52', '1', '1', '1'),
(265, NULL, '137', '3', '22180', NULL, '2025-09-03 23:00:52', '1', '1', '1'),
(266, '134', NULL, '3', NULL, '22180', '2025-09-03 23:00:52', '1', '1', '1'),
(267, NULL, '138', '15', '7200', NULL, '2025-09-03 23:00:52', '1', '1', '1'),
(268, '135', NULL, '15', NULL, '7200', '2025-09-03 23:00:52', '1', '1', '1'),
(269, NULL, '139', '16', '21570', NULL, '2025-09-03 23:00:52', '1', '1', '1'),
(270, '136', NULL, '16', NULL, '21570', '2025-09-03 23:00:52', '1', '1', '1'),
(271, NULL, '140', '16', '21920', NULL, '2025-09-03 23:00:52', '1', '1', '1'),
(272, '137', NULL, '16', NULL, '21920', '2025-09-03 23:00:52', '1', '1', '1'),
(273, NULL, '141', '3', '25880', NULL, '2025-09-03 23:00:52', '1', '1', '1'),
(274, '138', NULL, '3', NULL, '25880', '2025-09-03 23:00:52', '1', '1', '1'),
(275, NULL, '142', '4', '21700', NULL, '2025-09-03 23:00:52', '1', '1', '1'),
(276, '139', NULL, '4', NULL, '21700', '2025-09-03 23:00:52', '1', '1', '1'),
(277, NULL, '143', '4', '24760', NULL, '2025-09-03 23:00:52', '1', '1', '1'),
(278, '140', NULL, '4', NULL, '24760', '2025-09-03 23:00:52', '1', '1', '1'),
(279, NULL, '144', '7', '23710', NULL, '2025-09-03 23:00:52', '1', '1', '1'),
(280, '141', NULL, '7', NULL, '23710', '2025-09-03 23:00:52', '1', '1', '1'),
(281, NULL, '145', '6', '21690', NULL, '2025-09-03 23:00:52', '1', '1', '1'),
(282, '142', NULL, '6', NULL, '21690', '2025-09-03 23:00:52', '1', '1', '1'),
(283, NULL, '146', '6', '21290', NULL, '2025-09-03 23:00:52', '1', '1', '1'),
(284, '143', NULL, '6', NULL, '21290', '2025-09-03 23:00:52', '1', '1', '1'),
(285, NULL, '147', '9', '17860', NULL, '2025-09-03 23:00:52', '1', '1', '1'),
(286, '144', NULL, '9', NULL, '17860', '2025-09-03 23:00:52', '1', '1', '1'),
(287, NULL, '148', '16', '21130', NULL, '2025-09-03 23:00:52', '1', '1', '1'),
(288, '145', NULL, '16', NULL, '21130', '2025-09-03 23:00:52', '1', '1', '1'),
(289, NULL, '149', '3', '26580', NULL, '2025-09-03 23:00:52', '1', '1', '1'),
(290, '146', NULL, '3', NULL, '26580', '2025-09-03 23:00:52', '1', '1', '1'),
(291, NULL, '150', '3', '24950', NULL, '2025-09-03 23:00:52', '1', '1', '1'),
(292, '147', NULL, '3', NULL, '24950', '2025-09-03 23:00:52', '1', '1', '1'),
(293, NULL, '151', '4', '22970', NULL, '2025-09-03 23:00:52', '1', '1', '1'),
(294, '148', NULL, '4', NULL, '22970', '2025-09-03 23:00:52', '1', '1', '1'),
(295, NULL, '152', '7', '24700', NULL, '2025-09-03 23:00:52', '1', '1', '1'),
(296, '149', NULL, '7', NULL, '24700', '2025-09-03 23:00:52', '1', '1', '1'),
(297, NULL, '153', '7', '23110', NULL, '2025-09-03 23:00:52', '1', '1', '1'),
(298, '150', NULL, '7', NULL, '23110', '2025-09-03 23:00:52', '1', '1', '1'),
(299, NULL, '154', '6', '21020', NULL, '2025-09-03 23:00:52', '1', '1', '1'),
(300, '151', NULL, '6', NULL, '21020', '2025-09-03 23:00:52', '1', '1', '1'),
(301, NULL, '155', '6', '20550', NULL, '2025-09-03 23:00:52', '1', '1', '1'),
(302, '152', NULL, '6', NULL, '20550', '2025-09-03 23:00:52', '1', '1', '1'),
(303, NULL, '156', '6', '6620', NULL, '2025-09-03 23:00:52', '1', '1', '1'),
(304, '153', NULL, '6', NULL, '6620', '2025-09-03 23:00:52', '1', '1', '1'),
(305, NULL, '157', '16', '20850', NULL, '2025-09-03 23:00:52', '1', '1', '1'),
(306, '154', NULL, '16', NULL, '20850', '2025-09-03 23:00:52', '1', '1', '1'),
(307, NULL, '158', '6', '19820', NULL, '2025-09-03 23:00:52', '1', '1', '1'),
(308, '155', NULL, '6', NULL, '19820', '2025-09-03 23:00:52', '1', '1', '1'),
(309, NULL, '159', '9', '17870', NULL, '2025-09-03 23:00:52', '1', '1', '1'),
(310, '156', NULL, '9', NULL, '17870', '2025-09-03 23:00:52', '1', '1', '1'),
(311, NULL, '160', '9', '17520', NULL, '2025-09-03 23:00:52', '1', '1', '1'),
(312, '157', NULL, '9', NULL, '17520', '2025-09-03 23:00:52', '1', '1', '1'),
(313, NULL, '161', '1', '25358', NULL, '2025-09-03 23:00:52', '1', '1', '1'),
(314, '158', NULL, '1', NULL, '25358', '2025-09-03 23:00:52', '1', '1', '1'),
(315, NULL, '162', '2', '19867', NULL, '2025-09-03 23:00:52', '1', '1', '1'),
(316, '159', NULL, '2', NULL, '19867', '2025-09-03 23:00:52', '1', '1', '1'),
(317, NULL, '163', '4', '22350', NULL, '2025-09-03 23:00:52', '1', '1', '1'),
(318, '160', NULL, '4', NULL, '22350', '2025-09-03 23:00:52', '1', '1', '1'),
(319, NULL, '164', '6', '21140', NULL, '2025-09-03 23:00:52', '1', '1', '1'),
(320, '161', NULL, '6', NULL, '21140', '2025-09-03 23:00:52', '1', '1', '1'),
(321, NULL, '165', '6', '6790', NULL, '2025-09-03 23:00:52', '1', '1', '1'),
(322, '162', NULL, '6', NULL, '6790', '2025-09-03 23:00:52', '1', '1', '1'),
(323, NULL, '166', '3', '26800', NULL, '2025-09-03 23:00:52', '1', '1', '1'),
(324, '163', NULL, '3', NULL, '26800', '2025-09-03 23:00:52', '1', '1', '1'),
(325, NULL, '167', '4', '25940', NULL, '2025-09-03 23:00:52', '1', '1', '1'),
(326, '164', NULL, '4', NULL, '25940', '2025-09-03 23:00:52', '1', '1', '1'),
(327, NULL, '168', '7', '25030', NULL, '2025-09-03 23:00:52', '1', '1', '1'),
(328, '165', NULL, '7', NULL, '25030', '2025-09-03 23:00:52', '1', '1', '1'),
(329, NULL, '169', '7', '24280', NULL, '2025-09-03 23:00:52', '1', '1', '1'),
(330, '166', NULL, '7', NULL, '24280', '2025-09-03 23:00:52', '1', '1', '1'),
(331, NULL, '170', '6', '19280', NULL, '2025-09-03 23:00:52', '1', '1', '1'),
(332, '167', NULL, '6', NULL, '19280', '2025-09-03 23:00:52', '1', '1', '1'),
(333, NULL, '171', '16', '22300', NULL, '2025-09-03 23:00:52', '1', '1', '1'),
(334, '168', NULL, '16', NULL, '22300', '2025-09-03 23:00:52', '1', '1', '1'),
(335, NULL, '172', '16', '22220', NULL, '2025-09-03 23:00:52', '1', '1', '1'),
(336, '169', NULL, '16', NULL, '22220', '2025-09-03 23:00:52', '1', '1', '1'),
(337, NULL, '173', '2', '19979', NULL, '2025-09-03 23:00:52', '1', '1', '1'),
(338, '170', NULL, '2', NULL, '19979', '2025-09-03 23:00:52', '1', '1', '1'),
(339, NULL, '174', '3', '26440', NULL, '2025-09-03 23:00:52', '1', '1', '1'),
(340, '171', NULL, '3', NULL, '26440', '2025-09-03 23:00:52', '1', '1', '1'),
(341, NULL, '175', '3', '26410', NULL, '2025-09-03 23:00:52', '1', '1', '1'),
(342, '172', NULL, '3', NULL, '26410', '2025-09-03 23:00:52', '1', '1', '1'),
(343, NULL, '176', '4', '22040', NULL, '2025-09-03 23:00:52', '1', '1', '1'),
(344, '173', NULL, '4', NULL, '22040', '2025-09-03 23:00:52', '1', '1', '1'),
(345, NULL, '177', '5', '11539', NULL, '2025-09-03 23:00:52', '1', '1', '1'),
(346, '174', NULL, '5', NULL, '11539', '2025-09-03 23:00:52', '1', '1', '1'),
(347, NULL, '178', '5', '13203', NULL, '2025-09-03 23:00:52', '1', '1', '1'),
(348, '175', NULL, '5', NULL, '13203', '2025-09-03 23:00:52', '1', '1', '1'),
(349, NULL, '179', '7', '25380', NULL, '2025-09-03 23:00:52', '1', '1', '1'),
(350, '176', NULL, '7', NULL, '25380', '2025-09-03 23:00:52', '1', '1', '1'),
(351, NULL, '180', '6', '19980', NULL, '2025-09-03 23:00:52', '1', '1', '1'),
(352, '177', NULL, '6', NULL, '19980', '2025-09-03 23:00:52', '1', '1', '1'),
(353, NULL, '181', '6', '20640', NULL, '2025-09-03 23:00:52', '1', '1', '1'),
(354, '178', NULL, '6', NULL, '20640', '2025-09-03 23:00:52', '1', '1', '1'),
(355, NULL, '182', '9', '17820', NULL, '2025-09-03 23:00:52', '1', '1', '1'),
(356, '179', NULL, '9', NULL, '17820', '2025-09-03 23:00:52', '1', '1', '1'),
(357, NULL, '183', '16', '21470', NULL, '2025-09-03 23:00:52', '1', '1', '1'),
(358, '180', NULL, '16', NULL, '21470', '2025-09-03 23:00:52', '1', '1', '1'),
(359, NULL, '184', '16', '21980', NULL, '2025-09-03 23:00:52', '1', '1', '1'),
(360, '181', NULL, '16', NULL, '21980', '2025-09-03 23:00:52', '1', '1', '1'),
(361, NULL, '185', '3', '27500', NULL, '2025-09-03 23:00:52', '1', '1', '1'),
(362, '182', NULL, '3', NULL, '27500', '2025-09-03 23:00:52', '1', '1', '1'),
(363, NULL, '186', '4', '25410', NULL, '2025-09-03 23:00:52', '1', '1', '1'),
(364, '183', NULL, '4', NULL, '25410', '2025-09-03 23:00:52', '1', '1', '1'),
(365, NULL, '187', '7', '23180', NULL, '2025-09-03 23:00:52', '1', '1', '1'),
(366, '184', NULL, '7', NULL, '23180', '2025-09-03 23:00:52', '1', '1', '1'),
(367, NULL, '188', '7', '22710', NULL, '2025-09-03 23:00:52', '1', '1', '1'),
(368, '185', NULL, '7', NULL, '22710', '2025-09-03 23:00:52', '1', '1', '1'),
(369, NULL, '189', '6', '18880', NULL, '2025-09-03 23:00:52', '1', '1', '1'),
(370, '186', NULL, '6', NULL, '18880', '2025-09-03 23:00:52', '1', '1', '1'),
(371, NULL, '190', '16', '22110', NULL, '2025-09-03 23:00:52', '1', '1', '1'),
(372, '187', NULL, '16', NULL, '22110', '2025-09-03 23:00:52', '1', '1', '1'),
(373, NULL, '191', '9', '17770', NULL, '2025-09-03 23:00:52', '1', '1', '1'),
(374, '188', NULL, '9', NULL, '17770', '2025-09-03 23:00:52', '1', '1', '1'),
(375, NULL, '192', '3', '25400', NULL, '2025-09-03 23:00:52', '1', '1', '1'),
(376, '189', NULL, '3', NULL, '25400', '2025-09-03 23:00:52', '1', '1', '1'),
(377, NULL, '193', '3', '24300', NULL, '2025-09-03 23:00:52', '1', '1', '1'),
(378, '190', NULL, '3', NULL, '24300', '2025-09-03 23:00:52', '1', '1', '1'),
(379, NULL, '194', '4', '25130', NULL, '2025-09-03 23:00:52', '1', '1', '1'),
(380, '191', NULL, '4', NULL, '25130', '2025-09-03 23:00:52', '1', '1', '1'),
(381, NULL, '195', '7', '25540', NULL, '2025-09-03 23:00:52', '1', '1', '1'),
(382, '192', NULL, '7', NULL, '25540', '2025-09-03 23:00:52', '1', '1', '1'),
(383, NULL, '196', '6', '19510', NULL, '2025-09-03 23:00:52', '1', '1', '1'),
(384, '193', NULL, '6', NULL, '19510', '2025-09-03 23:00:52', '1', '1', '1'),
(385, NULL, '197', '6', '21500', NULL, '2025-09-03 23:00:52', '1', '1', '1'),
(386, '194', NULL, '6', NULL, '21500', '2025-09-03 23:00:52', '1', '1', '1'),
(387, NULL, '198', '9', '17840', NULL, '2025-09-03 23:00:52', '1', '1', '1'),
(388, '195', NULL, '9', NULL, '17840', '2025-09-03 23:00:52', '1', '1', '1'),
(389, NULL, '199', '2', '19857', NULL, '2025-09-03 23:00:52', '1', '1', '1'),
(390, '196', NULL, '2', NULL, '19857', '2025-09-03 23:00:52', '1', '1', '1'),
(391, NULL, '200', '3', '25060', NULL, '2025-09-03 23:00:52', '1', '1', '1'),
(392, '197', NULL, '3', NULL, '25060', '2025-09-03 23:00:52', '1', '1', '1'),
(393, NULL, '201', '4', '24880', NULL, '2025-09-03 23:00:52', '1', '1', '1'),
(394, '198', NULL, '4', NULL, '24880', '2025-09-03 23:00:52', '1', '1', '1'),
(395, NULL, '202', '7', '23220', NULL, '2025-09-03 23:00:52', '1', '1', '1'),
(396, '199', NULL, '7', NULL, '23220', '2025-09-03 23:00:52', '1', '1', '1'),
(397, NULL, '203', '6', '20500', NULL, '2025-09-03 23:00:52', '1', '1', '1'),
(398, '200', NULL, '6', NULL, '20500', '2025-09-03 23:00:52', '1', '1', '1'),
(399, NULL, '204', '6', '19870', NULL, '2025-09-03 23:00:52', '1', '1', '1'),
(400, '201', NULL, '6', NULL, '19870', '2025-09-03 23:00:52', '1', '1', '1'),
(401, NULL, '205', '6', '7780', NULL, '2025-09-03 23:00:52', '1', '1', '1'),
(402, '202', NULL, '6', NULL, '7780', '2025-09-03 23:00:52', '1', '1', '1'),
(403, NULL, '206', '6', '7780', NULL, '2025-09-03 23:00:52', '1', '1', '1'),
(404, '203', NULL, '6', NULL, '7780', '2025-09-03 23:00:52', '1', '1', '1'),
(405, NULL, '207', '9', '17760', NULL, '2025-09-03 23:00:52', '1', '1', '1'),
(406, '204', NULL, '9', NULL, '17760', '2025-09-03 23:00:52', '1', '1', '1'),
(407, NULL, '208', '16', '21490', NULL, '2025-09-03 23:00:52', '1', '1', '1'),
(408, '205', NULL, '16', NULL, '21490', '2025-09-03 23:00:52', '1', '1', '1'),
(409, NULL, '209', '16', '21680', NULL, '2025-09-03 23:00:52', '1', '1', '1'),
(410, '206', NULL, '16', NULL, '21680', '2025-09-03 23:00:52', '1', '1', '1'),
(411, NULL, '210', '20', '22089', NULL, '2025-09-03 23:00:52', '1', '1', '1'),
(412, '207', NULL, '20', NULL, '22089', '2025-09-03 23:00:52', '1', '1', '1'),
(413, NULL, '211', '4', '25310', NULL, '2025-09-03 23:00:52', '1', '1', '1'),
(414, '208', NULL, '4', NULL, '25310', '2025-09-03 23:00:52', '1', '1', '1'),
(415, NULL, '212', '6', '20360', NULL, '2025-09-03 23:00:52', '1', '1', '1'),
(416, '209', NULL, '6', NULL, '20360', '2025-09-03 23:00:52', '1', '1', '1'),
(417, NULL, '213', '6', '21480', NULL, '2025-09-03 23:00:52', '1', '1', '1'),
(418, '210', NULL, '6', NULL, '21480', '2025-09-03 23:00:52', '1', '1', '1'),
(419, NULL, '214', '16', '21920', NULL, '2025-09-03 23:00:52', '1', '1', '1'),
(420, '211', NULL, '16', NULL, '21920', '2025-09-03 23:00:52', '1', '1', '1'),
(421, NULL, '215', '2', '19829', NULL, '2025-09-03 23:00:52', '1', '1', '1'),
(422, '212', NULL, '2', NULL, '19829', '2025-09-03 23:00:52', '1', '1', '1'),
(423, NULL, '216', '3', '25860', NULL, '2025-09-03 23:00:52', '1', '1', '1'),
(424, '213', NULL, '3', NULL, '25860', '2025-09-03 23:00:52', '1', '1', '1'),
(425, NULL, '217', '3', '17970', NULL, '2025-09-03 23:00:52', '1', '1', '1'),
(426, '214', NULL, '3', NULL, '17970', '2025-09-03 23:00:52', '1', '1', '1'),
(427, NULL, '218', '3', '17280', NULL, '2025-09-03 23:00:52', '1', '1', '1'),
(428, '215', NULL, '3', NULL, '17280', '2025-09-03 23:00:52', '1', '1', '1'),
(429, NULL, '219', '4', '25300', NULL, '2025-09-03 23:00:52', '1', '1', '1'),
(430, '216', NULL, '4', NULL, '25300', '2025-09-03 23:00:52', '1', '1', '1'),
(431, NULL, '220', '5', '10060', NULL, '2025-09-03 23:00:52', '1', '1', '1'),
(432, '217', NULL, '5', NULL, '10060', '2025-09-03 23:00:52', '1', '1', '1'),
(433, NULL, '221', '7', '24280', NULL, '2025-09-03 23:00:52', '1', '1', '1'),
(434, '218', NULL, '7', NULL, '24280', '2025-09-03 23:00:52', '1', '1', '1'),
(435, NULL, '222', '7', '23300', NULL, '2025-09-03 23:00:52', '1', '1', '1'),
(436, '219', NULL, '7', NULL, '23300', '2025-09-03 23:00:52', '1', '1', '1'),
(437, NULL, '223', '6', '9580', NULL, '2025-09-03 23:00:52', '1', '1', '1'),
(438, '220', NULL, '6', NULL, '9580', '2025-09-03 23:00:52', '1', '1', '1'),
(439, NULL, '224', '9', '17740', NULL, '2025-09-03 23:00:52', '1', '1', '1'),
(440, '221', NULL, '9', NULL, '17740', '2025-09-03 23:00:52', '1', '1', '1'),
(441, NULL, '225', '9', '7020', NULL, '2025-09-03 23:00:52', '1', '1', '1'),
(442, '222', NULL, '9', NULL, '7020', '2025-09-03 23:00:52', '1', '1', '1'),
(443, NULL, '226', '20', '23293', NULL, '2025-09-03 23:00:52', '1', '1', '1'),
(444, '223', NULL, '20', NULL, '23293', '2025-09-03 23:00:52', '1', '1', '1'),
(445, NULL, '227', '3', '25130', NULL, '2025-09-03 23:00:52', '1', '1', '1'),
(446, '224', NULL, '3', NULL, '25130', '2025-09-03 23:00:52', '1', '1', '1'),
(447, NULL, '228', '4', '24110', NULL, '2025-09-03 23:00:52', '1', '1', '1'),
(448, '225', NULL, '4', NULL, '24110', '2025-09-03 23:00:52', '1', '1', '1'),
(449, NULL, '229', '7', '24230', NULL, '2025-09-03 23:00:52', '1', '1', '1'),
(450, '226', NULL, '7', NULL, '24230', '2025-09-03 23:00:52', '1', '1', '1'),
(451, NULL, '230', '7', '22960', NULL, '2025-09-03 23:00:52', '1', '1', '1'),
(452, '227', NULL, '7', NULL, '22960', '2025-09-03 23:00:52', '1', '1', '1'),
(453, NULL, '231', '6', '20040', NULL, '2025-09-03 23:00:52', '1', '1', '1'),
(454, '228', NULL, '6', NULL, '20040', '2025-09-03 23:00:52', '1', '1', '1'),
(455, NULL, '232', '6', '19740', NULL, '2025-09-03 23:00:52', '1', '1', '1'),
(456, '229', NULL, '6', NULL, '19740', '2025-09-03 23:00:52', '1', '1', '1'),
(457, NULL, '233', '6', '21500', NULL, '2025-09-03 23:00:52', '1', '1', '1'),
(458, '230', NULL, '6', NULL, '21500', '2025-09-03 23:00:52', '1', '1', '1'),
(459, NULL, '234', '6', '17980', NULL, '2025-09-03 23:00:52', '1', '1', '1'),
(460, '231', NULL, '6', NULL, '17980', '2025-09-03 23:00:52', '1', '1', '1'),
(461, NULL, '235', '6', '16440', NULL, '2025-09-03 23:00:52', '1', '1', '1'),
(462, '232', NULL, '6', NULL, '16440', '2025-09-03 23:00:52', '1', '1', '1'),
(463, NULL, '236', '16', '21430', NULL, '2025-09-03 23:00:52', '1', '1', '1'),
(464, '233', NULL, '16', NULL, '21430', '2025-09-03 23:00:52', '1', '1', '1'),
(465, NULL, '237', '2', '20118', NULL, '2025-09-03 23:00:52', '1', '1', '1'),
(466, '234', NULL, '2', NULL, '20118', '2025-09-03 23:00:52', '1', '1', '1'),
(467, NULL, '238', '3', '26090', NULL, '2025-09-03 23:00:52', '1', '1', '1'),
(468, '235', NULL, '3', NULL, '26090', '2025-09-03 23:00:52', '1', '1', '1'),
(469, NULL, '239', '4', '24730', NULL, '2025-09-03 23:00:52', '1', '1', '1'),
(470, '236', NULL, '4', NULL, '24730', '2025-09-03 23:00:52', '1', '1', '1'),
(471, NULL, '240', '6', '20880', NULL, '2025-09-03 23:00:52', '1', '1', '1'),
(472, '237', NULL, '6', NULL, '20880', '2025-09-03 23:00:52', '1', '1', '1'),
(473, NULL, '241', '9', '5760', NULL, '2025-09-03 23:00:52', '1', '1', '1'),
(474, '238', NULL, '9', NULL, '5760', '2025-09-03 23:00:52', '1', '1', '1'),
(475, NULL, '242', '9', '17860', NULL, '2025-09-03 23:00:52', '1', '1', '1'),
(476, '239', NULL, '9', NULL, '17860', '2025-09-03 23:00:52', '1', '1', '1'),
(477, NULL, '243', '9', '17840', NULL, '2025-09-03 23:00:52', '1', '1', '1'),
(478, '240', NULL, '9', NULL, '17840', '2025-09-03 23:00:52', '1', '1', '1'),
(479, NULL, '244', '3', '24320', NULL, '2025-09-03 23:00:52', '1', '1', '1'),
(480, '241', NULL, '3', NULL, '24320', '2025-09-03 23:00:52', '1', '1', '1'),
(481, NULL, '245', '3', '25950', NULL, '2025-09-03 23:00:52', '1', '1', '1'),
(482, '242', NULL, '3', NULL, '25950', '2025-09-03 23:00:52', '1', '1', '1'),
(483, NULL, '246', '3', '25740', NULL, '2025-09-03 23:00:52', '1', '1', '1'),
(484, '243', NULL, '3', NULL, '25740', '2025-09-03 23:00:52', '1', '1', '1'),
(485, NULL, '247', '4', '25020', NULL, '2025-09-03 23:00:52', '1', '1', '1'),
(486, '244', NULL, '4', NULL, '25020', '2025-09-03 23:00:52', '1', '1', '1'),
(487, NULL, '248', '4', '24340', NULL, '2025-09-03 23:00:52', '1', '1', '1'),
(488, '245', NULL, '4', NULL, '24340', '2025-09-03 23:00:52', '1', '1', '1'),
(489, NULL, '249', '5', '10330', NULL, '2025-09-03 23:00:52', '1', '1', '1'),
(490, '246', NULL, '5', NULL, '10330', '2025-09-03 23:00:52', '1', '1', '1'),
(491, NULL, '250', '7', '22850', NULL, '2025-09-03 23:00:52', '1', '1', '1'),
(492, '247', NULL, '7', NULL, '22850', '2025-09-03 23:00:52', '1', '1', '1'),
(493, NULL, '251', '6', '19740', NULL, '2025-09-03 23:00:52', '1', '1', '1'),
(494, '248', NULL, '6', NULL, '19740', '2025-09-03 23:00:52', '1', '1', '1'),
(495, NULL, '252', '7', '22150', NULL, '2025-09-03 23:00:52', '1', '1', '1'),
(496, '249', NULL, '7', NULL, '22150', '2025-09-03 23:00:52', '1', '1', '1'),
(497, NULL, '253', '7', '23370', NULL, '2025-09-03 23:00:52', '1', '1', '1'),
(498, '250', NULL, '7', NULL, '23370', '2025-09-03 23:00:52', '1', '1', '1');

-- --------------------------------------------------------

--
-- Estructura de tabla para la tabla `clientes`
--

CREATE TABLE `clientes` (
  `id_cli` int NOT NULL,
  `nombre` varchar(255) DEFAULT NULL,
  `cod` varchar(255) DEFAULT NULL,
  `rs` varchar(255) DEFAULT NULL,
  `rfc` varchar(255) DEFAULT NULL,
  `c_contable` varchar(255) DEFAULT NULL,
  `tpersona` varchar(255) DEFAULT NULL,
  `tpcliente` varchar(255) DEFAULT NULL,
  `m_pago` varchar(255) DEFAULT NULL,
  `f_pago` varchar(255) DEFAULT NULL,
  `banco` varchar(255) DEFAULT NULL,
  `cfdi` varchar(255) DEFAULT NULL,
  `dir_a` varchar(255) DEFAULT NULL,
  `nom_cuenta` varchar(255) DEFAULT NULL,
  `con_pago` varchar(255) DEFAULT NULL,
  `obs` varchar(255) DEFAULT NULL,
  `fecha` timestamp NOT NULL DEFAULT CURRENT_TIMESTAMP,
  `id_user` varchar(255) DEFAULT NULL,
  `status` varchar(255) NOT NULL DEFAULT '1',
  `zona` varchar(255) DEFAULT NULL
) ENGINE=MyISAM DEFAULT CHARSET=utf8mb4 COLLATE=utf8mb4_0900_ai_ci;

--
-- Volcado de datos para la tabla `clientes`
--

INSERT INTO `clientes` (`id_cli`, `nombre`, `cod`, `rs`, `rfc`, `c_contable`, `tpersona`, `tpcliente`, `m_pago`, `f_pago`, `banco`, `cfdi`, `dir_a`, `nom_cuenta`, `con_pago`, `obs`, `fecha`, `id_user`, `status`, `zona`) VALUES
(1, 'SAN PABLO', 'E002', 'EMPAQUES MODERNOS SAN PABLO', 'EMS810717R34', NULL, 'moral', NULL, NULL, NULL, NULL, NULL, NULL, NULL, NULL, '', '2025-07-28 23:51:25', '1', '0', '1'),
(2, 'BIO PAPPEL', 'B001', 'BIO PAPPEL', 'CDU820122JFA', NULL, 'moral', NULL, NULL, NULL, NULL, NULL, NULL, NULL, NULL, '', '2025-07-28 23:57:05', '1', '1', '1'),
(3, 'ULTRA', 'P007', 'PAPELES ULTRA', 'PUL000114K69', NULL, 'moral', NULL, NULL, NULL, NULL, NULL, NULL, NULL, NULL, '', '2025-07-28 23:57:53', '1', '1', '1'),
(4, 'SMURFIT', 'S002', 'SMURFIT CARTON Y PAPEL DE MEXICO', 'SCP900125TT8', NULL, 'moral', NULL, NULL, NULL, NULL, NULL, NULL, NULL, NULL, '', '2025-07-28 23:58:25', '1', '1', '1'),
(5, 'NEVADO', 'P008', 'PAPELERA DEL NEVADO', 'PNE780427787', NULL, 'moral', NULL, NULL, NULL, NULL, NULL, NULL, NULL, NULL, '', '2025-07-28 23:58:54', '1', '1', '1'),
(6, 'DEXA', 'D207', 'DISTRIBUIDORA DE EMPAQUES', 'DEM970414561', NULL, 'moral', NULL, NULL, NULL, NULL, NULL, NULL, NULL, NULL, '', '2025-07-28 23:59:24', '1', '1', '1'),
(7, 'SAN PABLO', 'E008', 'EMPAQUES MODERNOS SAN PABLO', 'EMS810717R34', NULL, 'moral', NULL, NULL, NULL, NULL, NULL, NULL, NULL, NULL, '', '2025-07-29 00:00:26', '1', '1', '1'),
(8, 'CECSO', 'C211', 'Celulosa y Corrugados de Sonor', 'CCS810209RH5', NULL, 'moral', NULL, NULL, NULL, NULL, NULL, NULL, NULL, NULL, '', '2025-10-30 19:14:37', '1', '1', '2'),
(9, 'ULTRA', 'P007', 'PAPELES ULTRA', 'PUL000114K69', NULL, 'moral', NULL, NULL, NULL, NULL, NULL, NULL, NULL, NULL, '', '2025-11-05 22:18:14', '1', '1', '2');

-- --------------------------------------------------------

--
-- Estructura de tabla para la tabla `compras`
--

CREATE TABLE `compras` (
  `id_compra` int NOT NULL,
  `fact` varchar(255) DEFAULT NULL,
  `d_prov` varchar(255) DEFAULT NULL,
  `factura` varchar(255) DEFAULT NULL,
  `nombre` varchar(255) DEFAULT NULL,
  `id_prov` varchar(255) DEFAULT NULL,
  `id_direc` varchar(255) DEFAULT NULL,
  `id_transp` varchar(255) DEFAULT NULL,
  `id_prod` varchar(255) DEFAULT NULL,
  `tara` varchar(255) NOT NULL,
  `bruto` varchar(255) DEFAULT NULL,
  `neto` varchar(255) DEFAULT NULL,
  `pres` varchar(255) DEFAULT NULL,
  `aliasInv` varchar(255) DEFAULT NULL,
  `folio_contra` varchar(255) DEFAULT NULL,
  `fecha` timestamp NOT NULL DEFAULT CURRENT_TIMESTAMP,
  `acciones` varchar(255) NOT NULL DEFAULT '0',
  `id_user` varchar(255) DEFAULT NULL,
  `status` varchar(255) DEFAULT '1',
  `zona` varchar(255) DEFAULT NULL,
  `ex` varchar(255) NOT NULL DEFAULT '0'
) ENGINE=MyISAM DEFAULT CHARSET=utf8mb4 COLLATE=utf8mb4_0900_ai_ci;

--
-- Volcado de datos para la tabla `compras`
--

INSERT INTO `compras` (`id_compra`, `fact`, `d_prov`, `factura`, `nombre`, `id_prov`, `id_direc`, `id_transp`, `id_prod`, `tara`, `bruto`, `neto`, `pres`, `aliasInv`, `folio_contra`, `fecha`, `acciones`, `id_user`, `status`, `zona`, `ex`) VALUES
(1, '23652', NULL, NULL, 'DKL MTY', '1', '6', '1', '4', '0', '24740', '24740.00', '3.60', NULL, NULL, '2025-07-08 06:00:00', '0', '1', '1', '1', '0'),
(2, '11955/167000', NULL, NULL, 'IXTAC', '1', '4', '29', '11', '0', '21300', '21300.00', '3.60', NULL, NULL, '2025-07-24 06:00:00', '0', '1', '1', '1', '0'),
(16, '20767', NULL, NULL, '20767', '1', '5', '28', '3', '0.00', '26270', '26270', '2.8', NULL, NULL, '2025-07-30 06:00:00', '0', '1', '1', '1', '2'),
(17, '114376', NULL, NULL, '114376', '1', '11', '4', '9', '0.00', '17660', '17660', '3.6', NULL, NULL, '2025-07-25 06:00:00', '0', '1', '1', '1', '2'),
(18, '20758', NULL, NULL, '20758', '1', '5', '10', '3', '0.00', '26040', '26040', '2.8', NULL, NULL, '2025-07-25 06:00:00', '0', '1', '1', '1', '2'),
(19, '11959-167134', NULL, NULL, '11959-167134', '1', '4', '10', '11', '0.00', '22700', '22700', '3.6', NULL, NULL, '2025-07-28 06:00:00', '0', '1', '1', '1', '2'),
(20, '114378', NULL, NULL, '114378', '1', '11', '4', '9', '0.00', '21140', '21140', '3.6', NULL, NULL, '2025-07-25 06:00:00', '0', '1', '1', '1', '2'),
(21, '11965-167336', NULL, NULL, '11965-167336', '1', '4', '10', '11', '0.00', '24400', '24400', '3.6', NULL, NULL, '2025-07-30 06:00:00', '0', '1', '1', '1', '2'),
(22, '10135', NULL, NULL, '10135', '1', '2', '29', '9', '0.00', '20055', '20055', '3.6', NULL, NULL, '2025-07-30 06:00:00', '0', '1', '1', '1', '2'),
(23, '20768', NULL, NULL, '20768', '1', '5', '10', '3', '0.00', '29430', '29430', '2.8', NULL, NULL, '2025-07-31 06:00:00', '0', '1', '1', '1', '2'),
(24, '11966-167514', NULL, NULL, '11966-167514', '1', '4', '10', '11', '0.00', '23200', '23200', '3.6', NULL, NULL, '2025-07-31 06:00:00', '0', '1', '1', '1', '2'),
(25, '11957-167076', NULL, NULL, '11957-167076', '1', '4', '30', '20', '0.00', '21600', '21600', '3.6', NULL, NULL, '2025-07-26 06:00:00', '0', '1', '1', '1', '2'),
(26, '20765', NULL, NULL, '20765', '1', '5', '28', '3', '0.00', '26300', '26300', '3.2', NULL, NULL, '2025-07-29 06:00:00', '0', '1', '1', '1', '2'),
(27, '114388', NULL, NULL, '114388', '1', '11', '3', '9', '0.00', '21190', '21190', '3.6', NULL, NULL, '2025-07-29 06:00:00', '0', '1', '1', '1', '2'),
(28, '20766', NULL, NULL, '20766', '1', '5', '20', '3', '0.00', '25580', '25580', '3.2', NULL, NULL, '2025-07-30 06:00:00', '0', '1', '1', '1', '2'),
(29, '114392', NULL, NULL, '114392', '1', '11', '4', '9', '0.00', '17270', '17270', '3.6', NULL, NULL, '2025-07-30 06:00:00', '0', '1', '1', '1', '2'),
(30, '114393', NULL, NULL, '114393', '1', '11', '4', '9', '0.00', '17000', '17000', '3.6', NULL, NULL, '2025-07-30 06:00:00', '0', '1', '1', '1', '2'),
(31, '1487', NULL, NULL, '1487', '1', '1', '26', '1', '0.00', '25872', '25872', '3.2', NULL, NULL, '2025-07-31 06:00:00', '0', '1', '1', '1', '2'),
(32, '114335', NULL, NULL, '114335', '1', '9', '3', '6', '0.00', '19110', '19110', '3.6', NULL, NULL, '2025-07-31 06:00:00', '0', '1', '1', '1', '2'),
(33, '114336', NULL, NULL, '114336', '1', '9', '3', '6', '0.00', '22710', '22710', '3.6', NULL, NULL, '2025-07-31 06:00:00', '0', '1', '1', '1', '2'),
(34, '114337', NULL, NULL, '114337', '1', '9', '3', '6', '0.00', '6600', '6600', '1', NULL, NULL, '2025-07-31 06:00:00', '0', '1', '1', '1', '2'),
(35, '114398', 'archivos/LAISA/2025/08/EA_I107_227715_250812', '227715', '114398', '1', '11', '4', '9', '0.00', '8980', '8980', '1', NULL, NULL, '2025-07-31 06:00:00', '0', '1', '1', '1', '2'),
(36, '114400', 'archivos/LAISA/2025/08/EA_I107_227639_250811', '227639', '114400', '1', '11', '4', '9', '0.00', '8490', '8490', '1', NULL, NULL, '2025-07-31 06:00:00', '0', '1', '1', '1', '2'),
(37, '114401', NULL, NULL, '114401', '1', '11', '3', '9', '0.00', '22040', '22040', '3.6', NULL, NULL, '2025-07-31 06:00:00', '0', '1', '1', '1', '2'),
(38, '10136', NULL, NULL, '10136', '1', '2', '29', '2', '0.00', '19826', '19826', '3.6', NULL, NULL, '2025-08-01 06:00:00', '0', '1', '1', '1', '2'),
(39, '20773', 'archivos/LAISA/2025/08/EA_I107_183641_250806', '183641', '20773', '1', '5', '15', '3', '0.00', '26030', '26030', '3.2', NULL, NULL, '2025-08-01 06:00:00', '0', '1', '1', '1', '2'),
(40, '23708', NULL, NULL, '23708', '1', '6', '3', '4', '0.00', '23270', '23270', '3.6', NULL, NULL, '2025-08-01 06:00:00', '0', '1', '1', '1', '2'),
(41, '23709', NULL, NULL, '23709', '1', '6', '3', '4', '0.00', '25160', '25160', '3.6', NULL, NULL, '2025-08-01 06:00:00', '0', '1', '1', '1', '2'),
(42, '7531M13413', 'archivos/LAISA/2025/08/EA_I107_152158_250811', '152158', '7531M13413', '1', '10', '23', '7', '0.00', '25010', '25010', '3.6', NULL, NULL, '2025-08-01 06:00:00', '0', '1', '1', '1', '2'),
(43, '114338', NULL, NULL, '114338', '1', '9', '3', '6', '0.00', '22660', '22660', '3.6', NULL, NULL, '2025-08-01 06:00:00', '0', '1', '1', '1', '2'),
(44, '114340', NULL, NULL, '114340', '1', '9', '3', '6', '0.00', '22710', '22710', '3.6', NULL, NULL, '2025-08-01 06:00:00', '0', '1', '1', '1', '2'),
(45, '114403', NULL, NULL, '114403', '1', '11', '4', '9', '0.00', '7310', '7310', '1', NULL, NULL, '2025-08-01 06:00:00', '0', '1', '1', '1', '2'),
(46, '20776', 'archivos/LAISA/2025/08/EA_I107_183643_250806', '183643', '20776', '1', '5', '28', '3', '0.00', '25890', '25890', '3.2', NULL, NULL, '2025-08-02 06:00:00', '0', '1', '1', '1', '2'),
(47, '20775', 'archivos/LAISA/2025/08/EA_I107_183642_250806', '183642', '20775', '1', '5', '20', '3', '0.00', '24960', '24960', '3.2', NULL, NULL, '2025-08-02 06:00:00', '0', '1', '1', '1', '2'),
(48, '23710', NULL, NULL, '23710', '1', '6', '3', '4', '0.00', '23460', '23460', '3.6', NULL, NULL, '2025-08-02 06:00:00', '0', '1', '1', '1', '2'),
(49, '7531M13414', 'archivos/LAISA/2025/08/EA_I107_152160_250811', '152160', '7531M13414', '1', '10', '23', '7', '0.00', '24860', '24860', '3.6', NULL, NULL, '2025-08-02 06:00:00', '0', '1', '1', '1', '2'),
(50, '7531M13415', 'archivos/LAISA/2025/08/EA_I107_152161_250811', '152161', '7531M13415', '1', '10', '23', '7', '0.00', '24580', '24580', '3.6', NULL, NULL, '2025-08-02 06:00:00', '0', '1', '1', '1', '2'),
(51, '114341', NULL, NULL, '114341', '1', '9', '3', '6', '0.00', '20200', '20200', '3.6', NULL, NULL, '2025-08-02 06:00:00', '0', '1', '1', '1', '2'),
(52, '114343', NULL, NULL, '114343', '1', '9', '3', '6', '0.00', '22400', '22400', '3.6', NULL, NULL, '2025-08-02 06:00:00', '0', '1', '1', '1', '2'),
(53, '114342', NULL, NULL, '114342', '1', '9', '3', '6', '0.00', '8840', '8840', '1', NULL, NULL, '2025-08-02 06:00:00', '0', '1', '1', '1', '2'),
(54, '114404', NULL, NULL, '114404', '1', '11', '4', '9', '0.00', '18130', '18130', '3.6', NULL, NULL, '2025-08-02 06:00:00', '0', '1', '1', '1', '2'),
(55, '10138', NULL, NULL, '10138', '1', '2', '29', '2', '0.00', '19516', '19516', '3.6', NULL, NULL, '2025-08-03 06:00:00', '0', '1', '1', '1', '2'),
(56, '11971-167765', NULL, NULL, '11971-167765', '1', '4', '10', '20', '0.00', '24000', '24000', '3.6', NULL, NULL, '2025-08-04 06:00:00', '0', '1', '1', '1', '2'),
(57, '7531M13419', 'archivos/LAISA/2025/08/EA_I107_152162_250811', '152162', '7531M13419', '1', '10', '23', '7', '0.00', '24270', '24270', '3.6', NULL, NULL, '2025-08-04 06:00:00', '0', '1', '1', '1', '2'),
(58, '114344', NULL, NULL, '114344', '1', '9', '3', '6', '0.00', '20120', '20120', '3.6', NULL, NULL, '2025-08-04 06:00:00', '0', '1', '1', '1', '2'),
(59, '114408', 'archivos/LAISA/2025/08/EA_I107_227718_250812', '227718', '114408', '1', '11', '4', '9', '0.00', '17940', '17940', '3.6', NULL, NULL, '2025-08-04 06:00:00', '0', '1', '1', '1', '2'),
(60, '114409', 'archivos/LAISA/2025/08/EA_I107_227721_250812', '227721', '114409', '1', '11', '4', '9', '0.00', '7810', '7810', '1', NULL, NULL, '2025-08-04 06:00:00', '0', '1', '1', '1', '2'),
(61, '114410', 'archivos/LAISA/2025/08/EA_I107_227722_250812', '227722', '114410', '1', '11', '3', '9', '0.00', '21640', '21640', '3.6', NULL, NULL, '2025-08-04 06:00:00', '0', '1', '1', '1', '2'),
(62, '20779', 'archivos/LAISA/2025/08/EA_I107_183644_250806', '183644', '20779', '1', '5', '28', '3', '0.00', '26370', '26370', '3.2', NULL, NULL, '2025-08-05 06:00:00', '0', '1', '1', '1', '2'),
(63, '23713', NULL, NULL, '23713', '1', '6', '3', '4', '0.00', '24670', '24670', '3.6', NULL, NULL, '2025-08-05 06:00:00', '0', '1', '1', '1', '2'),
(64, '114345', NULL, NULL, '114345', '1', '9', '3', '6', '0.00', '19360', '19360', '3.6', NULL, NULL, '2025-08-05 06:00:00', '0', '1', '1', '1', '2'),
(65, '114346', NULL, NULL, '114346', '1', '9', '3', '6', '0.00', '19770', '19770', '3.6', NULL, NULL, '2025-08-05 06:00:00', '0', '1', '1', '1', '2'),
(66, '114412', 'archivos/LAISA/2025/08/EA_I107_227723_250812', '227723', '114412', '1', '11', '3', '9', '0.00', '21280', '21280', '3.6', NULL, NULL, '2025-08-05 06:00:00', '0', '1', '1', '1', '2'),
(67, '10139', 'archivos/LAISA/2025/08/EA_I107_102443_250815', '102443', '10139', '1', '2', '29', '2', '0.00', '19911', '19911', '3.6', NULL, NULL, '2025-08-06 06:00:00', '0', '1', '1', '1', '2'),
(68, '11970-167930', NULL, NULL, '11970-167930', '1', '4', '10', '20', '0.00', '21900', '21900', '3.6', NULL, NULL, '2025-08-06 06:00:00', '0', '1', '1', '1', '2'),
(69, '20786', 'archivos/LAISA/2025/08/EA_I107_183645_250806', '183645', '20786', '1', '5', '10', '3', '0.00', '24340', '24340', '3.2', NULL, NULL, '2025-08-06 06:00:00', '0', '1', '1', '1', '2'),
(70, '20787', NULL, NULL, '20787', '1', '5', '28', '3', '0.00', '25000', '25000', '3.2', NULL, NULL, '2025-08-06 06:00:00', '0', '1', '1', '1', '2'),
(71, '23714', NULL, NULL, '23714', '1', '6', '3', '4', '0.00', '22790', '22790', '3.6', NULL, NULL, '2025-08-06 06:00:00', '0', '1', '1', '1', '2'),
(72, '114348', NULL, NULL, '114348', '1', '9', '3', '6', '0.00', '18230', '18230', '3.6', NULL, NULL, '2025-08-06 06:00:00', '0', '1', '1', '1', '2'),
(73, '114349', NULL, NULL, '114349', '1', '9', '3', '6', '0.00', '20950', '20950', '3.6', NULL, NULL, '2025-08-06 06:00:00', '0', '1', '1', '1', '2'),
(74, '114347', NULL, NULL, '114347', '1', '9', '3', '6', '0.00', '8860', '8860', '1', NULL, NULL, '2025-08-06 06:00:00', '0', '1', '1', '1', '2'),
(75, '114416', NULL, NULL, '114416', '1', '11', '3', '9', '0.00', '21160', '21160', '3.6', NULL, NULL, '2025-08-06 06:00:00', '0', '1', '1', '1', '2'),
(76, '114415', 'archivos/LAISA/2025/08/EA_I107_227724_250812', '227724', '114415', '1', '11', '3', '16', '0.00', '21510', '21510', '3.6', NULL, NULL, '2025-08-06 06:00:00', '0', '1', '1', '1', '2'),
(77, '11972-168072', NULL, NULL, '11972-168072', '1', '4', '10', '20', '0.00', '25400', '25400', '3.6', NULL, NULL, '2025-08-07 06:00:00', '0', '1', '1', '1', '2'),
(78, '20789', NULL, NULL, '20789', '1', '5', '20', '3', '0.00', '24370', '24370', '3.2', NULL, NULL, '2025-08-07 06:00:00', '0', '1', '1', '1', '2'),
(79, '23715', NULL, NULL, '23715', '1', '6', '3', '4', '0.00', '24010', '24010', '3.6', NULL, NULL, '2025-08-07 06:00:00', '0', '1', '1', '1', '2'),
(80, '23716', NULL, NULL, '23716', '1', '6', '3', '4', '0.00', '24920', '24920', '3.6', NULL, NULL, '2025-08-07 06:00:00', '0', '1', '1', '1', '2'),
(81, '148458', 'archivos/LAISA/2025/08/EA_I107_148458_250807', '148458', '148458', '1', '7', '3', '5', '0.00', '10563', '10563', '3.6', NULL, NULL, '2025-08-07 06:00:00', '0', '1', '1', '1', '2'),
(82, '7540M114350', 'archivos/LAISA/2025/08/EA_I107_210061_250812', '210061', '114350', '1', '9', '3', '6', '0.00', '21890', '21890', '3.6', NULL, NULL, '2025-08-07 06:00:00', '0', '1', '1', '1', '2'),
(83, '7540M114353', 'archivos/LAISA/2025/08/EA_I107_209997_250811', '209997', '114353', '1', '9', '3', '6', '0.00', '20950', '20950', '3.6', NULL, NULL, '2025-08-07 06:00:00', '0', '1', '1', '1', '2'),
(84, '7540M114354', 'archivos/LAISA/2025/08/EA_I107_209998_250811', '209998', '114354', '1', '9', '3', '6', '0.00', '18230', '18230', '3.6', NULL, NULL, '2025-08-07 06:00:00', '0', '1', '1', '1', '2'),
(85, '7540M114351', 'archivos/LAISA/2025/08/EA_I107_210013_250811', '210013', '114351', '1', '9', '3', '6', '0.00', '4290', '4290', '1', NULL, NULL, '2025-08-07 06:00:00', '0', '1', '1', '1', '2'),
(86, '7540M114352', 'archivos/LAISA/2025/08/EA_I107_209999_250811', '209999', '114352', '1', '9', '3', '6', '0.00', '3810', '3810', '1', NULL, NULL, '2025-08-07 06:00:00', '0', '1', '1', '1', '2'),
(87, '114421', 'archivos/LAISA/2025/08/EA_I107_227726_250812', '227726', '114421', '1', '11', '4', '9', '0.00', '18340', '18340', '3.6', NULL, NULL, '2025-08-07 06:00:00', '0', '1', '1', '1', '2'),
(88, '20790', NULL, NULL, '20790', '1', '5', '31', '3', '0.00', '22330', '22330', '3.2', NULL, NULL, '2025-08-08 06:00:00', '0', '1', '1', '1', '2'),
(89, '23717', NULL, NULL, '23717', '1', '6', '3', '4', '0.00', '24840', '24840', '3.6', NULL, NULL, '2025-08-08 06:00:00', '0', '1', '1', '1', '2'),
(90, '23718', NULL, NULL, '23718', '1', '6', '3', '4', '0.00', '23700', '23700', '3.6', NULL, NULL, '2025-08-08 06:00:00', '0', '1', '1', '1', '2'),
(91, '23719', NULL, NULL, '23719', '1', '6', '3', '4', '0.00', '24550', '24550', '3.6', NULL, NULL, '2025-08-08 06:00:00', '0', '1', '1', '1', '2'),
(92, '7531M13421', 'archivos/LAISA/2025/08/EA_I107_152168_250811', '152168', '7531M13421', '1', '10', '23', '7', '0.00', '24540', '24540', '3.6', NULL, NULL, '2025-08-08 06:00:00', '0', '1', '1', '1', '2'),
(93, '7531M13423', 'archivos/LAISA/2025/08/EA_I107_152169_250811', '152169', '7531M13423', '1', '10', '23', '7', '0.00', '24520', '24520', '3.6', NULL, NULL, '2025-08-08 06:00:00', '0', '1', '1', '1', '2'),
(94, '7531M13428', 'archivos/LAISA/2025/08/EA_I107_152172_250811', '152172', '7531M13428', '1', '10', '23', '7', '0.00', '24970', '24970', '3.6', NULL, NULL, '2025-08-08 06:00:00', '0', '1', '1', '1', '2'),
(95, '7540M114355', 'archivos/LAISA/2025/08/EA_I107_210020_250811', '210020', '114355', '1', '9', '3', '6', '0.00', '18990', '18990', '3.6', NULL, NULL, '2025-08-08 06:00:00', '0', '1', '1', '1', '2'),
(96, '7540M114358', 'archivos/LAISA/2025/08/EA_I107_210018_250811', '210018', '114358', '1', '9', '3', '6', '0.00', '7660', '7660', '1', NULL, NULL, '2025-08-08 06:00:00', '0', '1', '1', '1', '2'),
(97, '7540M114357', 'archivos/LAISA/2025/08/EA_I107_210019_250811', '210019', '114357', '1', '9', '3', '6', '0.00', '13320', '13320', '1', NULL, NULL, '2025-08-08 06:00:00', '0', '1', '1', '1', '2'),
(98, '114422', NULL, NULL, '114422', '1', '11', '3', '16', '0.00', '21470', '21470', '3.6', NULL, NULL, '2025-08-08 06:00:00', '0', '1', '1', '1', '2'),
(99, '114423', 'archivos/LAISA/2025/08/EA_I107_227728_250812', '227728', '114423', '1', '11', '3', '16', '0.00', '21370', '21370', '3.6', NULL, NULL, '2025-08-08 06:00:00', '0', '1', '1', '1', '2'),
(100, '114424', 'archivos/LAISA/2025/08/EA_I107_227729_250812', '227729', '114424', '1', '11', '3', '16', '0.00', '20990', '20990', '3.6', NULL, NULL, '2025-08-08 06:00:00', '0', '1', '1', '1', '2'),
(101, '11974-168284', NULL, NULL, '11974-168284', '1', '4', '10', '20', '0.00', '22580', '22580', '3.6', NULL, NULL, '2025-08-09 06:00:00', '0', '1', '1', '1', '2'),
(102, '20791', NULL, NULL, '20791', '1', '5', '30', '3', '0.00', '24050', '24050', '3.2', NULL, NULL, '2025-08-09 06:00:00', '0', '1', '1', '1', '2'),
(103, '20793', NULL, NULL, '20793', '1', '5', '28', '3', '0.00', '25540', '25540', '3.2', NULL, NULL, '2025-08-09 06:00:00', '0', '1', '1', '1', '2'),
(104, '7531M13433', 'archivos/LAISA/2025/08/EA_I107_152306_250818', '152306', '7531M13433', '1', '10', '23', '7', '0.00', '24890', '24890', '3.6', NULL, NULL, '2025-08-09 06:00:00', '0', '1', '1', '1', '2'),
(105, '7540M114359', 'archivos/LAISA/2025/08/EA_I107_210017_250811', '210017', '114359', '1', '9', '3', '6', '0.00', '7640', '7640', '1', NULL, NULL, '2025-08-09 06:00:00', '0', '1', '1', '1', '2'),
(106, '114360', 'archivos/LAISA/2025/08/EA_I107_210016_250811', '210016', '114360', '1', '9', '3', '6', '0.00', '19310', '19310', '3.6', NULL, NULL, '2025-08-09 06:00:00', '0', '1', '1', '1', '2'),
(107, '114428', 'archivos/LAISA/2025/08/EA_I107_227730_250812', '227730', '114428', '1', '11', '4', '9', '0.00', '5660', '5660', '1', NULL, NULL, '2025-08-09 06:00:00', '0', '1', '1', '1', '2'),
(108, '114429', 'archivos/LAISA/2025/08/EA_I107_227731_250812', '227731', '114429', '1', '11', '4', '9', '0.00', '17770', '17770', '3.6', NULL, NULL, '2025-08-09 06:00:00', '0', '1', '1', '1', '2'),
(109, '114431', 'archivos/LAISA/2025/08/EA_I107_227733_250812', '227733', '114431', '1', '11', '3', '16', '0.00', '21690', '21690', '3.6', NULL, NULL, '2025-08-09 06:00:00', '0', '1', '1', '1', '2'),
(110, '114370', 'archivos/LAISA/2025/08/EA_I107_210014_250811', '210014', '114370', '1', '9', '3', '6', '0.00', '22140', '22140', '3.6', NULL, NULL, '2025-08-10 06:00:00', '0', '1', '1', '1', '2'),
(111, '114371', 'archivos/LAISA/2025/08/EA_I107_210015_250811', '210015', '114371', '1', '9', '3', '6', '0.00', '21930', '21930', '3.6', NULL, NULL, '2025-08-10 06:00:00', '0', '1', '1', '1', '2'),
(112, '114373', 'archivos/LAISA/2025/08/EA_I107_210106_250813', '210106', '114373', '1', '9', '3', '6', '0.00', '20070', '20070', '3.6', NULL, NULL, '2025-08-11 06:00:00', '0', '1', '1', '1', '2'),
(113, '114435', 'archivos/LAISA/2025/08/EA_I107_227955_250815', '227955', '114435', '1', '11', '4', '9', '0.00', '17830', '17830', '3.6', NULL, NULL, '2025-08-11 06:00:00', '0', '1', '1', '1', '2'),
(114, '114434', 'archivos/LAISA/2025/08/EA_I107_227954_250815', '227954', '114434', '1', '11', '3', '16', '0.00', '21480', '21480', '3.6', NULL, NULL, '2025-08-11 06:00:00', '0', '1', '1', '1', '2'),
(115, '10141', NULL, NULL, '10141', '1', '2', '29', '2', '0.00', '20103', '20103', '3.6', NULL, NULL, '2025-08-12 06:00:00', '0', '1', '1', '1', '2'),
(116, '20796', NULL, NULL, '20796', '1', '5', '20', '3', '0.00', '19760', '19760', '3.2', NULL, NULL, '2025-08-12 06:00:00', '0', '1', '1', '1', '2'),
(117, '23721', NULL, NULL, '23721', '1', '6', '3', '4', '0.00', '24410', '24410', '3.6', NULL, NULL, '2025-08-12 06:00:00', '0', '1', '1', '1', '2'),
(118, '148514', 'archivos/LAISA/2025/08/EA_I107_148514_250812', '148514', '148514', '1', '7', '3', '5', '0.00', '11356', '11356', '3.6', NULL, NULL, '2025-08-12 06:00:00', '0', '1', '1', '1', '2'),
(119, '114374', NULL, NULL, '114374', '1', '9', '3', '6', '0.00', '21450', '21450', '3.6', NULL, NULL, '2025-08-12 06:00:00', '0', '1', '1', '1', '2'),
(120, '114439', 'archivos/LAISA/2025/08/EA_I107_227956_250815', '227956', '114439', '1', '11', '3', '16', '0.00', '21720', '21720', '3.6', NULL, NULL, '2025-08-12 06:00:00', '0', '1', '1', '1', '2'),
(121, '20797', NULL, NULL, '20797', '1', '5', '28', '3', '0.00', '25030', '25030', '3.2', NULL, NULL, '2025-08-13 06:00:00', '0', '1', '1', '1', '2'),
(122, '20800', NULL, NULL, '20800', '1', '5', '27', '3', '0.00', '25860', '25860', '3.2', NULL, NULL, '2025-08-13 06:00:00', '0', '1', '1', '1', '2'),
(123, '23722', NULL, NULL, '23722', '1', '6', '3', '4', '0.00', '23960', '23960', '3.6', NULL, NULL, '2025-08-13 06:00:00', '0', '1', '1', '1', '2'),
(124, '7531M13435', 'archivos/LAISA/2025/08/EA_I107_152309_250818', '152309', '7531M13435', '1', '10', '23', '7', '0.00', '21710', '21710', '3.6', NULL, NULL, '2025-08-13 06:00:00', '0', '1', '1', '1', '2'),
(125, '7531M13439', 'archivos/LAISA/2025/08/EA_I107_152310_250818', '152310', '7531M13439', '1', '10', '23', '7', '0.00', '24970', '24970', '3.6', NULL, NULL, '2025-08-13 06:00:00', '0', '1', '1', '1', '2'),
(126, '114381', 'archivos/LAISA/2025/08/EA_I107_210158_250814', '210158', '114381', '1', '9', '3', '6', '0.00', '4510', '4510', '1', NULL, NULL, '2025-08-13 06:00:00', '0', '1', '1', '1', '2'),
(127, '114445', 'archivos/LAISA/2025/08/EA_I107_227960_250815', '227960', '114445', '1', '11', '4', '9', '0.00', '17990', '17990', '3.6', NULL, NULL, '2025-08-13 06:00:00', '0', '1', '1', '1', '2'),
(128, '10143', NULL, NULL, '10143', '1', '2', '29', '2', '0.00', '19744', '19744', '3.6', NULL, NULL, '2025-08-14 06:00:00', '0', '1', '1', '1', '2'),
(129, '20802', NULL, NULL, '20802', '1', '5', '27', '3', '0.00', '25540', '25540', '3.2', NULL, NULL, '2025-08-14 06:00:00', '0', '1', '1', '1', '2'),
(130, '148546', 'archivos/LAISA/2025/08/EA_I107_148546_250814', '148546', '148546', '1', '7', '3', '5', '0.00', '11006', '11006', '3.6', NULL, NULL, '2025-08-14 06:00:00', '0', '1', '1', '1', '2'),
(131, '7531M13440', 'archivos/LAISA/2025/08/EA_I107_152311_250818', '152311', '7531M13440', '1', '10', '23', '7', '0.00', '23820', '23820', '3.6', NULL, NULL, '2025-08-14 06:00:00', '0', '1', '1', '1', '2'),
(132, '114383', NULL, NULL, '114383', '1', '9', '3', '6', '0.00', '20760', '20760', '3.6', NULL, NULL, '2025-08-14 06:00:00', '0', '1', '1', '1', '2'),
(133, '114382', 'archivos/LAISA/2025/08/EA_I107_210159_250814', '210159', '114382', '1', '9', '3', '6', '0.00', '5760', '5760', '1', NULL, NULL, '2025-08-14 06:00:00', '0', '1', '1', '1', '2'),
(134, '114449', 'archivos/LAISA/2025/08/EA_I107_227961_250815', '227961', '114449', '1', '11', '4', '9', '0.00', '17660', '17660', '3.6', NULL, NULL, '2025-08-14 06:00:00', '0', '1', '1', '1', '2'),
(135, '1488', NULL, NULL, '1488', '1', '1', '26', '1', '0.00', '25890', '25890', '3.2', NULL, NULL, '2025-08-07 06:00:00', '0', '1', '1', '1', '2'),
(136, '7538M20794', 'archivos/LAISA/2025/08/EA_I107_183907_250820', '183907', '7538M20794', '1', '5', '20', '3', '0.00', '24600', '24600', '3.2', NULL, NULL, '2025-08-11 06:00:00', '0', '1', '1', '1', '2'),
(137, '20795', NULL, NULL, '20795', '1', '5', '32', '3', '0.00', '22180', '22180', '3.2', NULL, NULL, '2025-08-12 06:00:00', '0', '1', '1', '1', '2'),
(138, '7727M114440', 'archivos/LAISA/2025/08/EA_I107_227957_250815', '227957', '7727M114440', '1', '11', '3', '15', '0.00', '7200', '7200', '1', NULL, NULL, '2025-08-12 06:00:00', '0', '1', '1', '1', '2'),
(139, '114441', 'archivos/LAISA/2025/08/EA_I107_227958_250815', '227958', '114441', '1', '11', '3', '16', '0.00', '21570', '21570', '3.6', NULL, NULL, '2025-08-13 06:00:00', '0', '1', '1', '1', '2'),
(140, '114444', 'archivos/LAISA/2025/08/EA_I107_227959_250815', '227959', '114444', '1', '11', '3', '16', '0.00', '21920', '21920', '3.6', NULL, NULL, '2025-08-13 06:00:00', '0', '1', '1', '1', '2'),
(141, '20805', NULL, NULL, '20805', '1', '5', '27', '3', '0.00', '25880', '25880', '3.2', NULL, NULL, '2025-08-15 06:00:00', '0', '1', '1', '1', '2'),
(142, '23723', NULL, NULL, '23723', '1', '6', '3', '4', '0.00', '21700', '21700', '3.6', NULL, NULL, '2025-08-12 06:00:00', '0', '1', '1', '1', '2'),
(143, '7539M23724', NULL, NULL, '7539M23724', '1', '6', '3', '4', '0.00', '24760', '24760', '3.6', NULL, NULL, '2025-08-15 06:00:00', '0', '1', '1', '1', '2'),
(144, '7531M13444', 'archivos/LAISA/2025/08/EA_I107_152312_250818', '152312', '7531M13444', '1', '10', '23', '7', '0.00', '23710', '23710', '3.6', NULL, NULL, '2025-08-15 06:00:00', '0', '1', '1', '1', '2'),
(145, '7540M114385', 'archivos/LAISA/2025/08/EA_I107_210345_250818', '210345', '7540M114385', '1', '9', '3', '6', '0.00', '21690', '21690', '3.6', NULL, NULL, '2025-08-15 06:00:00', '0', '1', '1', '1', '2'),
(146, '7540M114384', 'archivos/LAISA/2025/08/EA_I107_210329_250818', '210329', '7540M114384', '1', '9', '3', '6', '0.00', '21290', '21290', '3.6', NULL, NULL, '2025-08-15 06:00:00', '0', '1', '1', '1', '2'),
(147, '114454', NULL, NULL, '114454', '1', '11', '4', '9', '0.00', '17860', '17860', '3.6', NULL, NULL, '2025-08-15 06:00:00', '0', '1', '1', '1', '2'),
(148, '114453', NULL, NULL, '114453', '1', '11', '3', '16', '0.00', '21130', '21130', '3.6', NULL, NULL, '2025-08-15 06:00:00', '0', '1', '1', '1', '2'),
(149, '20807', NULL, NULL, '20807', '1', '5', '20', '3', '0.00', '26580', '26580', '3.2', NULL, NULL, '2025-08-16 06:00:00', '0', '1', '1', '1', '2'),
(150, '20809', NULL, NULL, '20809', '1', '5', '22', '3', '0.00', '24950', '24950', '3.2', NULL, NULL, '2025-08-16 06:00:00', '0', '1', '1', '1', '2'),
(151, '7539M23725', NULL, NULL, '7539M23725', '1', '6', '3', '4', '0.00', '22970', '22970', '3.6', NULL, NULL, '2025-08-16 06:00:00', '0', '1', '1', '1', '2'),
(152, '7531M13446', 'archivos/LAISA/2025/08/EA_I107_152313_250818', '152313', '7531M13446', '1', '10', '23', '7', '0.00', '24700', '24700', '3.6', NULL, NULL, '2025-08-16 06:00:00', '0', '1', '1', '1', '2'),
(153, '7531M13447', 'archivos/LAISA/2025/08/EA_I107_152314_250818', '152314', '7531M13447', '1', '10', '23', '7', '0.00', '23110', '23110', '3.6', NULL, NULL, '2025-08-16 06:00:00', '0', '1', '1', '1', '2'),
(154, '7540M114387', 'archivos/LAISA/2025/08/EA_I107_210347_250818', '210347', '7540M114387', '1', '9', '3', '6', '0.00', '21020', '21020', '3.6', NULL, NULL, '2025-08-16 06:00:00', '0', '1', '1', '1', '2'),
(155, '7540M114388', 'archivos/LAISA/2025/08/EA_I107_210348_250818', '210348', '7540M114388', '1', '9', '3', '6', '0.00', '20550', '20550', '3.6', NULL, NULL, '2025-08-16 06:00:00', '0', '1', '1', '1', '2'),
(156, '7540M114386', 'archivos/LAISA/2025/08/EA_I107_210346_250818', '210346', '7540M114386', '1', '9', '3', '6', '0.00', '6620', '6620', '1', NULL, NULL, '2025-08-16 06:00:00', '0', '1', '1', '1', '2'),
(157, '114456', NULL, NULL, '114456', '1', '11', '3', '16', '0.00', '20850', '20850', '3.6', NULL, NULL, '2025-08-16 06:00:00', '0', '1', '1', '1', '2'),
(158, '7540M114389', 'archivos/LAISA/2025/08/EA_I107_210349_250818', '210349', '7540M114389', '1', '9', '3', '6', '0.00', '19820', '19820', '3.6', NULL, NULL, '2025-08-17 06:00:00', '0', '1', '1', '1', '2'),
(159, '114457', NULL, NULL, '114457', '1', '11', '4', '9', '0.00', '17870', '17870', '3.6', NULL, NULL, '2025-08-17 06:00:00', '0', '1', '1', '1', '2'),
(160, '114460', NULL, NULL, '114460', '1', '11', '4', '9', '0.00', '17520', '17520', '3.6', NULL, NULL, '2025-08-17 06:00:00', '0', '1', '1', '1', '2'),
(161, '1489', NULL, NULL, '1489', '1', '1', '26', '1', '0.00', '25358', '25358', '3.2', NULL, NULL, '2025-08-18 06:00:00', '0', '1', '1', '1', '2'),
(162, '10144', NULL, NULL, '10144', '1', '2', '29', '2', '0.00', '19867', '19867', '3.6', NULL, NULL, '2025-08-18 06:00:00', '0', '1', '1', '1', '2'),
(163, '7539M23726', NULL, NULL, '7539M23726', '1', '6', '3', '4', '0.00', '22350', '22350', '3.6', NULL, NULL, '2025-08-18 06:00:00', '0', '1', '1', '1', '2'),
(164, '7540M114391', 'archivos/LAISA/2025/08/EA_I107_210415_250819', '210415', '7540M114391', '1', '9', '3', '6', '0.00', '21140', '21140', '3.6', NULL, NULL, '2025-08-18 06:00:00', '0', '1', '1', '1', '2'),
(165, '7540M114390', 'archivos/LAISA/2025/08/EA_I107_210414_250819', '210414', '7540M114390', '1', '9', '3', '6', '0.00', '6790', '6790', '1', NULL, NULL, '2025-08-18 06:00:00', '0', '1', '1', '1', '2'),
(166, '20810', NULL, NULL, '20810', '1', '5', '15', '3', '0.00', '26800', '26800', '3.2', NULL, NULL, '2025-08-19 06:00:00', '0', '1', '1', '1', '2'),
(167, '7539M23727', NULL, NULL, '7539M23727', '1', '6', '3', '4', '0.00', '25940', '25940', '3.6', NULL, NULL, '2025-08-19 06:00:00', '0', '1', '1', '1', '2'),
(168, '7531M13448', NULL, NULL, '7531M13448', '1', '10', '23', '7', '0.00', '25030', '25030', '3.6', NULL, NULL, '2025-08-19 06:00:00', '0', '1', '1', '1', '2'),
(169, '7531M13452', NULL, NULL, '7531M13452', '1', '10', '23', '7', '0.00', '24280', '24280', '3.6', NULL, NULL, '2025-08-19 06:00:00', '0', '1', '1', '1', '2'),
(170, '7540M114392', 'archivos/LAISA/2025/08/EA_I107_210416_250819', '210416', '7540M114392', '1', '9', '3', '6', '0.00', '19280', '19280', '3.6', NULL, NULL, '2025-08-19 06:00:00', '0', '1', '1', '1', '2'),
(171, '114463', NULL, NULL, '114463', '1', '11', '3', '16', '0.00', '22300', '22300', '3.6', NULL, NULL, '2025-08-19 06:00:00', '0', '1', '1', '1', '2'),
(172, '7727M114466', NULL, NULL, '7727M114466', '1', '11', '3', '16', '0.00', '22220', '22220', '3.6', NULL, NULL, '2025-08-19 06:00:00', '0', '1', '1', '1', '2'),
(173, '7537M10147', 'archivos/LAISA/2025/08/EA_I107_102448_250815', '102448', '7537M10147', '1', '2', '29', '2', '0.00', '19979', '19979', '3.5', NULL, NULL, '2025-08-20 06:00:00', '0', '1', '1', '1', '2'),
(174, '7538M20813', 'archivos/LAISA/2025/08/EA_I107_184004_250825', '184004', '7538M20813', '1', '5', '32', '3', '0.00', '26440', '26440', '3.1', NULL, NULL, '2025-08-20 06:00:00', '0', '1', '1', '1', '2'),
(175, '7538M20811', 'archivos/LAISA/2025/08/EA_I107_184006_250825', '184006', '7538M20811', '1', '5', '30', '3', '0.00', '26410', '26410', '3.1', NULL, NULL, '2025-08-20 06:00:00', '0', '1', '1', '1', '2'),
(176, '7539M23728', NULL, NULL, '7539M23728', '1', '6', '3', '4', '0.00', '22040', '22040', '3.5', NULL, NULL, '2025-08-20 06:00:00', '0', '1', '1', '1', '2'),
(177, '148620', 'archivos/LAISA/2025/08/EA_I107_148620_250820', '148620', '148620', '1', '7', '3', '5', '0.00', '11539', '11539', '3.5', NULL, NULL, '2025-08-20 06:00:00', '0', '1', '1', '1', '2'),
(178, '148622', NULL, NULL, '148622', '1', '7', '3', '5', '0.00', '13203', '13203', '3.5', NULL, NULL, '2025-08-20 06:00:00', '0', '1', '1', '1', '2'),
(179, '7531M13457', 'archivos/LAISA/2025/08/EA_I107_152450_250825', '152450', '7531M13457', '1', '10', '22', '7', '0.00', '25380', '25380', '3.5', NULL, NULL, '2025-08-20 06:00:00', '0', '1', '1', '1', '2'),
(180, '7540M114394', 'archivos/LAISA/2025/08/EA_I107_210560_250822', '210560', '7540M114394', '1', '9', '3', '6', '0.00', '19980', '19980', '3.5', NULL, NULL, '2025-08-20 06:00:00', '0', '1', '1', '1', '2'),
(181, '7540M114395', 'archivos/LAISA/2025/08/EA_I107_210559_250822', '210559', '7540M114395', '1', '9', '3', '6', '0.00', '20640', '20640', '3.5', NULL, NULL, '2025-08-20 06:00:00', '0', '1', '1', '1', '2'),
(182, '7727M114472', 'archivos/LAISA/2025/08/EA_I107_228744_250829', '228744', '7727M114472', '1', '11', '4', '9', '0.00', '17820', '17820', '3.5', NULL, NULL, '2025-08-20 06:00:00', '0', '1', '1', '1', '2'),
(183, '7727M114471', 'archivos/LAISA/2025/08/EA_I107_228743_250829', '228743', '7727M114471', '1', '11', '3', '16', '0.00', '21470', '21470', '3.5', NULL, NULL, '2025-08-20 06:00:00', '0', '1', '1', '1', '2'),
(184, '7727M114469', 'archivos/LAISA/2025/08/EA_I107_228742_250829', '228742', '7727M114469', '1', '11', '3', '16', '0.00', '21980', '21980', '3.5', NULL, NULL, '2025-08-20 06:00:00', '0', '1', '1', '1', '2'),
(185, '7538M20815', 'archivos/LAISA/2025/08/EA_I107_184098_250828', '184098', '7538M20815', '1', '5', '28', '3', '0.00', '27500', '27500', '3.1', NULL, NULL, '2025-08-21 06:00:00', '0', '1', '1', '1', '2'),
(186, '7539M23729', NULL, NULL, '7539M23729', '1', '6', '3', '4', '0.00', '25410', '25410', '3.5', NULL, NULL, '2025-08-21 06:00:00', '0', '1', '1', '1', '2'),
(187, '7531M13461', 'archivos/LAISA/2025/08/EA_I107_152451_250825', '152451', '7531M13461', '1', '10', '23', '7', '0.00', '23180', '23180', '3.5', NULL, NULL, '2025-08-21 06:00:00', '0', '1', '1', '1', '2'),
(188, '7531M13467', 'archivos/LAISA/2025/08/EA_I107_152452_250825', '152452', '7531M13467', '1', '10', '23', '7', '0.00', '22710', '22710', '3.5', NULL, NULL, '2025-08-21 06:00:00', '0', '1', '1', '1', '2'),
(189, '7540M114396', NULL, NULL, '7540M114396', '1', '9', '3', '6', '0.00', '18880', '18880', '3.5', NULL, NULL, '2025-08-21 06:00:00', '0', '1', '1', '1', '2'),
(190, '7727M114474', 'archivos/LAISA/2025/08/EA_I107_228745_250829', '228745', '7727M114474', '1', '11', '3', '16', '0.00', '22110', '22110', '3.5', NULL, NULL, '2025-08-21 06:00:00', '0', '1', '1', '1', '2'),
(191, '7727M114477', 'archivos/LAISA/2025/08/EA_I107_228746_250829', '228746', '7727M114477', '1', '11', '4', '9', '0.00', '17770', '17770', '3.5', NULL, NULL, '2025-08-21 06:00:00', '0', '1', '1', '1', '2'),
(192, '7538M20817', 'archivos/LAISA/2025/08/EA_I107_184099_250828', '184099', '7538M20817', '1', '5', '20', '3', '0.00', '25400', '25400', '3.1', NULL, NULL, '2025-08-22 06:00:00', '0', '1', '1', '1', '2'),
(193, '7538M20816', 'archivos/LAISA/2025/08/EA_I107_184005_250825', '184005', '7538M20816', '1', '5', '28', '3', '0.00', '24300', '24300', '3.1', NULL, NULL, '2025-08-22 06:00:00', '0', '1', '1', '1', '2'),
(194, '7539M23730', NULL, NULL, '7539M23730', '1', '6', '3', '4', '0.00', '25130', '25130', '3.5', NULL, NULL, '2025-08-22 06:00:00', '0', '1', '1', '1', '2'),
(195, '7531M13475', NULL, NULL, '7531M13475', '1', '10', '23', '7', '0.00', '25540', '25540', '3.5', NULL, NULL, '2025-08-22 06:00:00', '0', '1', '1', '1', '2'),
(196, '7540M114397', 'archivos/LAISA/2025/08/EA_I107_210658_250825', '210658', '7540M114397', '1', '9', '3', '6', '0.00', '19510', '19510', '3.5', NULL, NULL, '2025-08-22 06:00:00', '0', '1', '1', '1', '2'),
(197, '7540M114398', 'archivos/LAISA/2025/08/EA_I107_210659_250825', '210659', '7540M114398', '1', '9', '3', '6', '0.00', '21500', '21500', '3.5', NULL, NULL, '2025-08-22 06:00:00', '0', '1', '1', '1', '2'),
(198, '7727M114479', 'archivos/LAISA/2025/08/EA_I107_228747_250829', '228747', '7727M114479', '1', '11', '4', '9', '0.00', '17840', '17840', '3.5', NULL, NULL, '2025-08-22 06:00:00', '0', '1', '1', '1', '2'),
(199, '7537M10148', 'archivos/LAISA/2025/08/EA_I107_102549_250826', '102549', '7537M10148', '1', '2', '29', '2', '0.00', '19857', '19857', '3.5', NULL, NULL, '2025-08-23 06:00:00', '0', '1', '1', '1', '2'),
(200, '7538M20819', 'archivos/LAISA/2025/08/EA_I107_184100_250828', '184100', '7538M20819', '1', '5', '20', '3', '0.00', '25060', '25060', '3.1', NULL, NULL, '2025-08-23 06:00:00', '0', '1', '1', '1', '2'),
(201, '7539M23731', NULL, NULL, '7539M23731', '1', '6', '3', '4', '0.00', '24880', '24880', '3.5', NULL, NULL, '2025-08-23 06:00:00', '0', '1', '1', '1', '2'),
(202, '7531M13483', NULL, NULL, '7531M13483', '1', '10', '23', '7', '0.00', '23220', '23220', '3.5', NULL, NULL, '2025-08-23 06:00:00', '0', '1', '1', '1', '2'),
(203, '7540M114400', 'archivos/LAISA/2025/08/EA_I107_210660_250825', '210660', '7540M114400', '1', '9', '3', '6', '0.00', '20500', '20500', '3.5', NULL, NULL, '2025-08-23 06:00:00', '0', '1', '1', '1', '2'),
(204, '7540M114401', 'archivos/LAISA/2025/08/EA_I107_210661_250825', '210661', '7540M114401', '1', '9', '3', '6', '0.00', '19870', '19870', '3.5', NULL, NULL, '2025-08-23 06:00:00', '0', '1', '1', '1', '2'),
(205, '7540M114403', 'archivos/LAISA/2025/08/EA_I107_210662_250825', '210662', '7540M114403', '1', '9', '3', '6', '0.00', '7780', '7780', '1', NULL, NULL, '2025-08-24 06:00:00', '0', '1', '1', '1', '2'),
(206, '7540M114404', 'archivos/LAISA/2025/08/EA_I107_210663_250825', '210663', '7540M114404', '1', '9', '3', '6', '0.00', '7780', '7780', '1', NULL, NULL, '2025-08-24 06:00:00', '0', '1', '1', '1', '2'),
(207, '7727M114484', 'archivos/LAISA/2025/08/EA_I107_228750_250829', '228750', '7727M114484', '1', '11', '4', '9', '0.00', '17760', '17760', '3.5', NULL, NULL, '2025-08-24 06:00:00', '0', '1', '1', '1', '2'),
(208, '7727M114483', 'archivos/LAISA/2025/08/EA_I107_228749_250829', '228749', '7727M114483', '1', '11', '3', '16', '0.00', '21490', '21490', '3.5', NULL, NULL, '2025-08-24 06:00:00', '0', '1', '1', '1', '2'),
(209, '7727M114485', 'archivos/LAISA/2025/08/EA_I107_228751_250829', '228751', '7727M114485', '1', '11', '3', '16', '0.00', '21680', '21680', '3.5', NULL, NULL, '2025-08-24 06:00:00', '0', '1', '1', '1', '2'),
(210, '11987-169383', NULL, NULL, '11987-169383', '1', '4', '10', '20', '0.00', '22089', '22089', '3.5', NULL, NULL, '2025-08-25 06:00:00', '0', '1', '1', '1', '2'),
(211, '7539M23732', NULL, NULL, '7539M23732', '1', '6', '3', '4', '0.00', '25310', '25310', '3.5', NULL, NULL, '2025-08-25 06:00:00', '0', '1', '1', '1', '2'),
(212, '7540M114406', 'archivos/LAISA/2025/08/EA_I107_210705_250826', '210705', '7540M114406', '1', '9', '3', '6', '0.00', '20360', '20360', '3.5', NULL, NULL, '2025-08-25 06:00:00', '0', '1', '1', '1', '2'),
(213, '7540M114405', 'archivos/LAISA/2025/08/EA_I107_210704_250826', '210704', '7540M114405', '1', '9', '3', '6', '0.00', '21480', '21480', '3.5', NULL, NULL, '2025-08-25 06:00:00', '0', '1', '1', '1', '2'),
(214, '7727M114488', 'archivos/LAISA/2025/08/EA_I107_228753_250829', '228753', '7727M114488', '1', '11', '3', '16', '0.00', '21920', '21920', '3.5', NULL, NULL, '2025-08-25 06:00:00', '0', '1', '1', '1', '2'),
(215, '7537M10149', 'archivos/LAISA/2025/08/EA_I107_102550_250826', '102550', '7537M10149', '1', '2', '29', '2', '0.00', '19829', '19829', '3.5', NULL, NULL, '2025-08-26 06:00:00', '0', '1', '1', '1', '2'),
(216, '7538M20820', 'archivos/LAISA/2025/08/EA_I107_184101_250828', '184101', '7538M20820', '1', '5', '20', '3', '0.00', '25860', '25860', '3.1', NULL, NULL, '2025-08-26 06:00:00', '0', '1', '1', '1', '2'),
(217, '7538M20821', 'archivos/LAISA/2025/08/EA_I107_184125_250829', '184125', '7538M20821', '1', '5', '3', '3', '0.00', '17970', '17970', '3.1', NULL, NULL, '2025-08-26 06:00:00', '0', '1', '1', '1', '2'),
(218, '7538M20822', 'archivos/LAISA/2025/08/EA_I107_184126_250829', '184126', '7538M20822', '1', '5', '3', '3', '0.00', '17280', '17280', '3.1', NULL, NULL, '2025-08-26 06:00:00', '0', '1', '1', '1', '2'),
(219, '7539M23734', NULL, NULL, '7539M23734', '1', '6', '3', '4', '0.00', '25300', '25300', '3.5', NULL, NULL, '2025-08-26 06:00:00', '0', '1', '1', '1', '2'),
(220, '148677', 'archivos/LAISA/2025/08/EA_I107_148677_250826', '148677', '148677', '1', '7', '3', '5', '0.00', '10060', '10060', '3.5', NULL, NULL, '2025-08-26 06:00:00', '0', '1', '1', '1', '2'),
(221, '7531M13490', NULL, NULL, '7531M13490', '1', '10', '23', '7', '0.00', '24280', '24280', '3.5', NULL, NULL, '2025-08-26 06:00:00', '0', '1', '1', '1', '2'),
(222, '7531M13491', NULL, NULL, '7531M13491', '1', '10', '23', '7', '0.00', '23300', '23300', '3.5', NULL, NULL, '2025-08-26 06:00:00', '0', '1', '1', '1', '2'),
(223, '7540M114408', 'archivos/LAISA/2025/08/EA_I107_210706_250826', '210706', '7540M114408', '1', '9', '3', '6', '0.00', '9580', '9580', '1', NULL, NULL, '2025-08-26 06:00:00', '0', '1', '1', '1', '2'),
(224, '7727M114490', 'archivos/LAISA/2025/08/EA_I107_228754_250829', '228754', '7727M114490', '1', '11', '4', '9', '0.00', '17740', '17740', '3.5', NULL, NULL, '2025-08-26 06:00:00', '0', '1', '1', '1', '2'),
(225, '7727M114491', 'archivos/LAISA/2025/08/EA_I107_228755_250829', '228755', '7727M114491', '1', '11', '3', '9', '0.00', '7020', '7020', '1', NULL, NULL, '2025-08-26 06:00:00', '0', '1', '1', '1', '2'),
(226, '11988-169605', NULL, NULL, '11988-169605', '1', '4', '10', '20', '0.00', '23293', '23293', '3.5', NULL, NULL, '2025-08-27 06:00:00', '0', '1', '1', '1', '2'),
(227, '7538M20824', 'archivos/LAISA/2025/08/EA_I107_184127_250829', '184127', '7538M20824', '1', '5', '27', '3', '0.00', '25130', '25130', '3.1', NULL, NULL, '2025-08-27 06:00:00', '0', '1', '1', '1', '2'),
(228, '7539M23735', NULL, NULL, '7539M23735', '1', '6', '3', '4', '0.00', '24110', '24110', '3.5', NULL, NULL, '2025-08-27 06:00:00', '0', '1', '1', '1', '2'),
(229, '7531M13493', NULL, NULL, '7531M13493', '1', '10', '23', '7', '0.00', '24230', '24230', '3.5', NULL, NULL, '2025-08-27 06:00:00', '0', '1', '1', '1', '2'),
(230, '7531M13494', NULL, NULL, '7531M13494', '1', '10', '23', '7', '0.00', '22960', '22960', '3.5', NULL, NULL, '2025-08-27 06:00:00', '0', '1', '1', '1', '2'),
(231, '7540M114409', 'archivos/LAISA/2025/08/EA_I107_210758_250827', '210758', '7540M114409', '1', '9', '3', '6', '0.00', '20040', '20040', '3.5', NULL, NULL, '2025-08-27 06:00:00', '0', '1', '1', '1', '2'),
(232, '7540M114410', 'archivos/LAISA/2025/08/EA_I107_210759_250827', '210759', '7540M114410', '1', '9', '3', '6', '0.00', '19740', '19740', '3.5', NULL, NULL, '2025-08-27 06:00:00', '0', '1', '1', '1', '2'),
(233, '7540M114411', 'archivos/LAISA/2025/08/EA_I107_210806_250828', '210806', '7540M114411', '1', '9', '3', '6', '0.00', '21500', '21500', '3.5', NULL, NULL, '2025-08-27 06:00:00', '0', '1', '1', '1', '2'),
(234, '7540M114412', 'archivos/LAISA/2025/08/EA_I107_210807_250828', '210807', '7540M114412', '1', '9', '3', '6', '0.00', '17980', '17980', '3.5', NULL, NULL, '2025-08-27 06:00:00', '0', '1', '1', '1', '2'),
(235, '7540M114414', 'archivos/LAISA/2025/08/EA_I107_210808_250828', '210808', '7540M114414', '1', '9', '3', '6', '0.00', '16440', '16440', '3.5', NULL, NULL, '2025-08-27 06:00:00', '0', '1', '1', '1', '2'),
(236, '7727M114499', 'archivos/LAISA/2025/08/EA_I107_228757_250829', '228757', '7727M114499', '1', '11', '3', '16', '0.00', '21430', '21430', '3.5', NULL, NULL, '2025-08-27 06:00:00', '0', '1', '1', '1', '2'),
(237, '7537M10151', 'archivos/LAISA/2025/08/EA_I107_102578_250828', '102578', '7537M10151', '1', '2', '29', '2', '0.00', '20118', '20118', '3.5', NULL, NULL, '2025-08-28 06:00:00', '0', '1', '1', '1', '2'),
(238, '7538M20827', 'archivos/LAISA/2025/08/EA_I107_184128_250829', '184128', '7538M20827', '1', '5', '28', '3', '0.00', '26090', '26090', '3.1', NULL, NULL, '2025-08-28 06:00:00', '0', '1', '1', '1', '2'),
(239, '7539M23736', NULL, NULL, '7539M23736', '1', '6', '3', '4', '0.00', '24730', '24730', '3.5', NULL, NULL, '2025-08-28 06:00:00', '0', '1', '1', '1', '2'),
(240, '7540M114416', 'archivos/LAISA/2025/08/EA_I107_210860_250829', '210860', '7540M114416', '1', '9', '3', '6', '0.00', '20880', '20880', '3.5', NULL, NULL, '2025-08-28 06:00:00', '0', '1', '1', '1', '2'),
(241, '7727M114503', NULL, NULL, '7727M114503', '1', '11', '3', '9', '0.00', '5760', '5760', '1', NULL, NULL, '2025-08-28 06:00:00', '0', '1', '1', '1', '2'),
(242, '7727M114505', 'archivos/LAISA/2025/08/EA_I107_228759_250829', '228759', '7727M114505', '1', '11', '3', '9', '0.00', '17860', '17860', '3.5', NULL, NULL, '2025-08-28 06:00:00', '0', '1', '1', '1', '2'),
(243, '7727M114506', 'archivos/LAISA/2025/08/EA_I107_228758_250829', '228758', '7727M114506', '1', '11', '3', '9', '0.00', '17840', '17840', '3.5', NULL, NULL, '2025-08-28 06:00:00', '0', '1', '1', '1', '2'),
(244, '7538M20837', 'archivos/LAISA/2025/08/EA_I107_184130_250829', '184130', '7538M20837', '1', '5', '3', '3', '0.00', '24320', '24320', '3.1', NULL, NULL, '2025-08-29 06:00:00', '0', '1', '1', '1', '2'),
(245, '7538M20840', 'archivos/LAISA/2025/09/EA_I107_184250_250904', '184250', '7538M20840', '1', '5', '3', '3', '0.00', '25950', '25950', '3.1', NULL, NULL, '2025-08-29 06:00:00', '0', '1', '1', '1', '2'),
(246, '7538M20833', 'archivos/LAISA/2025/08/EA_I107_184129_250829', '184129', '7538M20833', '1', '5', '3', '3', '0.00', '25740', '25740', '3.1', NULL, NULL, '2025-08-29 06:00:00', '0', '1', '1', '1', '2'),
(247, '7539M23739', NULL, NULL, '7539M23739', '1', '6', '3', '4', '0.00', '25020', '25020', '3.5', NULL, NULL, '2025-08-29 06:00:00', '0', '1', '1', '1', '2'),
(248, '7539M23740', NULL, NULL, '7539M23740', '1', '6', '3', '4', '0.00', '24340', '24340', '3.5', NULL, NULL, '2025-08-29 06:00:00', '0', '1', '1', '1', '2'),
(249, '148728', 'archivos/LAISA/2025/08/EA_I107_148728_250829', '148728', '148728', '1', '7', '3', '5', '0.00', '10330', '10330', '3.5', NULL, NULL, '2025-08-29 06:00:00', '0', '1', '1', '1', '2'),
(250, '7531M13495', NULL, NULL, '7531M13495', '1', '10', '3', '7', '0.00', '22850', '22850', '3.5', NULL, NULL, '2025-08-29 06:00:00', '0', '1', '1', '1', '2'),
(251, '7540M114417', NULL, NULL, '7540M114417', '1', '9', '3', '6', '0.00', '19740', '19740', '3.5', NULL, NULL, '2025-08-29 06:00:00', '0', '1', '1', '1', '2'),
(252, '7531M13496', NULL, NULL, '7531M13496', '1', '10', '3', '7', '0.00', '22150', '22150', '3.5', NULL, NULL, '2025-08-30 06:00:00', '0', '1', '1', '1', '2'),
(253, '7531M13497', NULL, NULL, '7531M13497', '1', '10', '3', '7', '0.00', '23370', '23370', '3.5', NULL, NULL, '2025-08-30 06:00:00', '0', '1', '1', '1', '2');

-- --------------------------------------------------------

--
-- Estructura de tabla para la tabla `direcciones`
--

CREATE TABLE `direcciones` (
  `id_direc` int NOT NULL,
  `id_us` varchar(255) DEFAULT NULL,
  `id_prov` varchar(255) DEFAULT NULL,
  `cod_al` varchar(255) DEFAULT NULL,
  `noma` varchar(255) DEFAULT NULL,
  `atencion` varchar(255) DEFAULT NULL,
  `calle` varchar(255) DEFAULT NULL,
  `c_postal` varchar(255) DEFAULT NULL,
  `numext` varchar(255) DEFAULT NULL,
  `numint` varchar(255) DEFAULT NULL,
  `pais` varchar(255) DEFAULT NULL,
  `estado` varchar(255) DEFAULT NULL,
  `mun` varchar(255) DEFAULT NULL,
  `colonia` varchar(255) DEFAULT NULL,
  `tel` varchar(255) DEFAULT NULL,
  `email` varchar(255) DEFAULT NULL,
  `obs` varchar(255) DEFAULT NULL,
  `status` varchar(255) DEFAULT '1'
) ENGINE=MyISAM DEFAULT CHARSET=utf8mb4 COLLATE=utf8mb4_0900_ai_ci;

--
-- Volcado de datos para la tabla `direcciones`
--

INSERT INTO `direcciones` (`id_direc`, `id_us`, `id_prov`, `cod_al`, `noma`, `atencion`, `calle`, `c_postal`, `numext`, `numint`, `pais`, `estado`, `mun`, `colonia`, `tel`, `email`, `obs`, `status`) VALUES
(1, NULL, '1', 'I-107CDJUA', 'CD JUAREZ', 'N/S', NULL, NULL, NULL, NULL, NULL, NULL, NULL, NULL, '55 5555 5555', 'ssilva@dexalapa.com.mx', '', '1'),
(2, NULL, '1', 'I-107GUA', 'GUADALAJARA', 'N/S', NULL, NULL, NULL, NULL, NULL, NULL, NULL, NULL, '55 5555 5555', 'ssilva@dexalapa.com.mx', '', '1'),
(3, NULL, '1', 'I-107APO', 'IP APODACA', 'N/S', NULL, NULL, NULL, NULL, NULL, NULL, NULL, NULL, '55 5555 5555', 'ssilva@dexalapa.com.mx', '', '1'),
(4, NULL, '1', 'I-107IXTAC', 'IXTACZOQUITLAN', 'N/S', NULL, NULL, NULL, NULL, NULL, NULL, NULL, NULL, '55 5555 5555', 'ssilva@dexalapa.com.mx', '', '1'),
(5, NULL, '1', 'I-107MOCH', 'LOS MOCHIS', 'N/S', NULL, NULL, NULL, NULL, NULL, NULL, NULL, NULL, '55 5555 5555', 'ssilva@dexalapa.com.mx', '', '1'),
(6, NULL, '1', 'I-107MTY', 'MONTERREY', 'N/S', NULL, NULL, NULL, NULL, NULL, NULL, NULL, NULL, '55 5555 5555', 'ssilva@dexalapa.com.mx', '', '1'),
(7, NULL, '1', 'I-107PUE', 'PUEBLA', 'N/S', NULL, NULL, NULL, NULL, NULL, NULL, NULL, NULL, '55 5555 5555', 'ssilva@dexalapa.com.mx', '', '1'),
(8, NULL, '1', 'I-107REY	', 'REYNOSA', 'N/S', NULL, NULL, NULL, NULL, NULL, NULL, NULL, NULL, '55 5555 5555', 'ssilva@dexalapa.com.mx', '', '1'),
(9, NULL, '1', 'I-107SNJI', 'SAN JOSE ITURBIDE', 'N/S', NULL, NULL, NULL, NULL, NULL, NULL, NULL, NULL, '55 5555 5555', 'ssilva@dexalapa.com.mx', '', '1'),
(10, NULL, '1', 'I-107SIL', 'SILAO', 'N/S', NULL, NULL, NULL, NULL, NULL, NULL, NULL, NULL, '55 5555 5555', 'ssilva@dexalapa.com.mx', '', '1'),
(11, NULL, '1', 'I-107TOL', 'TOLUCA', 'N/S', NULL, NULL, NULL, NULL, NULL, NULL, NULL, NULL, '55 5555 5555', 'ssilva@dexalapa.com.mx', '', '1'),
(12, '1', NULL, 'E002', 'EMPAQUES MODERNOS SAN PABLO', 'N/S', NULL, NULL, NULL, NULL, NULL, NULL, NULL, NULL, '55 5555 5555', '', '', '0'),
(13, '2', NULL, 'B001', 'BIO PAPPEL', 'N/S', NULL, NULL, NULL, NULL, NULL, NULL, NULL, NULL, '55 5555 5555', '', '', '1'),
(14, '3', NULL, 'P007', 'PAPELES ULTRA', 'N/S', NULL, NULL, NULL, NULL, NULL, NULL, NULL, NULL, '55 5555 5555', '', '', '1'),
(15, '4', NULL, 'S002', 'SMURFIT CARTON Y PAPEL DE MEXICO', 'N/S', NULL, NULL, NULL, NULL, NULL, NULL, NULL, NULL, '55 5555 5555', '', '', '1'),
(16, '5', NULL, 'P008', 'PAPELERA DEL NEVADO', 'N/S', NULL, NULL, NULL, NULL, NULL, NULL, NULL, NULL, '55 5555 5555', '', '', '1'),
(17, '6', NULL, 'D207', 'DISTRIBUIDORA DE EMPAQUES', 'N/S', NULL, NULL, NULL, NULL, NULL, NULL, NULL, NULL, '55 5555 5555', '', '', '1'),
(18, '7', NULL, 'E008', 'EMPAQUES MODERNOS SAN PABLO', 'N/S', NULL, NULL, NULL, NULL, NULL, NULL, NULL, NULL, '55 5555 5555', '', '', '1'),
(19, '8', NULL, 'C211', 'Celulosa y Corrugados de Sonor', 'N/S', NULL, NULL, NULL, NULL, NULL, NULL, NULL, NULL, '55 5555 5555', '', '', '1'),
(20, NULL, '2', 'C-597NAV', 'NAVOJOA', 'N/S', NULL, NULL, NULL, NULL, NULL, NULL, NULL, NULL, '55 5555 5555', 'ssilva@dexalapa.com.mx', '', '1'),
(21, NULL, '2', 'C-597TKT', 'TKT', 'N/S', NULL, NULL, NULL, NULL, NULL, NULL, NULL, NULL, '55 5555 5555', 'ssilva@dexalapa.com.mx', '', '1'),
(22, NULL, '2', 'C-597TOL', 'TOLUCA', 'N/S', NULL, NULL, NULL, NULL, NULL, NULL, NULL, NULL, '55 5555 5555', 'ssilva@dexalapa.com.mx', '', '1'),
(23, '3', NULL, 'P007', 'PAPELES ULTRA', 'N/S', NULL, NULL, NULL, NULL, NULL, NULL, NULL, NULL, '55 5555 5555', '', '', '0'),
(24, '9', NULL, 'P007', 'PAPELES ULTRA', 'N/S', NULL, NULL, NULL, NULL, NULL, NULL, NULL, NULL, '55 5555 5555', '', '', '1'),
(25, NULL, '2', 'C-597GUA', 'GUADALAJARA', 'N/S', NULL, NULL, NULL, NULL, NULL, NULL, NULL, NULL, '55 5555 5555', 'ssilva@dexalapa.com.mx', '', '1');

-- --------------------------------------------------------

--
-- Estructura de tabla para la tabla `precios`
--

CREATE TABLE `precios` (
  `id_precio` int NOT NULL,
  `id_prod` varchar(255) DEFAULT NULL,
  `precio` varchar(255) NOT NULL DEFAULT '0',
  `tipo` varchar(255) DEFAULT NULL,
  `fecha_ini` timestamp NOT NULL DEFAULT CURRENT_TIMESTAMP,
  `fecha_fin` timestamp NOT NULL DEFAULT CURRENT_TIMESTAMP,
  `origen` varchar(255) DEFAULT NULL,
  `destino` varchar(255) DEFAULT NULL,
  `conmin` varchar(255) DEFAULT NULL,
  `fecha` timestamp NOT NULL DEFAULT CURRENT_TIMESTAMP,
  `status` varchar(255) NOT NULL DEFAULT '1',
  `usuario` varchar(255) DEFAULT NULL
) ENGINE=MyISAM DEFAULT CHARSET=utf8mb4 COLLATE=utf8mb4_0900_ai_ci;

--
-- Volcado de datos para la tabla `precios`
--

INSERT INTO `precios` (`id_precio`, `id_prod`, `precio`, `tipo`, `fecha_ini`, `fecha_fin`, `origen`, `destino`, `conmin`, `fecha`, `status`, `usuario`) VALUES
(133, '3', '0', 'FV', '2025-01-01 06:00:00', '2025-12-31 06:00:00', '6', '18', '0', '2025-10-06 16:49:16', '1', '1'),
(132, '4', '3.50', 'c', '2025-09-16 06:00:00', '2025-11-15 06:00:00', NULL, '0', NULL, '2025-10-03 17:40:26', '1', '1'),
(131, '18', '1.2', 'v', '2025-09-16 06:00:00', '2025-11-15 06:00:00', NULL, '17', NULL, '2025-10-03 17:35:04', '1', '1'),
(20, '29', '15005', 'FV', '2025-01-01 06:00:00', '2025-12-31 06:00:00', '2', '13', '0', '2025-10-01 17:12:15', '1', '1'),
(19, '4', '7505', 'FV', '2025-01-01 06:00:00', '2025-12-31 06:00:00', '11', '18', '0', '2025-10-01 17:11:06', '1', '1'),
(130, '18', '1', 'c', '2025-09-16 06:00:00', '2025-11-15 06:00:00', NULL, '0', NULL, '2025-10-03 17:34:44', '1', '1'),
(129, '15', '1.20', 'v', '2025-09-16 06:00:00', '2025-11-15 06:00:00', NULL, '17', NULL, '2025-10-03 17:32:36', '1', '1'),
(10, '33', '1910', 'FT', '2025-09-01 06:00:00', '2025-09-23 06:00:00', '1', '13', '0', '2025-09-23 22:59:09', '0', '1'),
(11, '33', '1500', 'FT', '2025-09-01 06:00:00', '2025-09-23 06:00:00', '3', '17', '20', '2025-09-23 23:56:49', '0', '1'),
(12, '33', '1910', 'FT', '2025-01-01 06:00:00', '2025-12-31 06:00:00', '1', '13', '0', '2025-09-23 23:57:36', '0', '1'),
(13, '33', '8521', 'FV', '2025-09-01 06:00:00', '2025-09-23 06:00:00', '3', '13', '0', '2025-09-23 23:59:57', '0', '1'),
(14, '33', '1910', 'FT', '2025-09-01 06:00:00', '2025-09-30 06:00:00', '1', '18', '0', '2025-09-24 17:47:54', '0', '1'),
(128, '15', '1', 'c', '2025-09-16 06:00:00', '2025-11-15 06:00:00', NULL, '0', NULL, '2025-10-03 17:32:13', '1', '1'),
(127, '14', '1.2', 'v', '2025-09-16 06:00:00', '2025-11-15 06:00:00', NULL, '17', NULL, '2025-10-03 17:31:52', '1', '1'),
(17, '15', '1930', 'FT', '2025-01-01 06:00:00', '2025-12-31 06:00:00', '5', '14', '0', '2025-09-24 19:47:59', '1', '1'),
(18, '28', '1930.00', 'FT', '2025-01-01 06:00:00', '2025-12-31 06:00:00', '5', '14', '0', '2025-09-25 20:55:46', '1', '1'),
(21, '29', '15005', 'FV', '2025-01-01 06:00:00', '2025-12-31 06:00:00', '4', '13', '0', '2025-10-01 17:12:56', '1', '1'),
(22, '23', '660', 'FT', '2025-01-01 06:00:00', '2025-12-31 06:00:00', '10', '18', '0', '2025-10-01 17:13:47', '1', '1'),
(23, '31', '1930', 'FT', '2025-01-01 06:00:00', '2025-12-31 06:00:00', '5', '14', '0', '2025-10-01 17:14:59', '1', '1'),
(24, '30', '14350', 'FV', '2025-01-01 06:00:00', '2025-12-31 06:00:00', '4', '14', '0', '2025-10-01 17:15:43', '1', '1'),
(25, '30', '1930', 'FT', '2025-01-01 06:00:00', '2025-12-31 06:00:00', '5', '14', '0', '2025-10-01 17:16:17', '1', '1'),
(26, '27', '1930', 'FT', '2025-01-01 06:00:00', '2025-12-31 06:00:00', '5', '14', '0', '2025-10-01 17:17:06', '1', '1'),
(27, '3', '0', 'FV', '2025-01-01 06:00:00', '2025-12-31 06:00:00', '7', '15', '0', '2025-10-01 17:18:39', '1', '1'),
(28, '3', '0', 'FV', '2025-01-01 06:00:00', '2025-12-31 06:00:00', '9', '18', '0', '2025-10-01 17:20:44', '1', '1'),
(29, '3', '0', 'FV', '2025-01-01 06:00:00', '2025-12-31 06:00:00', '9', '17', '0', '2025-10-01 17:21:23', '1', '1'),
(30, '3', '0', 'FV', '2025-01-01 06:00:00', '2025-12-31 06:00:00', '11', '17', '0', '2025-10-01 17:21:48', '1', '1'),
(31, '22', '1930', 'FT', '2025-01-01 06:00:00', '2025-12-31 06:00:00', '5', '14', '0', '2025-10-01 17:22:42', '1', '1'),
(32, '22', '660', 'FT', '2025-01-01 06:00:00', '2025-12-31 06:00:00', '10', '18', '0', '2025-10-01 17:23:10', '1', '1'),
(33, '32', '1930', 'FT', '2025-01-01 06:00:00', '2025-12-31 06:00:00', '5', '14', '0', '2025-10-01 17:24:11', '1', '1'),
(34, '10', '14350', 'FV', '2025-01-01 06:00:00', '2025-12-31 06:00:00', '4', '14', '0', '2025-10-01 17:25:00', '1', '1'),
(35, '10', '1930', 'FT', '2025-01-01 06:00:00', '2025-12-31 06:00:00', '5', '14', '0', '2025-10-01 17:25:32', '1', '1'),
(36, '20', '1930', 'FT', '2025-01-01 06:00:00', '2025-12-31 06:00:00', '5', '14', '0', '2025-10-01 17:26:16', '1', '1'),
(37, '33', '1910.00', 'FT', '2025-01-01 06:00:00', '2025-12-31 06:00:00', '1', '18', '0', '2025-10-01 17:38:34', '1', '1'),
(126, '14', '1', 'c', '2025-09-16 06:00:00', '2025-11-15 06:00:00', NULL, '0', NULL, '2025-10-03 17:31:35', '1', '1'),
(125, '26', '1.2', 'v', '2025-09-16 06:00:00', '2025-11-15 06:00:00', NULL, '17', NULL, '2025-10-03 17:31:09', '1', '1'),
(124, '26', '1', 'c', '2025-09-16 06:00:00', '2025-11-15 06:00:00', NULL, '0', NULL, '2025-10-03 17:30:50', '1', '1'),
(123, '25', '1.2', 'v', '2025-09-16 06:00:00', '2025-11-15 06:00:00', NULL, '17', NULL, '2025-10-03 17:29:38', '1', '1'),
(122, '25', '1', 'c', '2025-09-16 06:00:00', '2025-11-15 06:00:00', NULL, '0', NULL, '2025-10-03 17:29:15', '1', '1'),
(121, '24', '1.2', 'v', '2025-09-16 06:00:00', '2025-11-15 06:00:00', NULL, '17', NULL, '2025-10-03 17:28:03', '1', '1'),
(120, '24', '1', 'c', '2025-09-16 06:00:00', '2025-11-15 06:00:00', NULL, '0', NULL, '2025-10-03 17:27:39', '1', '1'),
(119, '12', '1.20', 'v', '2025-09-16 06:00:00', '2025-11-15 06:00:00', NULL, '17', NULL, '2025-10-03 17:25:35', '1', '1'),
(118, '12', '1', 'c', '2025-09-16 06:00:00', '2025-11-15 06:00:00', NULL, '0', NULL, '2025-10-03 17:25:09', '1', '1'),
(117, '20', '5.3', 'v', '2025-09-16 06:00:00', '2025-11-15 06:00:00', NULL, '14', NULL, '2025-10-03 17:24:39', '1', '1'),
(116, '20', '5.29', 'v', '2025-09-16 06:00:00', '2025-11-15 06:00:00', NULL, '13', NULL, '2025-10-03 17:24:16', '1', '1'),
(115, '9', '3.7', 'v', '2025-09-16 06:00:00', '2025-11-15 06:00:00', NULL, '17', NULL, '2025-10-03 16:47:00', '1', '1'),
(114, '9', '5.37', 'v', '2025-09-16 06:00:00', '2025-11-15 06:00:00', NULL, '18', NULL, '2025-10-03 16:46:31', '1', '1'),
(113, '9', '5.4', 'v', '2025-09-16 06:00:00', '2025-11-15 06:00:00', NULL, '13', NULL, '2025-10-03 16:46:05', '1', '1'),
(112, '6', '4.6', 'v', '2025-09-16 06:00:00', '2025-11-15 06:00:00', NULL, '18', NULL, '2025-10-03 16:45:14', '1', '1'),
(111, '7', '5.39', 'v', '2025-09-16 06:00:00', '2025-11-15 06:00:00', NULL, '18', NULL, '2025-10-03 16:42:04', '1', '1'),
(110, '23', '3.7', 'v', '2025-09-16 06:00:00', '2025-11-15 06:00:00', NULL, '17', NULL, '2025-10-03 16:39:01', '1', '1'),
(109, '5', '3.88', 'v', '2025-09-16 06:00:00', '2025-11-15 06:00:00', NULL, '15', NULL, '2025-10-03 16:28:43', '1', '1'),
(108, '4', '4.5', 'v', '2025-09-16 06:00:00', '2025-11-15 06:00:00', NULL, '18', NULL, '2025-10-03 16:25:56', '1', '1'),
(107, '3', '5.3', 'v', '2025-09-16 06:00:00', '2025-11-15 06:00:00', NULL, '14', NULL, '2025-10-03 16:23:55', '1', '1'),
(106, '3', '5.53', 'v', '2025-09-16 06:00:00', '2025-11-15 06:00:00', NULL, '13', NULL, '2025-10-03 16:22:17', '1', '1'),
(105, '20', '1.2', 'v', '2025-09-16 06:00:00', '2025-10-15 06:00:00', NULL, '17', NULL, '2025-10-03 16:19:35', '0', '1'),
(104, '2', '5.29', 'v', '2025-09-16 06:00:00', '2025-11-15 06:00:00', NULL, '13', NULL, '2025-10-03 16:18:53', '1', '1'),
(103, '1', '5.58', 'v', '2025-09-16 06:00:00', '2025-11-15 06:00:00', NULL, '18', NULL, '2025-10-03 16:17:44', '1', '1'),
(102, '21', '3.7', 'v', '2025-09-16 06:00:00', '2025-11-15 06:00:00', NULL, '17', NULL, '2025-10-03 16:12:11', '1', '1'),
(101, '1', '3.1', 'c', '2025-09-16 06:00:00', '2025-11-15 06:00:00', NULL, NULL, NULL, '2025-10-02 16:48:16', '1', '1'),
(100, '3', '3.1', 'c', '2025-09-16 06:00:00', '2025-11-15 06:00:00', NULL, NULL, NULL, '2025-10-02 16:48:16', '1', '1'),
(99, '9', '3.5', 'c', '2025-09-16 06:00:00', '2025-11-15 06:00:00', NULL, NULL, NULL, '2025-10-02 16:45:57', '1', '1'),
(98, '6', '3.5', 'c', '2025-09-16 06:00:00', '2025-11-15 06:00:00', NULL, NULL, NULL, '2025-10-02 16:45:57', '1', '1'),
(97, '7', '3.5', 'c', '2025-09-16 06:00:00', '2025-11-15 06:00:00', NULL, NULL, NULL, '2025-10-02 16:45:57', '1', '1'),
(96, '22', '3.5', 'c', '2025-09-16 06:00:00', '2025-11-15 06:00:00', NULL, NULL, NULL, '2025-10-02 16:45:57', '1', '1'),
(95, '23', '3.5', 'c', '2025-09-16 06:00:00', '2025-11-15 06:00:00', NULL, NULL, NULL, '2025-10-02 16:45:57', '1', '1'),
(94, '5', '3.5', 'c', '2025-09-16 06:00:00', '2025-11-15 06:00:00', NULL, NULL, NULL, '2025-10-02 16:45:57', '1', '1'),
(93, '20', '3.5', 'c', '2025-09-16 06:00:00', '2025-11-15 06:00:00', NULL, NULL, NULL, '2025-10-02 16:45:57', '1', '1'),
(92, '2', '3.5', 'c', '2025-09-16 06:00:00', '2025-11-15 06:00:00', NULL, NULL, NULL, '2025-10-02 16:45:57', '1', '1'),
(91, '21', '3.5', 'c', '2025-09-16 06:00:00', '2025-11-15 06:00:00', NULL, NULL, NULL, '2025-10-02 16:45:57', '1', '1'),
(134, '4', '10500', 'FV', '2025-01-01 06:00:00', '2025-12-31 06:00:00', '11', '13', '0', '2025-10-06 23:56:36', '1', '1'),
(135, '3', '0', 'FV', '2025-01-01 06:00:00', '2025-12-31 06:00:00', '6', '17', '0', '2025-10-06 23:58:36', '1', '1'),
(136, '31', '14350', 'FV', '2025-01-01 06:00:00', '2025-12-31 06:00:00', '2', '14', '0', '2025-10-07 00:07:13', '0', '1'),
(137, '31', '14350', 'FT', '2025-01-01 06:00:00', '2025-12-31 06:00:00', '4', '14', '0', '2025-10-07 00:08:25', '0', '1'),
(138, '31', '14350', 'FV', '2025-01-01 06:00:00', '2025-12-31 06:00:00', '4', '14', '0', '2025-10-07 00:08:51', '1', '1'),
(139, '28', '1210', 'FT', '2025-01-01 06:00:00', '2025-12-31 06:00:00', '5', '13', '0', '2025-10-07 00:13:01', '1', '1'),
(140, '28', '1930', 'FT', '2025-01-01 06:00:00', '2025-12-31 06:00:00', '5', '18', '0', '2025-10-07 00:13:44', '1', '1'),
(141, '3', '0', 'FV', '2025-01-01 06:00:00', '2025-12-31 06:00:00', '4', '17', '0', '2025-10-16 15:48:47', '1', '1'),
(142, '4', '1210.00', 'FT', '2025-01-01 06:00:00', '2025-12-31 06:00:00', '5', '13', '0', '2025-10-16 16:49:32', '1', '1'),
(143, '29', '1210.00', 'FT', '2025-01-01 06:00:00', '2025-12-31 06:00:00', '5', '13', '0', '2025-10-16 16:50:58', '1', '1'),
(144, '31', '1210.00', 'FT', '2025-01-01 06:00:00', '2025-12-31 06:00:00', '5', '13', '0', '2025-10-16 16:51:27', '1', '1'),
(145, '30', '1210.00', 'FT', '2025-01-01 06:00:00', '2025-12-31 06:00:00', '5', '13', '0', '2025-10-16 16:51:50', '1', '1'),
(146, '22', '1210.00', 'FT', '2025-01-01 06:00:00', '2025-12-31 06:00:00', '5', '13', '0', '2025-10-16 16:52:24', '1', '1'),
(147, '10', '1210.00', 'FT', '2025-01-01 06:00:00', '2025-12-31 06:00:00', '5', '13', '0', '2025-10-16 16:52:46', '1', '1'),
(148, '33', '1210.00', 'FT', '2025-01-01 06:00:00', '2025-12-31 06:00:00', '5', '13', '0', '2025-10-16 16:53:02', '1', '1'),
(149, '23', '1210.00', 'FT', '2025-01-01 06:00:00', '2025-12-31 06:00:00', '5', '13', '0', '2025-10-16 16:53:20', '1', '1'),
(150, '27', '1210.00', 'FT', '2025-01-01 06:00:00', '2025-12-31 06:00:00', '5', '13', '0', '2025-10-16 16:53:40', '1', '1'),
(151, '32', '1210.00', 'FT', '2025-01-01 06:00:00', '2025-12-31 06:00:00', '5', '13', '0', '2025-10-16 16:53:57', '1', '1'),
(152, '15', '1210.00', 'FT', '2025-01-01 06:00:00', '2025-12-31 06:00:00', '5', '13', '0', '2025-10-16 16:54:19', '1', '1'),
(153, '20', '1210.00', 'FT', '2025-01-01 06:00:00', '2025-12-31 06:00:00', '5', '13', '0', '2025-10-16 16:54:39', '1', '1'),
(154, '3', '0', 'FV', '2025-01-01 06:00:00', '2025-12-31 06:00:00', '3', '17', '0', '2025-10-22 18:27:36', '1', '1'),
(155, '3', '0', 'FV', '2025-01-01 06:00:00', '2025-12-31 06:00:00', '8', '17', '0', '2025-10-22 18:28:39', '1', '1'),
(156, '15', '5.37', 'v', '2025-09-16 06:00:00', '2025-11-15 06:00:00', NULL, '18', NULL, '2025-10-22 18:33:15', '1', '1'),
(157, '12', '3.90', 'v', '2025-10-15 06:00:00', '2025-10-17 06:00:00', NULL, '17', NULL, '2025-10-22 18:42:57', '1', '1'),
(158, '34', '0', 'FV', '2025-01-01 06:00:00', '2025-12-31 06:00:00', '20', '19', '0', '2025-10-30 19:17:09', '1', '1'),
(159, '27', '1.80', 'c', '2025-09-16 06:00:00', '2025-11-15 06:00:00', NULL, '0', NULL, '2025-10-30 19:18:01', '1', '1'),
(160, '27', '3.80', 'v', '2025-09-16 06:00:00', '2025-11-15 06:00:00', NULL, '19', NULL, '2025-10-30 19:18:21', '1', '1'),
(161, '20', '3.70', 'c', '2025-10-15 06:00:00', '2025-10-17 06:00:00', NULL, '0', NULL, '2025-10-31 15:39:57', '0', '1'),
(162, '12', '3.70', 'c', '2025-10-15 06:00:00', '2025-10-17 06:00:00', NULL, '0', NULL, '2025-10-31 15:42:36', '1', '1'),
(163, '21', '3.60', 'c', '2025-09-16 06:00:00', '2025-11-15 06:00:00', NULL, '0', NULL, '2025-10-31 16:02:24', '1', '1'),
(164, '21', '3.70', 'c', '2025-09-16 06:00:00', '2025-11-15 06:00:00', NULL, '0', NULL, '2025-10-31 16:02:43', '1', '1'),
(165, '21', '3.80', 'v', '2025-09-16 06:00:00', '2025-11-15 06:00:00', NULL, '17', NULL, '2025-10-31 16:03:43', '1', '1'),
(166, '21', '3.90', 'v', '2025-09-16 06:00:00', '2025-11-15 06:00:00', NULL, '17', NULL, '2025-10-31 16:04:16', '1', '1'),
(167, '23', '3.60', 'c', '2025-09-16 06:00:00', '2025-11-15 06:00:00', NULL, '0', NULL, '2025-10-31 16:05:02', '1', '1'),
(168, '23', '3.80', 'v', '2025-09-16 06:00:00', '2025-11-15 06:00:00', NULL, '17', NULL, '2025-10-31 16:05:33', '1', '1'),
(169, '20', '3.70', 'c', '2025-09-16 06:00:00', '2025-11-15 06:00:00', NULL, '0', NULL, '2025-10-31 16:06:12', '1', '1'),
(170, '20', '3.90', 'v', '2025-09-16 06:00:00', '2025-11-15 06:00:00', NULL, '17', NULL, '2025-10-31 16:06:43', '1', '1'),
(171, '4', '1930', 'FT', '2025-01-01 06:00:00', '2025-12-31 06:00:00', '5', '14', '0', '2025-10-31 16:09:32', '1', '1'),
(172, '21', '660', 'FT', '2025-01-01 06:00:00', '2025-12-31 06:00:00', '10', '18', '0', '2025-10-31 16:11:19', '1', '1'),
(173, '20', '14350', 'FV', '2025-01-01 06:00:00', '2025-12-31 06:00:00', '4', '14', '0', '2025-10-31 16:12:55', '1', '1'),
(174, '28', '2.20', 'c', '2025-09-16 06:00:00', '2025-11-15 06:00:00', NULL, '0', NULL, '2025-10-31 16:36:23', '1', '1'),
(175, '28', '3.80', 'v', '2025-09-16 06:00:00', '2025-11-15 06:00:00', NULL, '19', NULL, '2025-10-31 16:36:56', '1', '1'),
(176, '34', '0', 'FV', '2025-01-01 06:00:00', '2025-12-31 06:00:00', '21', '19', '0', '2025-11-05 18:04:01', '1', '1'),
(177, '29', '2.53', 'c', '2025-09-16 06:00:00', '2025-11-15 06:00:00', NULL, '0', NULL, '2025-11-05 22:16:23', '1', '1'),
(178, '29', '0.1', 'c', '2025-09-16 06:00:00', '2025-11-15 06:00:00', NULL, '0', NULL, '2025-11-05 22:16:35', '1', '1'),
(179, '29', '5.83', 'v', '2025-09-16 06:00:00', '2025-11-15 06:00:00', NULL, '24', NULL, '2025-11-05 22:21:44', '1', '1'),
(183, '36', '14350', 'FV', '2025-01-01 06:00:00', '2025-12-31 06:00:00', '25', '24', '0', '2025-11-06 16:08:50', '1', '1'),
(181, '29', '2.30', 'v', '2025-09-16 06:00:00', '2025-11-15 06:00:00', NULL, '24', NULL, '2025-11-05 22:22:36', '1', '1'),
(182, '35', '7560', 'FV', '2025-01-01 06:00:00', '2025-12-31 06:00:00', '22', '24', '0', '2025-11-05 22:24:38', '1', '1'),
(184, '37', '14350', 'FV', '2025-01-01 06:00:00', '2025-12-31 06:00:00', '25', '24', '0', '2025-11-06 16:10:00', '1', '1'),
(186, '38', '14350.00', 'FV', '2025-01-01 06:00:00', '2025-12-31 06:00:00', '25', '24', '0', '2025-11-06 16:13:37', '1', '1'),
(187, '35', '14350.00', 'FV', '2025-01-01 06:00:00', '2025-12-31 06:00:00', '25', '24', '0', '2025-11-06 16:14:08', '1', '1'),
(188, '39', '14350.00', 'FV', '2025-01-01 06:00:00', '2025-12-31 06:00:00', '25', '24', '0', '2025-11-06 16:14:43', '1', '1'),
(189, '40', '14350.00', 'FV', '2025-01-01 06:00:00', '2025-12-31 06:00:00', '25', '24', '0', '2025-11-06 16:15:15', '1', '1'),
(190, '41', '14350.00', 'FV', '2025-01-01 06:00:00', '2025-12-31 06:00:00', '25', '24', '0', '2025-11-06 16:15:42', '1', '1'),
(191, '42', '14350.00', 'FV', '2025-01-01 06:00:00', '2025-12-31 06:00:00', '25', '24', '0', '2025-11-06 16:16:07', '1', '1'),
(192, '43', '14350.00', 'FV', '2025-01-01 06:00:00', '2025-12-31 06:00:00', '25', '24', '0', '2025-11-06 16:16:33', '1', '1'),
(193, '44', '14350.00', 'FV', '2025-01-01 06:00:00', '2025-12-31 06:00:00', '25', '24', '0', '2025-11-06 16:16:59', '1', '1'),
(194, '45', '14350.00', 'FV', '2025-01-01 06:00:00', '2025-12-31 06:00:00', '25', '24', '0', '2025-11-06 16:17:28', '1', '1'),
(195, '46', '14350.00', 'FV', '2025-01-01 06:00:00', '2025-12-31 06:00:00', '25', '24', '0', '2025-11-06 16:17:58', '1', '1'),
(196, '47', '14350.00', 'FV', '2025-01-01 06:00:00', '2025-12-31 06:00:00', '25', '24', '0', '2025-11-06 16:18:25', '1', '1'),
(197, '48', '14350.00', 'FV', '2025-01-01 06:00:00', '2025-12-31 06:00:00', '25', '24', '0', '2025-11-06 16:18:49', '1', '1'),
(198, '30', '2.30', 'c', '2025-09-16 06:00:00', '2025-11-15 06:00:00', NULL, '0', NULL, '2025-11-06 16:20:47', '1', '1'),
(199, '30', '5.83', 'v', '2025-01-01 06:00:00', '2025-12-31 06:00:00', NULL, '24', NULL, '2025-11-06 16:21:20', '1', '1');

-- --------------------------------------------------------

--
-- Estructura de tabla para la tabla `productos`
--

CREATE TABLE `productos` (
  `id_prod` int NOT NULL,
  `nom_pro` varchar(255) DEFAULT NULL,
  `cod` varchar(255) DEFAULT NULL,
  `lin` varchar(255) DEFAULT NULL,
  `fecha` timestamp NOT NULL DEFAULT CURRENT_TIMESTAMP,
  `id_user` varchar(255) DEFAULT NULL,
  `status` varchar(255) NOT NULL DEFAULT '1',
  `zona` varchar(255) DEFAULT NULL
) ENGINE=MyISAM DEFAULT CHARSET=utf8mb4 COLLATE=utf8mb4_0900_ai_ci;

--
-- Volcado de datos para la tabla `productos`
--

INSERT INTO `productos` (`id_prod`, `nom_pro`, `cod`, `lin`, `fecha`, `id_user`, `status`, `zona`) VALUES
(1, 'DKL CD JUAREZ', '15DKLCDJUA', '15 DKL', '2025-07-29 06:05:00', '1', '1', '1'),
(2, 'DKL GUADALAJARA', '15DKLGUA', '15 DKL', '2025-07-29 06:06:19', '1', '1', '1'),
(3, 'DKL MOCHIS', '15DKLMOCH', '15 DKL', '2025-07-29 06:06:36', '1', '1', '1'),
(4, 'DKL MONTERREY', '15DKLMTY', '15 DKL', '2025-07-29 06:06:52', '1', '1', '1'),
(5, 'DKL PUEBLA', '15DKLPUE', '15 DKL', '2025-07-29 06:07:05', '1', '1', '1'),
(6, 'DKL SAN JOSE ITURBIDE', '15DKLSNJI', '15 DKL', '2025-07-29 06:07:17', '1', '1', '1'),
(7, 'DKL SILAO', '15DKLSIL', '15 DKL', '2025-07-29 06:07:28', '1', '1', '1'),
(8, 'DKL SILAO ENCERADO', '15DKLSILENC', '15 DKL', '2025-07-29 06:07:39', '1', '0', '1'),
(9, 'DKL TOLUCA', '15DKLTOL', '15 DKL', '2025-07-29 06:07:50', '1', '1', '1'),
(10, 'DKL XALAPA', '15DKLXAL', '15 DKL', '2025-07-29 06:11:59', '1', '1', '1'),
(11, 'DKL IXTAC EMPACADO PRE-CONSUMO', '15DKLIXTACEMPPC	', '15 DKL', '2025-07-29 06:12:16', '1', '0', '1'),
(12, 'DKL IXTAC GRANEL PRE-CONSUMO', '15DKLIXTACGPC', '15 DKL', '2025-07-29 06:13:25', '1', '1', '1'),
(13, 'DKL IXTAC RE-EMPACADO PRE-CONSUMO', '15DKLIXTACREPC', '15 DKL', '2025-07-29 06:13:37', '1', '0', '1'),
(14, 'DKL SAN JOSE IT. GRANEL PRE-CONSUMO', '15DKLSNJIGPC', '15 DKL', '2025-07-29 06:13:48', '1', '1', '1'),
(15, 'DKL TOLUCA GRANEL PRE-CONSUMO', '15DKLTOLGPC', '15 DKL', '2025-07-29 06:13:59', '1', '1', '1'),
(16, 'DKL TOLUCA PRE-CONSUMO', '15DKLTOLPC', '15 DKL', '2025-07-29 06:14:12', '1', '0', '1'),
(17, 'DKL MOCHIS PRE-CONSUMO', '15DKLMOCHPC', '15 DKL', '2025-07-29 06:14:25', '1', '0', '1'),
(18, 'DKL MOCHIS GRANEL PRE-CONSUMO', '15DKLMOCHGPC', '15 DKL', '2025-07-29 06:14:43', '1', '1', '1'),
(19, 'DKL MONTERREY PRE-CONSUMO', '15DKLMTYPC', '15 DKL', '2025-07-29 06:14:55', '1', '0', '1'),
(20, 'DKL IXTAC', '15DKLIXTAC', '15 DKL', '2025-09-04 04:59:26', '1', '1', '1'),
(21, 'DKL APODACA', '15DKLAPO', '15 DKL', '2025-10-02 16:26:53', '1', '1', '1'),
(22, 'DKL SANTA CATARINA', '15DKLSANCAT', '15 DKL', '2025-10-02 16:29:43', '1', '1', '1'),
(23, 'DKL REYNOSA', '15DKLREY', '15 DKL', '2025-10-02 16:30:20', '1', '1', '1'),
(24, 'DKL APODACA GRANEL PRE-CONSUMO', '15DKLAPOGPC', '15 DKL', '2025-10-03 17:27:20', '1', '1', '1'),
(25, 'DKL MONTERREY GRANEL PRE-CONSUMO', '15DKLMTYGPC', '15 DKL', '2025-10-03 17:28:57', '1', '1', '1'),
(26, 'DKL REYNOSA GRANEL PRE-CONSUMO', '15DKLREYGPC', '15 DKL', '2025-10-03 17:30:33', '1', '1', '1'),
(27, 'CCM TECATE', 'CCMTECATE', 'CCM', '2025-10-30 19:17:43', '1', '1', '2'),
(28, 'CCM NAVOJOA', 'CCMNAV', 'CCM', '2025-10-31 16:35:59', '1', '1', '2'),
(29, 'CCM TOLUCA', 'CCMTOL', 'CCM', '2025-11-05 22:13:52', '1', '1', '2'),
(30, 'CCM GUADALAJARA', 'CCMGUA', 'CCM', '2025-11-06 16:20:27', '1', '1', '2');

-- --------------------------------------------------------

--
-- Estructura de tabla para la tabla `producto_recole`
--

CREATE TABLE `producto_recole` (
  `id_prd_rec` int NOT NULL,
  `id_recol` varchar(255) DEFAULT NULL,
  `id_prod` varchar(255) DEFAULT NULL,
  `id_cprecio_c` varchar(255) DEFAULT NULL,
  `id_cprecio_v` varchar(255) DEFAULT NULL,
  `id_user` varchar(255) DEFAULT NULL,
  `fecha` timestamp NOT NULL DEFAULT CURRENT_TIMESTAMP,
  `status` varchar(255) NOT NULL DEFAULT '1'
) ENGINE=MyISAM DEFAULT CHARSET=utf8mb4 COLLATE=utf8mb4_0900_ai_ci;

--
-- Volcado de datos para la tabla `producto_recole`
--

INSERT INTO `producto_recole` (`id_prd_rec`, `id_recol`, `id_prod`, `id_cprecio_c`, `id_cprecio_v`, `id_user`, `fecha`, `status`) VALUES
(1, '1', '2', '92', '104', '4', '2025-10-06 16:00:01', '1'),
(2, '2', '7', '97', '111', '4', '2025-10-06 16:30:25', '1'),
(3, '3', '4', '132', '108', '4', '2025-10-06 16:50:25', '1'),
(4, '4', '6', '98', '112', '5', '2025-10-06 18:50:06', '1'),
(5, '5', '6', '98', '112', '5', '2025-10-06 19:04:14', '1'),
(6, '6', '6', '98', '112', '5', '2025-10-06 20:33:10', '1'),
(7, '7', '4', '132', '108', '5', '2025-10-06 20:46:48', '1'),
(8, '8', '14', '126', '127', '5', '2025-10-06 20:51:18', '1'),
(9, '9', '14', '126', '127', '5', '2025-10-06 20:53:58', '1'),
(10, '10', '9', '99', '115', '5', '2025-10-06 20:55:58', '1'),
(11, '11', '3', '100', '107', '5', '2025-10-06 21:28:48', '1'),
(12, '12', '7', '97', '111', '5', '2025-10-06 21:39:12', '1'),
(13, '13', '6', '98', '112', '5', '2025-10-06 21:41:29', '1'),
(14, '14', '6', '98', '112', '5', '2025-10-06 21:44:29', '1'),
(15, '15', '3', '100', '107', '4', '2025-10-06 23:08:45', '1'),
(16, '16', '2', '92', '104', '4', '2025-10-06 23:16:17', '1'),
(17, '17', '2', '92', '104', '4', '2025-10-06 23:17:43', '1'),
(18, '18', '7', '97', '111', '4', '2025-10-06 23:22:02', '1'),
(19, '19', '7', '97', '111', '4', '2025-10-06 23:23:48', '1'),
(20, '20', '7', '97', '111', '4', '2025-10-06 23:24:50', '1'),
(21, '21', '6', '98', '112', '4', '2025-10-06 23:26:08', '1'),
(22, '22', '6', '98', '112', '4', '2025-10-06 23:27:36', '1'),
(23, '23', '6', '98', '112', '4', '2025-10-06 23:28:51', '1'),
(24, '24', '6', '98', '112', '4', '2025-10-06 23:29:51', '1'),
(25, '25', '6', '98', '112', '4', '2025-10-06 23:31:09', '1'),
(26, '26', '6', '98', '112', '4', '2025-10-06 23:34:22', '1'),
(27, '27', '14', '126', '127', '4', '2025-10-06 23:38:04', '1'),
(28, '28', '12', '118', '119', '4', '2025-10-06 23:39:09', '1'),
(29, '29', '14', '126', '127', '4', '2025-10-06 23:40:01', '1'),
(30, '30', '3', '100', '106', '4', '2025-10-07 00:19:32', '1'),
(31, '31', '9', '99', '113', '4', '2025-10-07 00:20:39', '1'),
(32, '32', '9', '99', '113', '4', '2025-10-07 00:21:56', '1'),
(33, '33', '25', '122', '123', '4', '2025-10-07 00:23:41', '1'),
(34, '34', '9', '99', '113', '4', '2025-10-07 03:05:06', '1'),
(35, '35', '9', '99', '113', '4', '2025-10-07 03:07:36', '1'),
(36, '36', '9', '99', '113', '4', '2025-10-07 03:09:08', '1'),
(37, '37', '9', '99', '113', '4', '2025-10-07 03:10:13', '1'),
(38, '38', '9', '99', '115', '4', '2025-10-07 03:11:24', '1'),
(39, '39', '9', '99', '115', '4', '2025-10-07 03:12:17', '1'),
(40, '40', '9', '99', '115', '4', '2025-10-07 03:13:12', '1'),
(41, '41', '9', '99', '115', '4', '2025-10-07 03:14:14', '1'),
(42, '42', '15', '128', '129', '4', '2025-10-07 03:15:33', '1'),
(43, '43', '20', '93', '117', '4', '2025-10-07 03:17:48', '1'),
(44, '44', '6', '98', '112', '4', '2025-10-07 23:00:19', '1'),
(45, '45', '4', '132', '108', '4', '2025-10-07 23:02:19', '1'),
(46, '46', '4', '132', '108', '4', '2025-10-07 23:03:38', '1'),
(47, '47', '4', '132', '108', '4', '2025-10-07 23:05:18', '1'),
(48, '48', '4', '132', '108', '4', '2025-10-07 23:06:19', '1'),
(49, '49', '12', '118', '119', '5', '2025-10-17 01:07:49', '1'),
(50, '50', '3', '100', '106', '5', '2025-10-17 01:13:37', '1'),
(51, '51', '1', '101', '103', '5', '2025-10-17 01:17:26', '1'),
(52, '52', '3', '100', '107', '5', '2025-10-17 01:20:23', '1'),
(53, '53', '6', '98', '112', '5', '2025-10-17 01:23:12', '1'),
(54, '54', '6', '98', '112', '5', '2025-10-17 01:25:39', '1'),
(55, '55', '25', '122', '123', '5', '2025-10-17 01:31:06', '1'),
(56, '56', '9', '99', '115', '5', '2025-10-17 01:35:23', '1'),
(57, '57', '15', '128', '129', '5', '2025-10-17 01:35:23', '1'),
(58, '58', '14', '126', '127', '5', '2025-10-17 02:21:15', '1'),
(59, '59', '14', '126', '127', '5', '2025-10-17 02:29:45', '1'),
(60, '60', '14', '126', '127', '5', '2025-10-17 02:35:55', '1'),
(61, '61', '5', '94', '109', '5', '2025-10-17 02:38:51', '1'),
(62, '62', '14', '126', '127', '5', '2025-10-17 02:43:01', '1'),
(63, '63', '12', '118', '119', '5', '2025-10-17 02:45:43', '1'),
(64, '64', '12', '162', '157', '5', '2025-10-17 02:47:57', '1'),
(65, '65', '25', '122', '123', '5', '2025-10-17 02:55:33', '1'),
(66, '66', '15', '128', '129', '5', '2025-10-17 02:58:07', '1'),
(67, '67', '1', '101', '103', '5', '2025-10-17 03:01:06', '1'),
(68, '68', '2', '92', '104', '5', '2025-10-17 03:10:55', '1'),
(69, '69', '3', '100', '107', '5', '2025-10-17 03:13:24', '1'),
(70, '70', '3', '100', '107', '5', '2025-10-17 03:15:40', '1'),
(71, '71', '3', '100', '107', '5', '2025-10-17 03:17:23', '1'),
(72, '72', '3', '100', '107', '5', '2025-10-17 03:19:42', '1'),
(73, '73', '3', '100', '107', '5', '2025-10-17 03:34:32', '1'),
(74, '74', '3', '100', '107', '5', '2025-10-17 03:37:06', '1'),
(75, '75', '3', '100', '107', '5', '2025-10-17 03:39:02', '1'),
(76, '76', '3', '100', '107', '5', '2025-10-17 03:41:32', '1'),
(77, '77', '3', '100', '106', '5', '2025-10-17 03:43:56', '1'),
(78, '78', '3', '100', '106', '5', '2025-10-17 03:46:00', '1'),
(79, '79', '4', '132', '108', '5', '2025-10-17 03:47:36', '1'),
(80, '80', '4', '132', '108', '5', '2025-10-17 03:50:23', '1'),
(81, '81', '4', '132', '108', '5', '2025-10-17 03:52:10', '1'),
(82, '82', '4', '132', '108', '5', '2025-10-17 03:55:09', '1'),
(83, '83', '7', '97', '111', '5', '2025-10-17 04:00:59', '1'),
(84, '84', '7', '97', '111', '5', '2025-10-17 04:02:36', '1'),
(85, '85', '7', '97', '111', '5', '2025-10-17 04:05:22', '1'),
(86, '86', '7', '97', '111', '5', '2025-10-17 04:06:50', '1'),
(87, '87', '9', '99', '115', '5', '2025-10-17 04:08:35', '1'),
(88, '88', '9', '99', '115', '5', '2025-10-17 04:10:10', '1'),
(89, '89', '9', '99', '115', '5', '2025-10-17 04:11:34', '1'),
(90, '90', '15', '128', '156', '5', '2025-10-17 04:13:49', '1'),
(91, '91', '15', '128', '156', '5', '2025-10-17 04:17:02', '1'),
(92, '92', '9', '99', '113', '5', '2025-10-17 04:20:10', '1'),
(93, '93', '9', '99', '113', '5', '2025-10-17 04:21:22', '1'),
(94, '94', '2', '92', '104', '5', '2025-10-17 04:23:25', '1'),
(95, '95', '7', '97', '111', '5', '2025-10-17 04:25:17', '1'),
(96, '96', '7', '97', '111', '5', '2025-10-17 04:32:15', '1'),
(97, '97', '7', '97', '111', '5', '2025-10-17 04:34:35', '1'),
(98, '98', '6', '98', '112', '5', '2025-10-17 04:36:01', '1'),
(99, '99', '6', '98', '112', '5', '2025-10-17 04:38:34', '1'),
(100, '100', '6', '98', '112', '5', '2025-10-17 04:40:29', '1'),
(101, '101', '6', '98', '112', '5', '2025-10-17 04:41:57', '1'),
(102, '102', '6', '98', '112', '5', '2025-10-17 04:44:23', '1'),
(103, '103', '6', '98', '112', '5', '2025-10-17 04:45:43', '1'),
(104, '104', '6', '98', '112', '5', '2025-10-17 04:48:22', '1'),
(105, '105', '6', '98', '112', '5', '2025-10-17 04:49:57', '1'),
(106, '106', '9', '99', '115', '5', '2025-10-17 04:52:12', '1'),
(107, '107', '3', '100', '107', '5', '2025-10-17 04:54:14', '1'),
(108, '108', '5', '94', '109', '5', '2025-10-17 04:55:43', '1'),
(109, '109', '2', '92', '104', '5', '2025-10-17 04:57:30', '1'),
(110, '110', '2', '92', '104', '5', '2025-10-17 04:59:00', '1'),
(111, '111', '3', '100', '106', '5', '2025-10-17 05:15:31', '1'),
(112, '112', '9', '99', '113', '5', '2025-10-17 05:17:18', '1'),
(113, '113', '9', '99', '113', '5', '2025-10-17 05:18:59', '1'),
(114, '114', '9', '99', '113', '5', '2025-10-17 05:20:48', '1'),
(115, '115', '6', '98', '112', '5', '2025-10-17 05:22:18', '1'),
(116, '116', '6', '98', '112', '5', '2025-10-17 05:24:35', '1'),
(117, '117', '4', '132', '108', '5', '2025-10-17 05:26:48', '1'),
(118, '118', '4', '132', '108', '5', '2025-10-17 05:29:04', '1'),
(119, '119', '4', '132', '108', '5', '2025-10-17 05:30:37', '1'),
(120, '120', '15', '128', '156', '5', '2025-10-17 05:32:51', '1'),
(121, '121', '15', '128', '156', '5', '2025-10-17 05:35:30', '1'),
(122, '122', '9', '99', '115', '5', '2025-10-17 05:37:28', '1'),
(123, '123', '3', '100', '107', '5', '2025-10-17 05:40:07', '1'),
(124, '124', '3', '100', '107', '5', '2025-10-17 05:42:18', '1'),
(125, '125', '7', '97', '111', '5', '2025-10-17 21:56:24', '1'),
(126, '126', '7', '97', '111', '5', '2025-10-17 21:57:54', '1'),
(127, '127', '7', '97', '111', '5', '2025-10-17 21:59:15', '1'),
(128, '128', '6', '98', '112', '5', '2025-10-20 15:16:31', '1'),
(129, '129', '6', '98', '112', '5', '2025-10-20 15:18:02', '1'),
(130, '130', '3', '100', '107', '5', '2025-10-20 15:25:57', '1'),
(131, '131', '20', '93', '117', '5', '2025-10-20 15:28:04', '1'),
(132, '132', '20', '93', '117', '5', '2025-10-20 15:29:56', '1'),
(133, '133', '2', '92', '104', '5', '2025-10-20 15:31:44', '1'),
(134, '134', '3', '100', '106', '5', '2025-10-20 15:33:31', '1'),
(135, '135', '7', '97', '111', '5', '2025-10-20 15:38:04', '1'),
(136, '136', '7', '97', '111', '5', '2025-10-20 15:48:02', '1'),
(137, '137', '6', '98', '112', '5', '2025-10-20 15:49:25', '1'),
(138, '138', '6', '98', '112', '5', '2025-10-20 15:51:26', '1'),
(139, '139', '14', '126', '127', '5', '2025-10-20 15:52:53', '1'),
(140, '140', '9', '99', '115', '5', '2025-10-20 15:54:07', '1'),
(141, '141', '9', '99', '115', '5', '2025-10-20 15:56:08', '1'),
(142, '142', '7', '97', '111', '5', '2025-10-20 18:43:16', '1'),
(143, '143', '4', '132', '108', '5', '2025-10-20 18:45:47', '1'),
(144, '144', '4', '132', '108', '5', '2025-10-20 18:46:59', '1'),
(145, '145', '4', '132', '108', '5', '2025-10-20 18:48:20', '1'),
(146, '146', '4', '132', '108', '5', '2025-10-20 18:49:31', '1'),
(147, '147', '4', '132', '108', '5', '2025-10-20 18:50:36', '1'),
(148, '148', '9', '99', '115', '5', '2025-10-20 18:51:59', '1'),
(149, '149', '3', '100', '107', '5', '2025-10-20 18:53:52', '1'),
(150, '150', '3', '100', '107', '5', '2025-10-20 18:55:22', '1'),
(151, '151', '5', '94', '109', '5', '2025-10-20 18:56:47', '1'),
(152, '152', '25', '122', '123', '5', '2025-10-20 19:00:32', '1'),
(153, '153', '9', '99', '113', '5', '2025-10-22 14:43:13', '1'),
(154, '154', '9', '99', '113', '5', '2025-10-22 14:46:05', '1'),
(155, '155', '9', '99', '113', '5', '2025-10-22 14:47:49', '1'),
(156, '156', '7', '97', '111', '5', '2025-10-22 15:09:59', '1'),
(157, '157', '7', '97', '111', '5', '2025-10-22 15:12:33', '1'),
(158, '158', '6', '98', '112', '5', '2025-10-22 15:14:02', '1'),
(159, '159', '6', '98', '112', '5', '2025-10-22 15:15:28', '1'),
(160, '160', '6', '98', '112', '5', '2025-10-22 15:16:37', '1'),
(161, '161', '6', '98', '112', '5', '2025-10-22 15:17:55', '1'),
(162, '162', '6', '98', '112', '5', '2025-10-22 15:20:29', '1'),
(163, '163', '6', '98', '112', '5', '2025-10-22 15:22:02', '1'),
(164, '164', '6', '98', '112', '5', '2025-10-22 15:23:36', '1'),
(165, '165', '6', '98', '112', '5', '2025-10-22 15:27:04', '1'),
(166, '166', '6', '98', '112', '5', '2025-10-22 15:28:35', '1'),
(167, '167', '6', '98', '112', '5', '2025-10-22 15:30:37', '1'),
(168, '168', '4', '132', '108', '5', '2025-10-22 15:31:42', '1'),
(169, '169', '4', '132', '108', '5', '2025-10-22 15:33:33', '1'),
(170, '170', '4', '132', '108', '5', '2025-10-22 15:35:22', '1'),
(171, '171', '4', '132', '108', '5', '2025-10-22 15:36:42', '1'),
(172, '172', '4', '132', '108', '5', '2025-10-22 15:41:20', '1'),
(173, '173', '1', '101', '103', '5', '2025-10-22 15:43:00', '1'),
(174, '174', '1', '101', '103', '5', '2025-10-22 15:44:24', '1'),
(175, '175', '15', '128', '156', '5', '2025-10-22 15:46:56', '1'),
(176, '176', '15', '128', '156', '5', '2025-10-22 15:49:58', '1'),
(177, '177', '15', '128', '156', '5', '2025-10-22 15:51:08', '1'),
(178, '178', '15', '128', '156', '5', '2025-10-22 15:52:22', '1'),
(179, '179', '15', '128', '129', '5', '2025-10-22 15:54:36', '1'),
(180, '180', '9', '99', '115', '5', '2025-10-22 15:56:41', '1'),
(181, '181', '9', '99', '115', '5', '2025-10-22 15:59:06', '1'),
(182, '182', '15', '128', '129', '5', '2025-10-22 16:12:24', '1'),
(183, '183', '15', '128', '129', '5', '2025-10-22 16:13:44', '1'),
(184, '184', '14', '126', '127', '5', '2025-10-22 16:15:07', '1'),
(185, '185', '14', '126', '127', '5', '2025-10-22 16:16:05', '1'),
(186, '186', '3', '100', '107', '5', '2025-10-22 16:28:59', '1'),
(187, '187', '3', '100', '107', '5', '2025-10-22 16:30:33', '1'),
(188, '188', '3', '100', '107', '5', '2025-10-22 16:31:39', '1'),
(189, '189', '20', '93', '117', '5', '2025-10-22 16:35:06', '1'),
(190, '190', '5', '94', '109', '5', '2025-10-22 16:36:27', '1'),
(191, '191', '21', '91', '102', '5', '2025-10-23 18:26:55', '1'),
(192, '192', '24', '120', '121', '5', '2025-10-23 18:29:49', '1'),
(193, '193', '26', '124', '125', '5', '2025-10-23 18:33:25', '1'),
(194, '194', '24', '120', '121', '5', '2025-10-23 18:38:34', '1'),
(195, '195', '26', '124', '125', '5', '2025-10-23 18:40:39', '1'),
(196, '196', '21', '91', '102', '5', '2025-10-23 22:44:19', '1'),
(197, '197', '23', '95', '110', '5', '2025-10-23 22:46:14', '1'),
(198, '198', '26', '124', '125', '5', '2025-10-23 22:47:52', '1'),
(199, '199', '2', '92', '104', '5', '2025-10-24 02:50:17', '1'),
(200, '200', '14', '126', '127', '5', '2025-10-24 02:55:51', '1'),
(201, '201', '3', '100', '107', '5', '2025-10-24 03:22:26', '1'),
(202, '202', '3', '100', '107', '5', '2025-10-24 03:27:27', '1'),
(203, '203', '3', '100', '107', '5', '2025-10-24 03:32:24', '1'),
(204, '204', '3', '100', '107', '5', '2025-10-24 03:34:10', '1'),
(205, '205', '9', '99', '113', '5', '2025-10-24 03:35:46', '1'),
(206, '206', '9', '99', '113', '5', '2025-10-24 03:37:24', '1'),
(207, '207', '7', '97', '111', '5', '2025-10-24 03:39:05', '1'),
(208, '208', '1', '101', '103', '5', '2025-10-24 03:40:54', '1'),
(209, '209', '9', '99', '115', '5', '2025-10-24 03:45:29', '1'),
(210, '210', '9', '99', '115', '5', '2025-10-24 03:47:04', '1'),
(211, '211', '9', '99', '115', '5', '2025-10-24 03:48:34', '1'),
(212, '212', '3', '100', '107', '5', '2025-10-24 03:51:00', '1'),
(213, '213', '2', '92', '104', '5', '2025-10-27 21:29:12', '1'),
(214, '214', '9', '99', '113', '5', '2025-10-27 21:32:06', '1'),
(215, '215', '9', '99', '113', '5', '2025-10-27 21:33:20', '1'),
(216, '216', '9', '99', '113', '5', '2025-10-27 21:35:06', '1'),
(217, '217', '7', '97', '111', '5', '2025-10-27 21:36:23', '1'),
(218, '218', '7', '97', '111', '5', '2025-10-27 21:37:37', '1'),
(219, '219', '7', '97', '111', '5', '2025-10-27 21:39:05', '1'),
(220, '220', '6', '98', '112', '5', '2025-10-27 21:40:31', '1'),
(221, '221', '6', '98', '112', '5', '2025-10-27 21:41:39', '1'),
(222, '222', '6', '98', '112', '5', '2025-10-27 21:42:38', '1'),
(223, '223', '6', '98', '112', '5', '2025-10-27 21:43:41', '1'),
(224, '224', '6', '98', '112', '5', '2025-10-27 21:49:44', '1'),
(225, '225', '9', '99', '114', '5', '2025-10-27 21:53:55', '1'),
(226, '226', '9', '99', '114', '5', '2025-10-27 21:55:01', '1'),
(227, '227', '14', '126', '127', '5', '2025-10-27 22:02:21', '1'),
(228, '228', '14', '126', '127', '5', '2025-10-27 22:03:59', '1'),
(229, '229', '12', '118', '119', '5', '2025-10-27 22:05:04', '1'),
(230, '230', '3', '100', '107', '5', '2025-10-27 22:14:57', '1'),
(231, '231', '3', '100', '107', '5', '2025-10-27 22:50:05', '1'),
(232, '232', '7', '97', '111', '5', '2025-10-27 22:58:29', '1'),
(233, '233', '7', '97', '111', '5', '2025-10-27 22:59:48', '1'),
(234, '234', '7', '97', '111', '5', '2025-10-27 23:01:10', '1'),
(235, '235', '6', '98', '112', '5', '2025-10-28 21:44:46', '1'),
(236, '236', '6', '98', '112', '5', '2025-10-28 21:46:19', '1'),
(237, '237', '6', '98', '112', '5', '2025-10-28 21:47:47', '1'),
(238, '238', '4', '132', '108', '5', '2025-10-28 21:49:05', '1'),
(239, '239', '4', '132', '108', '5', '2025-10-28 21:50:10', '1'),
(240, '240', '4', '132', '108', '5', '2025-10-28 21:51:15', '1'),
(241, '241', '4', '132', '108', '5', '2025-10-28 22:05:44', '1'),
(242, '242', '4', '132', '108', '5', '2025-10-28 22:31:07', '1'),
(243, '243', '4', '132', '108', '5', '2025-10-28 22:32:34', '1'),
(244, '244', '25', '122', '123', '5', '2025-10-28 22:34:09', '1'),
(245, '245', '21', '91', '102', '5', '2025-10-28 22:35:30', '1'),
(246, '246', '26', '124', '125', '5', '2025-10-28 22:38:51', '1'),
(247, '247', '23', '95', '110', '5', '2025-10-28 22:41:24', '1'),
(248, '248', '12', '118', '119', '5', '2025-10-28 22:42:55', '1'),
(249, '249', '14', '126', '127', '5', '2025-10-28 22:44:21', '1'),
(250, '250', '9', '99', '115', '5', '2025-10-28 22:46:08', '1'),
(251, '251', '9', '99', '115', '5', '2025-10-28 22:55:24', '1'),
(252, '252', '3', '100', '107', '5', '2025-10-28 22:57:51', '1'),
(253, '253', '3', '100', '107', '5', '2025-10-28 22:59:57', '1'),
(254, '254', '1', '101', '103', '5', '2025-10-29 03:34:55', '1'),
(255, '255', '2', '92', '104', '5', '2025-10-29 03:36:57', '1'),
(256, '256', '2', '92', '104', '5', '2025-10-29 03:41:54', '1'),
(257, '257', '3', '100', '106', '5', '2025-10-29 03:44:13', '1'),
(258, '258', '5', '94', '109', '5', '2025-10-29 03:46:52', '1'),
(259, '259', '6', '98', '112', '5', '2025-10-29 03:49:09', '1'),
(260, '260', '6', '98', '112', '5', '2025-10-29 03:54:21', '1'),
(261, '261', '6', '98', '112', '5', '2025-10-29 03:58:30', '1'),
(262, '262', '6', '98', '112', '5', '2025-10-29 04:00:27', '1'),
(263, '263', '7', '97', '111', '5', '2025-10-29 04:14:40', '1'),
(264, '264', '7', '97', '111', '5', '2025-10-29 04:16:03', '1'),
(265, '265', '7', '97', '111', '5', '2025-10-29 04:17:33', '1'),
(266, '266', '9', '99', '113', '5', '2025-10-30 03:40:58', '1'),
(267, '267', '15', '128', '156', '5', '2025-10-30 03:45:36', '1'),
(268, '268', '15', '128', '129', '5', '2025-10-30 03:47:45', '1'),
(269, '269', '9', '99', '115', '5', '2025-10-30 03:49:49', '1'),
(270, '270', '9', '99', '115', '5', '2025-10-30 03:51:59', '1'),
(271, '271', '9', '99', '115', '5', '2025-10-30 03:53:21', '1'),
(272, '272', '14', '126', '127', '5', '2025-10-30 04:00:05', '1'),
(273, '273', '3', '100', '107', '5', '2025-10-30 04:16:53', '1'),
(274, '274', '27', '159', '160', '1', '2025-10-30 21:19:23', '1'),
(275, '275', '27', '159', '160', '1', '2025-10-30 21:29:21', '1'),
(276, '276', '27', '159', '160', '1', '2025-10-30 21:34:49', '1'),
(277, '277', '27', '159', '160', '1', '2025-10-30 21:40:52', '1'),
(278, '278', '27', '159', '160', '1', '2025-10-30 21:42:31', '1'),
(279, '279', '27', '159', '160', '1', '2025-10-30 21:43:22', '1'),
(280, '280', '27', '159', '160', '1', '2025-10-30 21:46:42', '1'),
(281, '281', '27', '159', '160', '1', '2025-10-30 21:48:27', '1'),
(282, '282', '27', '159', '160', '1', '2025-10-30 21:49:05', '1'),
(283, '283', '27', '159', '160', '1', '2025-10-30 21:49:43', '1'),
(284, '284', '27', '159', '160', '1', '2025-10-30 21:50:34', '1'),
(285, '285', '27', '159', '160', '1', '2025-10-30 21:51:10', '1'),
(286, '286', '27', '159', '160', '1', '2025-10-30 21:51:51', '1'),
(287, '287', '27', '159', '160', '1', '2025-10-30 21:52:25', '1'),
(288, '288', '27', '159', '160', '1', '2025-10-30 21:53:02', '1'),
(289, '289', '27', '159', '160', '1', '2025-10-30 21:53:40', '1'),
(290, '290', '27', '159', '160', '1', '2025-10-30 21:54:15', '1'),
(291, '291', '27', '159', '160', '1', '2025-10-30 21:54:55', '1'),
(292, '292', '27', '159', '160', '1', '2025-10-30 21:55:31', '1'),
(293, '293', '27', '159', '160', '1', '2025-10-30 21:56:31', '1'),
(294, '294', '27', '159', '160', '1', '2025-10-30 21:57:14', '1'),
(295, '295', '28', '174', '175', '1', '2025-10-31 16:44:44', '1'),
(296, '296', '28', '174', '175', '1', '2025-10-31 17:03:59', '1'),
(297, '297', '28', '174', '175', '1', '2025-10-31 17:04:48', '1'),
(298, '298', '28', '174', '175', '1', '2025-10-31 17:05:28', '1'),
(299, '299', '28', '174', '175', '1', '2025-10-31 17:06:19', '1'),
(300, '300', '28', '174', '175', '1', '2025-10-31 17:06:58', '1'),
(301, '301', '28', '174', '175', '1', '2025-10-31 17:07:36', '1'),
(302, '302', '28', '174', '175', '1', '2025-10-31 17:08:32', '1'),
(303, '303', '28', '174', '175', '1', '2025-10-31 17:09:24', '1'),
(304, '304', '28', '174', '175', '1', '2025-10-31 17:10:14', '1'),
(305, '305', '28', '174', '175', '1', '2025-10-31 17:10:49', '1'),
(306, '306', '28', '174', '175', '1', '2025-10-31 17:11:25', '1'),
(307, '307', '28', '174', '175', '1', '2025-10-31 17:12:14', '1'),
(308, '308', '28', '174', '175', '1', '2025-10-31 17:12:54', '1'),
(309, '309', '28', '174', '175', '1', '2025-10-31 17:13:36', '1'),
(310, '310', '28', '174', '175', '1', '2025-10-31 17:14:13', '1'),
(311, '311', '28', '174', '175', '1', '2025-10-31 17:14:48', '1'),
(312, '312', '28', '174', '175', '1', '2025-10-31 17:15:24', '1'),
(313, '313', '28', '174', '175', '1', '2025-10-31 17:15:56', '1'),
(314, '314', '28', '174', '175', '1', '2025-10-31 17:16:41', '1'),
(315, '315', '28', '174', '175', '1', '2025-10-31 17:17:25', '1'),
(316, '316', '28', '174', '175', '1', '2025-10-31 17:20:09', '1'),
(317, '317', '28', '174', '175', '1', '2025-10-31 17:20:53', '1'),
(318, '318', '28', '174', '175', '1', '2025-10-31 17:21:53', '1'),
(319, '319', '28', '174', '175', '1', '2025-10-31 17:22:32', '1'),
(320, '320', '28', '174', '175', '1', '2025-10-31 17:23:05', '1'),
(321, '321', '28', '174', '175', '1', '2025-10-31 17:57:14', '1'),
(322, '322', '28', '174', '175', '1', '2025-10-31 17:57:52', '1'),
(323, '323', '28', '174', '175', '1', '2025-10-31 17:58:35', '1'),
(324, '324', '28', '174', '175', '1', '2025-10-31 17:59:19', '1'),
(325, '325', '28', '174', '175', '1', '2025-10-31 18:00:10', '1'),
(326, '326', '28', '174', '175', '1', '2025-10-31 18:00:47', '1'),
(327, '327', '28', '174', '175', '1', '2025-10-31 18:01:44', '1'),
(328, '328', '28', '174', '175', '1', '2025-10-31 18:02:33', '1'),
(329, '329', '28', '174', '175', '1', '2025-10-31 18:03:22', '1'),
(330, '330', '28', '174', '175', '1', '2025-10-31 18:03:58', '1'),
(331, '331', '28', '174', '175', '1', '2025-10-31 18:04:34', '1'),
(332, '332', '28', '174', '175', '1', '2025-10-31 18:05:09', '1'),
(333, '333', '28', '174', '175', '1', '2025-10-31 18:07:34', '1'),
(334, '334', '28', '174', '175', '1', '2025-10-31 18:08:24', '1'),
(335, '335', '2', '92', '104', '5', '2025-10-31 18:51:30', '1'),
(336, '336', '9', '99', '113', '5', '2025-10-31 18:53:33', '1'),
(337, '337', '3', '100', '106', '5', '2025-10-31 19:06:33', '1'),
(338, '338', '4', '132', '108', '5', '2025-10-31 21:17:55', '1'),
(339, '339', '4', '132', '108', '5', '2025-10-31 21:25:32', '1'),
(340, '340', '4', '132', '108', '5', '2025-10-31 21:29:02', '1'),
(341, '341', '4', '132', '108', '5', '2025-10-31 21:31:20', '1'),
(342, '342', '9', '99', '115', '5', '2025-10-31 21:33:05', '1'),
(343, '343', '15', '128', '129', '5', '2025-10-31 21:35:17', '1'),
(344, '344', '21', '91', '102', '5', '2025-10-31 21:40:46', '1'),
(345, '345', '25', '122', '123', '5', '2025-10-31 21:42:14', '1'),
(346, '346', '3', '100', '107', '5', '2025-10-31 21:42:14', '1'),
(347, '347', '3', '100', '107', '5', '2025-10-31 21:48:55', '1'),
(348, '348', '3', '100', '107', '5', '2025-10-31 21:50:57', '1'),
(349, '349', '3', '100', '107', '5', '2025-10-31 21:52:28', '1'),
(350, '350', '29', '177', '179', '1', '2025-11-05 22:33:24', '1'),
(351, '351', '29', '177', '179', '1', '2025-11-05 22:34:28', '1'),
(352, '352', '29', '177', '179', '1', '2025-11-05 22:35:42', '1'),
(353, '353', '29', '177', '179', '1', '2025-11-05 22:36:47', '1'),
(354, '354', '29', '177', '179', '1', '2025-11-05 22:37:38', '1'),
(355, '355', '29', '177', '179', '1', '2025-11-05 22:38:35', '1'),
(356, '356', '29', '177', '179', '1', '2025-11-05 22:39:24', '1'),
(357, '357', '29', '177', '179', '1', '2025-11-05 22:40:12', '1'),
(358, '358', '29', '177', '179', '1', '2025-11-05 22:41:05', '1'),
(359, '359', '29', '177', '179', '1', '2025-11-05 22:42:21', '1'),
(360, '360', '29', '177', '179', '1', '2025-11-05 22:43:17', '1'),
(361, '361', '29', '177', '179', '1', '2025-11-05 22:44:04', '1'),
(362, '362', '29', '177', '179', '1', '2025-11-05 22:45:02', '1'),
(363, '363', '29', '177', '179', '1', '2025-11-05 22:45:56', '1'),
(364, '364', '29', '178', '181', '1', '2025-11-05 22:47:36', '1'),
(365, '365', '29', '177', '179', '1', '2025-11-05 22:50:02', '1'),
(366, '366', '29', '177', '179', '1', '2025-11-05 22:52:36', '1'),
(367, '367', '29', '177', '179', '1', '2025-11-05 22:53:19', '1'),
(368, '368', '29', '177', '179', '1', '2025-11-05 22:54:14', '1'),
(369, '369', '29', '177', '179', '1', '2025-11-05 22:55:29', '1'),
(370, '370', '29', '177', '179', '1', '2025-11-05 22:56:59', '1'),
(371, '371', '29', '177', '179', '1', '2025-11-05 22:57:49', '1'),
(372, '372', '29', '177', '179', '1', '2025-11-05 22:58:55', '1'),
(373, '373', '29', '177', '179', '1', '2025-11-05 22:59:42', '1'),
(374, '374', '29', '177', '179', '1', '2025-11-05 23:00:31', '1'),
(375, '375', '29', '177', '179', '1', '2025-11-05 23:01:14', '1'),
(376, '376', '3', '100', '106', '5', '2025-11-07 14:43:58', '1'),
(377, '377', '9', '99', '113', '5', '2025-11-07 14:45:39', '1');

-- --------------------------------------------------------

--
-- Estructura de tabla para la tabla `proveedores`
--

CREATE TABLE `proveedores` (
  `id_prov` int NOT NULL,
  `nombre` varchar(255) DEFAULT NULL,
  `cod` varchar(255) DEFAULT NULL,
  `rs` varchar(255) DEFAULT NULL,
  `rfc` varchar(255) DEFAULT NULL,
  `c_contable` varchar(255) DEFAULT NULL,
  `tpersona` varchar(255) DEFAULT NULL,
  `tproveedor` varchar(255) DEFAULT NULL,
  `m_pago` varchar(255) DEFAULT NULL,
  `f_pago` varchar(255) DEFAULT NULL,
  `banco` varchar(255) DEFAULT NULL,
  `cfdi` varchar(255) DEFAULT NULL,
  `dir_a` varchar(255) DEFAULT NULL,
  `nom_cuenta` varchar(255) DEFAULT NULL,
  `con_pago` varchar(255) DEFAULT NULL,
  `obs` varchar(255) DEFAULT NULL,
  `fecha` timestamp NOT NULL DEFAULT CURRENT_TIMESTAMP,
  `id_user` varchar(255) DEFAULT NULL,
  `status` varchar(255) DEFAULT '1',
  `zona` varchar(255) DEFAULT NULL
) ENGINE=MyISAM DEFAULT CHARSET=utf8mb4 COLLATE=utf8mb4_0900_ai_ci;

--
-- Volcado de datos para la tabla `proveedores`
--

INSERT INTO `proveedores` (`id_prov`, `nombre`, `cod`, `rs`, `rfc`, `c_contable`, `tpersona`, `tproveedor`, `m_pago`, `f_pago`, `banco`, `cfdi`, `dir_a`, `nom_cuenta`, `con_pago`, `obs`, `fecha`, `id_user`, `status`, `zona`) VALUES
(1, 'IP', 'I-107', 'INTERNATIONAL PAPER MEXICO COMPANY', 'IPH140130GE7', NULL, 'moral', NULL, NULL, NULL, NULL, NULL, NULL, NULL, NULL, '', '2025-07-28 23:36:54', '1', '1', '1'),
(2, 'CERVECERIA CUAUHTEMOC MOCTEZUMA', 'C-597', 'CERVECERIA CUAUHTEMOC MOCTEZUMA SA DE CV', 'CCM080101IL8', NULL, 'moral', NULL, NULL, NULL, NULL, NULL, NULL, NULL, NULL, '', '2025-10-30 19:15:55', '1', '1', '2');

-- --------------------------------------------------------

--
-- Estructura de tabla para la tabla `recoleccion`
--

CREATE TABLE `recoleccion` (
  `id_recol` int NOT NULL,
  `folio` varchar(255) DEFAULT NULL,
  `fecha_r` timestamp NULL DEFAULT CURRENT_TIMESTAMP,
  `zona` varchar(255) DEFAULT NULL,
  `id_prov` varchar(255) DEFAULT NULL,
  `id_direc_prov` varchar(255) DEFAULT NULL,
  `id_transp` varchar(255) DEFAULT NULL,
  `pre_flete` varchar(255) DEFAULT NULL,
  `id_prd_rec` varchar(255) DEFAULT NULL,
  `id_cli` varchar(255) DEFAULT NULL,
  `id_direc_cli` varchar(255) DEFAULT NULL,
  `factura_v` varchar(255) DEFAULT NULL,
  `fecha_v` timestamp NOT NULL DEFAULT CURRENT_TIMESTAMP,
  `factus_v_corr` varchar(255) NOT NULL DEFAULT '0',
  `remision` varchar(255) DEFAULT NULL,
  `remixtac` varchar(255) DEFAULT NULL,
  `peso_prov` varchar(255) DEFAULT NULL,
  `factura_fle` varchar(255) DEFAULT NULL,
  `peso_fle` varchar(255) DEFAULT NULL,
  `placas_fle` varchar(255) DEFAULT NULL,
  `nom_fle` varchar(255) DEFAULT NULL,
  `tipo_fle` varchar(255) DEFAULT NULL,
  `factura_pro` varchar(255) DEFAULT NULL,
  `doc_pro` varchar(255) DEFAULT NULL,
  `d_f_p` varchar(255) DEFAULT NULL,
  `doc_fle` varchar(255) DEFAULT NULL,
  `d_f_f` varchar(255) DEFAULT NULL,
  `im_tras_inv` varchar(255) DEFAULT NULL,
  `im_rete_inv` varchar(255) DEFAULT NULL,
  `sub_tot_inv` varchar(255) DEFAULT NULL,
  `total_inv` varchar(255) DEFAULT NULL,
  `alias_inv_fle` varchar(255) DEFAULT NULL,
  `folio_inv_fle` varchar(255) DEFAULT NULL,
  `alias_inv_pro` varchar(255) DEFAULT NULL,
  `folio_inv_pro` varchar(255) DEFAULT NULL,
  `id_user` varchar(255) DEFAULT NULL,
  `status` varchar(255) NOT NULL DEFAULT '1',
  `acciones` varchar(255) DEFAULT '0',
  `ex` varchar(255) NOT NULL DEFAULT '0',
  `FacCexis` varchar(255) DEFAULT '0',
  `CRcomexis` varchar(255) NOT NULL DEFAULT '0',
  `FacFexis` varchar(255) NOT NULL DEFAULT '0',
  `CRfleexis` varchar(255) NOT NULL DEFAULT '0'
) ENGINE=MyISAM DEFAULT CHARSET=utf8mb4 COLLATE=utf8mb4_0900_ai_ci;

--
-- Volcado de datos para la tabla `recoleccion`
--

INSERT INTO `recoleccion` (`id_recol`, `folio`, `fecha_r`, `zona`, `id_prov`, `id_direc_prov`, `id_transp`, `pre_flete`, `id_prd_rec`, `id_cli`, `id_direc_cli`, `factura_v`, `fecha_v`, `factus_v_corr`, `remision`, `remixtac`, `peso_prov`, `factura_fle`, `peso_fle`, `placas_fle`, `nom_fle`, `tipo_fle`, `factura_pro`, `doc_pro`, `d_f_p`, `doc_fle`, `d_f_f`, `im_tras_inv`, `im_rete_inv`, `sub_tot_inv`, `total_inv`, `alias_inv_fle`, `folio_inv_fle`, `alias_inv_pro`, `folio_inv_pro`, `id_user`, `status`, `acciones`, `ex`, `FacCexis`, `CRcomexis`, `FacFexis`, `CRfleexis`) VALUES
(1, '0001', '2025-10-06 06:00:00', '1', '1', '2', '29', '20', NULL, '2', '13', 'A32007', '2025-10-02 06:00:00', '1', '7537M10174', NULL, '19758', '984', '19758', NULL, NULL, NULL, '103020', 'archivos/LAISA/2025/10/103020IPH140130GE7', 'archivos/LAISA/2025/10/EA_I107_103020_251014', 'archivos/LAISA/2025/10/984BAOE511130TF1', 'archivos/LAISA/2025/10/EA_B186_984_251004', '2400.800', '600.200', '15005.000', '16805.600', 'LAISA', '18228', 'LAISA', '18266', '4', '1', '0', '0', '0', '0', '0', '0'),
(2, '0002', '2025-10-06 06:00:00', '1', '1', '10', '23', '22', NULL, '7', '18', 'A32008', '2025-10-02 06:00:00', '1', '7531M13537', NULL, '25160', '3735', '25160', NULL, NULL, NULL, '153319', 'archivos/LAISA/2025/10/153319IPH140130GE7', 'archivos/LAISA/2025/10/EA_I107_153319_251003', 'archivos/LAISA/2025/10/3735CTR030227FT5', 'archivos/LAISA/2025/10/EA_C600_3735_251004', '2656.900', '664.220', '16605.600', '18598.280', 'LAISA', '18225', 'LAISA', '18179', '4', '1', '0', '0', '0', '0', '0', '0'),
(48, '0048', '2025-10-07 06:00:00', '1', '1', '6', '3', '133', NULL, '7', '18', 'A32083', '2025-10-07 06:00:00', '1', '7539M23789', NULL, '24170', 'N/A', '24170.00', NULL, NULL, NULL, '304565', 'archivos/LAISA/2025/10/304565IPH140130GE7', 'archivos/LAISA/2025/10/EA_I107_304565_251010', NULL, NULL, NULL, NULL, NULL, NULL, NULL, NULL, 'LAISA', '18305', '4', '1', '0', '0', '0', '0', '0', '0'),
(3, '0003', '2025-10-06 06:00:00', '1', '1', '6', '3', '133', NULL, '7', '18', 'A32009', '2025-10-02 06:00:00', '1', '7539M23782', NULL, '23720', 'N/A', '23720', NULL, NULL, NULL, '304558', 'archivos/LAISA/2025/10/304558IPH140130GE7', 'archivos/LAISA/2025/10/EA_I107_304558_251010', NULL, NULL, NULL, NULL, NULL, NULL, NULL, NULL, 'LAISA', '18305', '4', '1', '0', '0', '0', '0', '0', '0'),
(4, '0004', '2025-10-06 06:00:00', '1', '1', '9', '3', '28', NULL, '7', '18', 'A32011', '2025-10-02 06:00:00', '1', '7540M114490', NULL, '20690', 'N/A', NULL, NULL, NULL, NULL, '212796', 'archivos/LAISA/2025/10/212796IPH140130GE7', 'archivos/LAISA/2025/10/EA_I107_212796_251015', NULL, NULL, NULL, NULL, NULL, NULL, NULL, NULL, 'LAISA', '18266', '5', '1', '0', '0', '0', '0', '0', '0'),
(5, '0005', '2025-10-06 06:00:00', '1', '1', '9', '3', '28', NULL, '7', '18', 'A32012', '2025-10-02 06:00:00', '1', '7540M114491', NULL, '21540', 'N/A', NULL, NULL, NULL, NULL, '212392', 'archivos/LAISA/2025/10/212392IPH140130GE7', 'archivos/LAISA/2025/10/EA_I107_212392_251006', NULL, NULL, NULL, NULL, NULL, NULL, NULL, NULL, 'LAISA', '18179', '5', '1', '0', '0', '0', '0', '0', '0'),
(6, '0006', '2025-10-06 06:00:00', '1', '1', '9', '3', '28', NULL, '7', '18', 'A32013', '2025-10-02 06:00:00', '1', '7540M114493', NULL, '19930', 'N/A', NULL, NULL, NULL, NULL, '212381', 'archivos/LAISA/2025/10/212381IPH140130GE7', 'archivos/LAISA/2025/10/EA_I107_212381_251006', NULL, NULL, NULL, NULL, NULL, NULL, NULL, NULL, 'LAISA', '18179', '5', '1', '0', '0', '0', '0', '0', '0'),
(7, '0007', '2025-10-06 06:00:00', '1', '1', '6', '3', '133', NULL, '7', '18', 'A32010', '2025-10-02 06:00:00', '1', '7539M23783', NULL, '23290', 'N/A', NULL, NULL, NULL, NULL, '304559', 'archivos/LAISA/2025/10/304559IPH140130GE7', 'archivos/LAISA/2025/10/EA_I107_304559_251010', NULL, NULL, NULL, NULL, NULL, NULL, NULL, NULL, 'LAISA', '18305', '5', '1', '0', '0', '0', '0', '0', '0'),
(8, '0008', '2025-10-06 06:00:00', '1', '1', '9', '3', '29', NULL, '6', '17', 'A32014', '2025-10-02 06:00:00', '1', '7540M114489', NULL, '6840', 'N/A', NULL, NULL, NULL, NULL, '212108', 'archivos/LAISA/2025/09/212108IPH140130GE7', 'archivos/LAISA/2025/09/EA_I107_212108_250930', NULL, NULL, NULL, NULL, NULL, NULL, NULL, NULL, 'LAISA', '18182', '5', '1', '0', '0', '0', '0', '0', '0'),
(9, '0009', '2025-10-06 06:00:00', '1', '1', '9', '3', '29', NULL, '6', '17', 'A32015', '2025-10-02 06:00:00', '1', '7540M114492', NULL, '6770', 'N/A', NULL, NULL, NULL, NULL, '212393', 'archivos/LAISA/2025/10/212393IPH140130GE7', 'archivos/LAISA/2025/10/EA_I107_212393_251006', NULL, NULL, NULL, NULL, NULL, NULL, NULL, NULL, 'LAISA', '18179', '5', '1', '0', '0', '0', '0', '0', '0'),
(10, '0010', '2025-10-06 06:00:00', '1', '1', '11', '3', '30', NULL, '6', '17', 'A32016', '2025-10-02 06:00:00', '1', '7727M114636', NULL, '21740', 'N/A', NULL, NULL, NULL, NULL, NULL, NULL, NULL, NULL, NULL, NULL, NULL, NULL, NULL, NULL, NULL, NULL, NULL, '5', '1', '0', '0', '0', '0', '0', '0'),
(11, '0011', '2025-10-06 06:00:00', '1', '1', '5', '28', '18', NULL, '3', '14', 'A32017', '2025-10-02 06:00:00', '1', '7538M20903', NULL, '26910', '20739', '26910', NULL, NULL, 'TRAILER', '185131', 'archivos/LAISA/2025/10/185131IPH140130GE7', '', 'archivos/LAISA/2025/10/20739DAPR5704074N1', 'archivos/LAISA/2025/10/EA_D227_20739_251006', '8309.810', '2077.450', '51936.300', '58168.660', 'LAISA', '18315', 'LAISA', '18371', '5', '1', '0', '0', '0', '0', '0', '0'),
(12, '0012', '2025-10-06 06:00:00', '1', '1', '10', '23', '22', NULL, '7', '18', 'A32032', '2025-10-03 06:00:00', '1', '7531M13536', NULL, '24450', '3734', '24450', NULL, NULL, 'TRAILER', '153318', 'archivos/LAISA/2025/10/153318IPH140130GE7', 'archivos/LAISA/2025/10/EA_I107_153318_251003', 'archivos/LAISA/2025/10/3734CTR030227FT5', 'archivos/LAISA/2025/10/EA_C600_3734_251003', '2581.920', '645.480', '16137.000', '18073.440', 'LAISA', '18225', 'LAISA', '18179', '5', '1', '0', '0', '0', '0', '0', '0'),
(13, '0013', '2025-10-06 06:00:00', '1', '1', '9', '3', '28', NULL, '7', '18', 'A32033', '2025-10-03 06:00:00', '1', '7540M114498', NULL, '21460', 'N/A', NULL, NULL, NULL, NULL, '212394', 'archivos/LAISA/2025/10/212394IPH140130GE7', 'archivos/LAISA/2025/10/EA_I107_212394_251006', NULL, NULL, NULL, NULL, NULL, NULL, NULL, NULL, 'LAISA', '18179', '5', '1', '0', '0', '0', '0', '0', '0'),
(14, '0014', '2025-10-06 06:00:00', '1', '1', '9', '3', '28', NULL, '7', '18', 'A32034', '2025-10-03 06:00:00', '1', '7540M114499', NULL, '21550', 'N/A', NULL, NULL, NULL, NULL, '212395', 'archivos/LAISA/2025/10/212395IPH140130GE7', 'archivos/LAISA/2025/10/EA_I107_212395_251006', NULL, NULL, NULL, NULL, NULL, NULL, NULL, NULL, 'LAISA', '18179', '5', '1', '0', '0', '0', '0', '0', '0'),
(15, '0015', '2025-10-06 06:00:00', '1', '1', '5', '27', '26', NULL, '3', '14', 'A32037', '2025-10-03 06:00:00', '1', '7538M20902', NULL, '27170', '15022', '27170', NULL, NULL, 'TRAILER', '185128', 'archivos/LAISA/2025/10/185128IPH140130GE7', 'archivos/LAISA/2025/10/EA_I107_185128_251008', 'archivos/LAISA/2025/10/15022HEGM421018131', 'archivos/LAISA/2025/10/EA_H165_15022_251014', '8390.100', '2097.520', '52438.100', '58730.680', 'LAISA', '18314', 'LAISA', '18371', '4', '1', '0', '0', '0', '0', '1', '1'),
(16, '0016', '2025-10-06 06:00:00', '1', '1', '2', '29', '20', NULL, '2', '13', 'A32045', '2025-10-06 06:00:00', '1', '7537M10176', NULL, '19565 ', '985', '19565', NULL, NULL, 'TRAILER', '103021', 'archivos/LAISA/2025/10/103021IPH140130GE7', 'archivos/LAISA/2025/10/EA_I107_103021_251014', 'archivos/LAISA/2025/10/985BAOE511130TF1', 'archivos/LAISA/2025/10/EA_B186_985_251006', '2400.800', '600.200', '15005.000', '16805.600', 'LAISA', '18370', 'LAISA', '18266', '4', '1', '0', '0', '0', '0', '0', '0'),
(17, '0017', '2025-10-06 06:00:00', '1', '1', '2', '29', '20', NULL, '2', '13', 'A32046', '2025-10-06 06:00:00', '1', '7537M10177', NULL, '19866', '986', '19866', NULL, NULL, 'TRAILER', '103022', 'archivos/LAISA/2025/10/103022IPH140130GE7', 'archivos/LAISA/2025/10/EA_I107_103022_251014', 'archivos/LAISA/2025/10/986BAOE511130TF1', 'archivos/LAISA/2025/10/EA_B186_986_251009', '2400.800', '600.200', '15005.000', '16805.600', 'LAISA', '18228', 'LAISA', '18266', '4', '1', '0', '0', '0', '0', '0', '0'),
(18, '0018', '2025-10-06 06:00:00', '1', '1', '10', '23', '22', NULL, '7', '18', 'A32051', '2025-10-06 06:00:00', '1', '7531M13538', NULL, '20900', '3736', '20900', NULL, NULL, 'TRAILER', '153467', 'archivos/LAISA/2025/10/153467IPH140130GE7', 'archivos/LAISA/2025/10/EA_I107_153467_251009', 'archivos/LAISA/2025/10/3736CTR030227FT5', 'archivos/LAISA/2025/10/EA_C600_3736_251004', '2207.040', '551.760', '13794.000', '15449.280', 'LAISA', '18225', 'LAISA', '18179', '4', '1', '0', '0', '0', '0', '0', '0'),
(19, '0019', '2025-10-06 06:00:00', '1', '1', '10', '23', '22', NULL, '7', '18', 'A32052', '2025-10-06 06:00:00', '1', '7531M13539', NULL, '23370', '3737', '23370', NULL, NULL, 'TRAILER', '153468', 'archivos/LAISA/2025/10/153468IPH140130GE7', 'archivos/LAISA/2025/10/EA_I107_153468_251009', 'archivos/LAISA/2025/10/3737CTR030227FT5', 'archivos/LAISA/2025/10/EA_C600_3737_251004', '2467.870', '616.970', '15424.200', '17275.100', 'LAISA', '18225', 'LAISA', '18179', '4', '1', '0', '0', '0', '0', '0', '0'),
(20, '0020', '2025-10-06 06:00:00', '1', '1', '10', '23', '22', NULL, '7', '18', 'A32053', '2025-10-06 06:00:00', '1', '7531M13540', NULL, '22900', '3744', '22900', NULL, NULL, 'TRAILER', '153469', 'archivos/LAISA/2025/10/153469IPH140130GE7', 'archivos/LAISA/2025/10/EA_I107_153469_251009', 'archivos/LAISA/2025/10/3744CTR030227FT5', 'archivos/LAISA/2025/10/EA_C600_3744_251007', '2418.240', '604.560', '15114.000', '16927.680', 'LAISA', '18225', 'LAISA', '18179', '4', '1', '0', '0', '0', '0', '0', '0'),
(21, '0021', '2025-10-06 06:00:00', '1', '1', '9', '3', '28', NULL, '7', '18', 'A32054', '2025-10-06 06:00:00', '1', '7540M114500', NULL, '19710', 'N/A', NULL, NULL, NULL, NULL, '212391', 'archivos/LAISA/2025/10/212391IPH140130GE7', 'archivos/LAISA/2025/10/EA_I107_212391_251006', NULL, NULL, NULL, NULL, NULL, NULL, NULL, NULL, 'LAISA', '18179', '4', '1', '0', '0', '0', '0', '0', '0'),
(22, '0022', '2025-10-06 06:00:00', '1', '1', '9', '3', '28', NULL, '7', '18', 'A32055', '2025-10-06 06:00:00', '1', '7540M114501', NULL, '21070', 'N/A', NULL, NULL, NULL, NULL, '212390', 'archivos/LAISA/2025/10/212390IPH140130GE7', 'archivos/LAISA/2025/10/EA_I107_212390_251006', NULL, NULL, NULL, NULL, NULL, NULL, NULL, NULL, 'LAISA', '18179', '4', '1', '0', '0', '0', '0', '0', '0'),
(23, '0023', '2025-10-06 06:00:00', '1', '1', '9', '3', '28', NULL, '7', '18', 'A32056', '2025-10-06 06:00:00', '1', '7540M114503', NULL, '20030', 'N/A', NULL, NULL, NULL, NULL, '212386', 'archivos/LAISA/2025/10/212386IPH140130GE7', 'archivos/LAISA/2025/10/EA_I107_212386_251006', NULL, NULL, NULL, NULL, NULL, NULL, NULL, NULL, 'LAISA', '18179', '4', '1', '0', '0', '0', '0', '0', '0'),
(24, '0024', '2025-10-06 06:00:00', '1', '1', '9', '3', '28', NULL, '7', '18', 'A32057', '2025-10-06 06:00:00', '1', '7540M114504', NULL, '21400', 'N/A', NULL, NULL, NULL, NULL, '212385', 'archivos/LAISA/2025/10/212385IPH140130GE7', 'archivos/LAISA/2025/10/EA_I107_212385_251006', NULL, NULL, NULL, NULL, NULL, NULL, NULL, NULL, 'LAISA', '18179', '4', '1', '0', '0', '0', '0', '0', '0'),
(25, '0025', '2025-10-06 06:00:00', '1', '1', '9', '3', '28', NULL, '7', '18', 'A32058', '2025-10-06 06:00:00', '1', '7540M114506', NULL, '25030', 'N/A', NULL, NULL, NULL, NULL, '212511', 'archivos/LAISA/2025/10/212511IPH140130GE7', 'archivos/LAISA/2025/10/EA_I107_212511_251008', NULL, NULL, NULL, NULL, NULL, NULL, NULL, NULL, 'LAISA', '18179', '4', '1', '0', '0', '0', '0', '0', '0'),
(26, '0026', '2025-10-06 06:00:00', '1', '1', '9', '3', '28', NULL, '7', '18', 'A32059', '2025-10-06 06:00:00', '1', '7540M114507', NULL, '21880', 'N/A', NULL, NULL, NULL, NULL, '212512', 'archivos/LAISA/2025/10/212512IPH140130GE7', 'archivos/LAISA/2025/10/EA_I107_212512_251008', NULL, NULL, NULL, NULL, NULL, NULL, NULL, NULL, 'LAISA', '18179', '4', '1', '0', '0', '0', '0', '0', '0'),
(27, '0027', '2025-10-06 06:00:00', '1', '1', '9', '3', '29', NULL, '6', '17', 'A32065', '2025-10-06 06:00:00', '1', '7540M114494', NULL, '8540', 'N/A', NULL, NULL, NULL, NULL, '212382', 'archivos/LAISA/2025/10/212382IPH140130GE7', 'archivos/LAISA/2025/10/EA_I107_212382_251006', NULL, NULL, NULL, NULL, NULL, NULL, NULL, NULL, 'LAISA', '18179', '4', '1', '0', '0', '0', '0', '0', '0'),
(28, '0028', '2025-10-06 06:00:00', '1', '1', '9', '3', '29', NULL, '6', '17', 'A32067', '2025-10-06 06:00:00', '1', '7540M114495', NULL, '8540', 'N/A', NULL, NULL, NULL, NULL, '212383', 'archivos/LAISA/2025/10/212383IPH140130GE7', 'archivos/LAISA/2025/10/EA_I107_212383_251006', NULL, NULL, NULL, NULL, NULL, NULL, NULL, NULL, 'LAISA', '18179', '4', '1', '0', '0', '0', '0', '0', '0'),
(29, '0029', '2025-10-06 06:00:00', '1', '1', '9', '3', '29', NULL, '6', '17', 'A32068', '2025-10-06 06:00:00', '1', '7540M114502', NULL, '16920', 'N/A', NULL, NULL, NULL, NULL, '212387', 'archivos/LAISA/2025/10/212387IPH140130GE7', 'archivos/LAISA/2025/10/EA_I107_212387_251006', NULL, NULL, NULL, NULL, NULL, NULL, NULL, NULL, 'LAISA', '18179', '4', '1', '0', '0', '0', '0', '0', '0'),
(30, '0030', '2025-10-06 06:00:00', '1', '1', '5', '28', '139', NULL, '2', '13', 'A32029', '2025-10-06 06:00:00', '1', '7538M20905', NULL, '26780', '20696', '26780', NULL, NULL, 'TRAILER', '185250', 'archivos/LAISA/2025/10/185250IPH140130GE7', 'archivos/LAISA/2025/10/EA_I107_185250_251010', 'archivos/LAISA/2025/10/20696DAPR5704074N1', 'archivos/LAISA/2025/10/EA_D227_20696_251003', '5184.610', '1296.150', '32403.800', '36292.260', 'LAISA', '18315', 'LAISA', '18371', '4', '1', '0', '0', '0', '0', '0', '0'),
(31, '0031', '2025-10-06 06:00:00', '1', '1', '11', '4', '134', NULL, '2', '13', 'A32030', '2025-10-03 06:00:00', '1', '7727M114624', NULL, '17840', '8900', '17840', NULL, NULL, 'TRAILER', NULL, NULL, NULL, 'archivos/LAISA/2025/10/8900AERR770225RC0', 'archivos/LAISA/2025/10/EA_A420_8900_251001', '1680.000', '420.000', '10500.000', '11760.000', 'LAISA', '18175', NULL, NULL, '4', '1', '0', '0', '0', '0', '0', '0'),
(32, '0032', '2025-10-06 06:00:00', '1', '1', '11', '4', '134', NULL, '2', '13', 'A32031', '2025-10-03 06:00:00', '1', '7727M114628', NULL, '17350', '8901', '17350', NULL, NULL, 'TRAILER', NULL, NULL, NULL, 'archivos/LAISA/2025/10/8901AERR770225RC0', 'archivos/LAISA/2025/10/EA_A420_8901_251001', '1680.000', '420.000', '10500.000', '11760.000', 'LAISA', '18175', NULL, NULL, '4', '1', '0', '0', '0', '0', '0', '0'),
(33, '0033', '2025-10-06 06:00:00', '1', '1', '6', '3', '135', NULL, '6', '17', 'A32036', '2025-10-03 06:00:00', '1', '17563-23774', NULL, '8190', 'N/A', NULL, NULL, NULL, NULL, NULL, NULL, NULL, NULL, NULL, NULL, NULL, NULL, NULL, NULL, NULL, NULL, NULL, '4', '1', '0', '0', '0', '0', '0', '0'),
(34, '0034', '2025-10-06 06:00:00', '1', '1', '11', '4', '134', NULL, '2', '13', 'A32047', '2025-10-06 06:00:00', '1', '7727M114645', NULL, '18160', '8905', '18160', NULL, NULL, 'TRAILER', '231635', 'archivos/LAISA/2025/10/231635IPH140130GE7', 'archivos/LAISA/2025/10/EA_I107_231635_251021', 'archivos/LAISA/2025/10/8905AERR770225RC0', 'archivos/LAISA/2025/10/EA_A420_8905_251001', '1680.000', '420.000', '10500.000', '11760.000', 'LAISA', '18175', 'LAISA', '18318', '4', '1', '0', '0', '0', '0', '0', '0'),
(35, '0035', '2025-10-06 06:00:00', '1', '1', '11', '4', '134', NULL, '2', '13', 'A32048', '2025-10-06 06:00:00', '1', '7727M114651', NULL, '18140', '8913', '18140', NULL, NULL, 'TRAILER', '231638', 'archivos/LAISA/2025/10/231638IPH140130GE7', 'archivos/LAISA/2025/10/EA_I107_231638_251021', 'archivos/LAISA/2025/10/8913AERR770225RC0', 'archivos/LAISA/2025/10/EA_A420_8913_251003', '1680.000', '420.000', '10500.000', '11760.000', 'LAISA', '18175', 'LAISA', '18318', '4', '1', '0', '0', '0', '0', '0', '0'),
(36, '0036', '2025-10-06 06:00:00', '1', '1', '11', '4', '134', NULL, '2', '13', 'A32049', '2025-10-06 06:00:00', '1', '7727M114652', NULL, '17710', '8911', '17710', NULL, NULL, 'TRAILER', '231639', 'archivos/LAISA/2025/10/231639IPH140130GE7', 'archivos/LAISA/2025/10/EA_I107_231639_251021', 'archivos/LAISA/2025/10/8911AERR770225RC0', 'archivos/LAISA/2025/10/EA_A420_8911_251003', '1680.000', '420.000', '10500.000', '11760.000', 'LAISA', '18175', 'LAISA', '18318', '4', '1', '0', '0', '0', '0', '0', '0'),
(37, '0037', '2025-10-06 06:00:00', '1', '1', '11', '4', '134', NULL, '2', '13', 'A32050', '2025-10-06 06:00:00', '1', '7727M114656', NULL, '17620', '8917', '17620', NULL, NULL, 'TRAILER', '231641', 'archivos/LAISA/2025/10/231641IPH140130GE7', 'archivos/LAISA/2025/10/EA_I107_231641_251021', 'archivos/LAISA/2025/10/8917AERR770225RC0', 'archivos/LAISA/2025/10/EA_A420_8917_251005', '1680.000', '420.000', '10500.000', '11760.000', 'LAISA', '18175', 'LAISA', '18318', '4', '1', '0', '0', '0', '0', '0', '0'),
(38, '0038', '2025-10-06 06:00:00', '1', '1', '11', '3', '30', NULL, '6', '17', 'A32060', '2025-10-06 06:00:00', '1', '7727M114639', NULL, '22890', 'N/A', NULL, NULL, NULL, NULL, '231632', 'archivos/LAISA/2025/10/231632IPH140130GE7', 'archivos/LAISA/2025/10/EA_I107_231632_251021', NULL, NULL, NULL, NULL, NULL, NULL, NULL, NULL, 'LAISA', '18422', '4', '1', '0', '0', '0', '0', '0', '0'),
(39, '0039', '2025-10-06 06:00:00', '1', '1', '11', '3', '30', NULL, '6', '17', 'A32061', '2025-10-06 06:00:00', '1', '7727M114641', NULL, '22020', 'N/A', NULL, NULL, NULL, NULL, '231634', 'archivos/LAISA/2025/10/231634IPH140130GE7', 'archivos/LAISA/2025/10/EA_I107_231634_251021', NULL, NULL, NULL, NULL, NULL, NULL, NULL, NULL, 'LAISA', '18318', '4', '1', '0', '0', '0', '0', '0', '0'),
(40, '0040', '2025-10-06 06:00:00', '1', '1', '11', '3', '30', NULL, '6', '17', 'A32062', '2025-10-06 06:00:00', '1', '7727M114646', NULL, '21520', 'N/A', NULL, NULL, NULL, NULL, '231636', 'archivos/LAISA/2025/10/231636IPH140130GE7', 'archivos/LAISA/2025/10/EA_I107_231636_251021', NULL, NULL, NULL, NULL, NULL, NULL, NULL, NULL, 'LAISA', '18318', '4', '1', '0', '0', '0', '0', '0', '0'),
(41, '0041', '2025-10-06 06:00:00', '1', '1', '11', '3', '30', NULL, '6', '17', 'A32063', '2025-10-06 06:00:00', '1', '7727M114654', NULL, '22030', 'N/A', NULL, NULL, NULL, NULL, '231640', 'archivos/LAISA/2025/10/231640IPH140130GE7', 'archivos/LAISA/2025/10/EA_I107_231640_251021', NULL, NULL, NULL, NULL, NULL, NULL, NULL, NULL, 'LAISA', '18422', '4', '1', '0', '0', '0', '0', '0', '0'),
(42, '0042', '2025-10-06 06:00:00', '1', '1', '11', '3', '30', NULL, '6', '17', 'A32064', '2025-10-06 06:00:00', '1', '7727M114640', NULL, '7540', 'N/A', NULL, NULL, NULL, NULL, '231633', 'archivos/LAISA/2025/10/231633IPH140130GE7', 'archivos/LAISA/2025/10/EA_I107_231633_251021', NULL, NULL, NULL, NULL, NULL, NULL, NULL, NULL, 'LAISA', '18371', '4', '1', '0', '0', '0', '0', '0', '0'),
(43, '0043', '2025-10-06 06:00:00', '1', '1', '4', '31', '138', NULL, '3', '14', 'A32069', '2025-10-06 06:00:00', '1', '7526M15315', '12017-172675', '20162', '3509', '20162', NULL, NULL, NULL, '173414', 'archivos/LAISA/2025/10/173414IPH140130GE7', 'archivos/LAISA/2025/10/EA_I107_173414_251009', 'archivos/LAISA/2025/10/3509ETR131203U11', 'archivos/LAISA/2025/10/EA_E246_3509_251023', '2296.000', '574.000', '14350.000', '16072.000', NULL, NULL, 'LAISA', '18266', '4', '1', '0', '0', '0', '0', '0', '0'),
(44, '0044', '2025-10-07 06:00:00', '1', '1', '9', '3', '28', NULL, '7', '18', 'A32079', '2025-10-07 06:00:00', '1', '7540M114508', NULL, '19990', 'N/A', NULL, NULL, NULL, NULL, '212513', 'archivos/LAISA/2025/10/212513IPH140130GE7', 'archivos/LAISA/2025/10/EA_I107_212513_251008', NULL, NULL, NULL, NULL, NULL, NULL, NULL, NULL, 'LAISA', '18179', '4', '1', '0', '0', '0', '0', '0', '0'),
(45, '0045', '2025-10-07 06:00:00', '1', '1', '6', '3', '133', NULL, '7', '18', 'A32080', '2025-10-07 06:00:00', '1', '7539M23784', NULL, '23930', 'N/A', NULL, NULL, NULL, NULL, '304560', 'archivos/LAISA/2025/10/304560IPH140130GE7', 'archivos/LAISA/2025/10/EA_I107_304560_251010', NULL, NULL, NULL, NULL, NULL, NULL, NULL, NULL, 'LAISA', '18305', '4', '1', '0', '0', '0', '0', '0', '0'),
(46, '0046', '2025-10-07 06:00:00', '1', '1', '6', '3', '133', NULL, '7', '18', 'A32081', '2025-10-07 06:00:00', '1', '7539M23787', NULL, '24450', 'N/A', NULL, NULL, NULL, NULL, '304561', 'archivos/LAISA/2025/10/304561IPH140130GE7', 'archivos/LAISA/2025/10/EA_I107_304561_251010', NULL, NULL, NULL, NULL, NULL, NULL, NULL, NULL, 'LAISA', '18305', '4', '1', '0', '0', '0', '0', '0', '0'),
(47, '0047', '2025-10-07 06:00:00', '1', '1', '6', '3', '133', NULL, '7', '18', 'A32082', '2025-10-07 06:00:00', '1', '7539M23788', NULL, '23220', 'N/A', NULL, NULL, NULL, NULL, '304562', 'archivos/LAISA/2025/10/304562IPH140130GE7', 'archivos/LAISA/2025/10/EA_I107_304562_251010', NULL, NULL, NULL, NULL, NULL, NULL, NULL, NULL, 'LAISA', '18305', '4', '1', '0', '0', '0', '0', '0', '0'),
(49, '0049', '2025-10-16 06:00:00', '1', '1', '4', '3', '141', NULL, '6', '17', 'A32035', '2025-10-03 06:00:00', '1', '7526M15314', NULL, '6055', 'N/A', NULL, NULL, NULL, NULL, '173451', 'archivos/LAISA/2025/10/173451IPH140130GE7', 'archivos/LAISA/2025/10/EA_I107_173451_251020', NULL, NULL, NULL, NULL, NULL, NULL, NULL, NULL, NULL, NULL, '5', '1', '0', '0', '0', '0', '0', '0'),
(50, '0050', '2025-10-16 06:00:00', '1', '1', '5', '20', '153', NULL, '2', '13', 'A32078', '2025-10-07 06:00:00', '1', '7538M20924', NULL, '26020', '22473', '26020', NULL, NULL, 'TRAILER', '185136', 'archivos/LAISA/2025/10/185136IPH140130GE7', '', 'archivos/LAISA/2025/10/22473TMT930202335', 'archivos/LAISA/2025/10/EA_T237_22473_251006', '5037.470', '1259.370', '31484.200', '35262.300', 'LAISA', '18268', 'LAISA', '18371', '5', '1', '0', '0', '0', '0', '0', '0'),
(51, '0051', '2025-10-16 06:00:00', '1', '1', '1', '33', '37', NULL, '7', '18', 'A32084', '2025-10-07 06:00:00', '1', '1499', NULL, '24352', '27006', '24352', NULL, NULL, 'TRAILER', NULL, NULL, NULL, 'archivos/LAISA/2025/10/27006ATR680120636', 'archivos/LAISA/2025/10/EA_A327_27006_251006', '7441.970', '1860.490', '46512.320', '52093.800', 'LAISA', '18342', NULL, NULL, '5', '1', '0', '0', '0', '0', '0', '0'),
(52, '0052', '2025-10-16 06:00:00', '1', '1', '5', '28', '18', NULL, '3', '14', 'A32405', '2025-10-22 06:00:00', '1', '7538M20927', NULL, '24840', '20774', '24840', NULL, NULL, 'TRAILER', '185253', 'archivos/LAISA/2025/10/185253IPH140130GE7', 'archivos/LAISA/2025/10/EA_I107_185253_251010', 'archivos/LAISA/2025/10/20774DAPR5704074N1', 'archivos/LAISA/2025/10/EA_D227_20774_251007', '7670.590', '1917.650', '47941.200', '53694.140', 'LAISA', '18315', 'LAISA', '18305', '5', '1', '0', '0', '0', '0', '0', '0'),
(53, '0053', '2025-10-16 06:00:00', '1', '1', '9', '3', '28', NULL, '7', '18', 'A32110', '2025-10-08 06:00:00', '1', '7540M114509', NULL, '18900', 'N/A', NULL, NULL, NULL, NULL, '212514', 'archivos/LAISA/2025/10/212514IPH140130GE7', 'archivos/LAISA/2025/10/EA_I107_212514_251008', NULL, NULL, NULL, NULL, NULL, NULL, NULL, NULL, 'LAISA', '18179', '5', '1', '0', '0', '0', '0', '0', '0'),
(54, '0054', '2025-10-16 06:00:00', '1', '1', '9', '3', '28', NULL, '7', '18', 'A32111', '2025-10-08 06:00:00', '1', '7540M114510', NULL, '21240', 'N/A', NULL, NULL, NULL, NULL, '212515', 'archivos/LAISA/2025/10/212515IPH140130GE7', 'archivos/LAISA/2025/10/EA_I107_212515_251008', NULL, NULL, NULL, NULL, NULL, NULL, NULL, NULL, 'LAISA', '18179', '5', '1', '0', '0', '0', '0', '0', '0'),
(55, '0055', '2025-10-16 06:00:00', '1', '1', '6', '3', '135', NULL, '6', '17', 'A32113', '2025-10-08 06:00:00', '1', '31-567', NULL, '15377', 'N/A', NULL, NULL, NULL, NULL, NULL, NULL, NULL, NULL, NULL, NULL, NULL, NULL, NULL, NULL, NULL, NULL, NULL, '5', '1', '0', '0', '0', '0', '0', '0'),
(56, '0056', '2025-10-16 06:00:00', '1', '1', '11', '3', '30', NULL, '6', '17', 'A32117', '2025-10-08 06:00:00', '1', '7727M114657', NULL, '21840', 'N/A', NULL, NULL, NULL, NULL, '231642', 'archivos/LAISA/2025/10/231642IPH140130GE7', 'archivos/LAISA/2025/10/EA_I107_231642_251021', NULL, NULL, NULL, NULL, NULL, NULL, NULL, NULL, 'LAISA', '18318', '5', '1', '0', '0', '0', '0', '0', '0'),
(57, '0057', '2025-10-16 06:00:00', '1', '1', '11', '3', '30', NULL, '6', '17', 'A32116', '2025-10-08 06:00:00', '1', '7727M114647', NULL, '9340', 'N/A', NULL, NULL, NULL, NULL, '231637', 'archivos/LAISA/2025/10/231637IPH140130GE7', 'archivos/LAISA/2025/10/EA_I107_231637_251021', NULL, NULL, NULL, NULL, NULL, NULL, NULL, NULL, 'LAISA', '18318', '5', '1', '0', '0', '0', '0', '0', '0'),
(58, '0058', '2025-10-16 06:00:00', '1', '1', '9', '3', '29', NULL, '6', '17', 'A32118', '2025-10-08 06:00:00', '1', '7540M114334', NULL, '9900', 'N/A', NULL, NULL, NULL, NULL, NULL, NULL, NULL, NULL, NULL, NULL, NULL, NULL, NULL, NULL, NULL, NULL, NULL, '5', '1', '0', '0', '0', '0', '0', '0'),
(59, '0059', '2025-10-16 06:00:00', '1', '1', '9', '3', '29', NULL, '6', '17', 'A32119', '2025-10-08 06:00:00', '1', '7540M114333', NULL, '7430', 'N/A', NULL, NULL, NULL, NULL, NULL, NULL, NULL, NULL, NULL, NULL, NULL, NULL, NULL, NULL, NULL, NULL, NULL, '5', '1', '0', '0', '0', '0', '0', '0'),
(60, '0060', '2025-10-16 06:00:00', '1', '1', '9', '3', '29', NULL, '6', '17', 'A32120', '2025-10-08 06:00:00', '1', '7540M114505', NULL, '8000', 'N/A', NULL, NULL, NULL, NULL, '212384', 'archivos/LAISA/2025/10/212384IPH140130GE7', 'archivos/LAISA/2025/10/EA_I107_212384_251006', NULL, NULL, NULL, NULL, NULL, NULL, NULL, NULL, 'LAISA', '18179', '5', '1', '0', '0', '0', '0', '0', '0'),
(61, '0061', '2025-10-16 06:00:00', '1', '1', '7', '3', '27', NULL, '4', '15', 'A32121', '2025-10-08 06:00:00', '1', '149172', NULL, '11190', 'N/A', NULL, NULL, NULL, NULL, '149172', 'archivos/LAISA/2025/10/149172IPH140130GE7', 'archivos/LAISA/2025/10/EA_I107_149172_251008', NULL, NULL, NULL, NULL, NULL, NULL, NULL, NULL, 'LAISA', '18305', '5', '1', '0', '0', '0', '0', '0', '0'),
(62, '0062', '2025-10-16 06:00:00', '1', '1', '9', '3', '29', NULL, '6', '17', 'A32152', '2025-10-10 06:00:00', '1', '7540M114231,4242,4244.', NULL, '18260', 'N/A', NULL, NULL, NULL, NULL, NULL, NULL, NULL, NULL, NULL, NULL, NULL, NULL, NULL, NULL, NULL, NULL, NULL, '5', '1', '0', '0', '0', '0', '0', '0'),
(63, '0063', '2025-10-16 06:00:00', '1', '1', '4', '3', '141', NULL, '6', '17', 'A32153', '2025-10-10 06:00:00', '1', 'T97273 R3739', NULL, '11380', 'N/A', NULL, NULL, NULL, NULL, '173237', 'archivos/LAISA/2025/08/173237IPH140130GE7', '', NULL, NULL, NULL, NULL, NULL, NULL, NULL, NULL, 'LAISA', '17881', '5', '1', '0', '0', '0', '0', '0', '0'),
(64, '0064', '2025-10-16 06:00:00', '1', '1', '4', '3', '141', NULL, '6', '17', 'A32154', '2025-10-10 06:00:00', '1', '7526M165941', '165941', '22420', 'N/A', NULL, NULL, NULL, NULL, '173466', 'archivos/LAISA/2025/10/173466IPH140130GE7', 'archivos/LAISA/2025/10/EA_I107_173466_251023', NULL, NULL, NULL, NULL, NULL, NULL, NULL, NULL, 'LAISA', '18329', '5', '1', '0', '0', '0', '0', '0', '0'),
(65, '0065', '2025-10-16 06:00:00', '1', '1', '6', '3', '135', NULL, '6', '17', 'A32155', '2025-10-10 06:00:00', '1', '7539M23425', NULL, '19830', 'N/A', NULL, NULL, NULL, NULL, NULL, NULL, NULL, NULL, NULL, NULL, NULL, NULL, NULL, NULL, NULL, NULL, NULL, '5', '1', '0', '0', '0', '0', '0', '0'),
(66, '0066', '2025-10-16 06:00:00', '1', '1', '11', '3', '30', NULL, '6', '17', 'A32158', '2025-10-10 06:00:00', '1', '7727M114281', NULL, '7230', 'N/A', NULL, NULL, NULL, NULL, NULL, NULL, NULL, NULL, NULL, NULL, NULL, NULL, NULL, NULL, NULL, NULL, NULL, '5', '1', '0', '0', '0', '0', '0', '0'),
(67, '0067', '2025-10-16 06:00:00', '1', '1', '1', '33', '37', NULL, '7', '18', 'A32162', '2025-10-10 06:00:00', '1', '1501', NULL, '25122', '27040', '25122', NULL, NULL, NULL, '489585', 'archivos/LAISA/2025/10/489585IPH140130GE7', 'archivos/LAISA/2025/10/EA_I107_489585_251009', 'archivos/LAISA/2025/10/27040ATR680120636', 'archivos/LAISA/2025/10/EA_A327_27040_251010', '7677.280', '1919.320', '47983.020', '53740.980', 'LAISA', '18399', 'LAISA', '18266', '5', '1', '0', '0', '0', '0', '0', '0'),
(68, '0068', '2025-10-16 06:00:00', '1', '1', '2', '29', '20', NULL, '2', '13', 'A32144', '2025-10-10 06:00:00', '1', '7537M10178', NULL, '19585', '987', '19585', NULL, NULL, 'TRAILER', '103024', 'archivos/LAISA/2025/10/103024IPH140130GE7', 'archivos/LAISA/2025/10/EA_I107_103024_251014', 'archivos/LAISA/2025/10/987BAOE511130TF1', 'archivos/LAISA/2025/10/EA_B186_987_251012', '2400.800', '600.200', '15005.000', '16805.600', 'LAISA', '18370', 'LAISA', '18266', '5', '1', '0', '0', '0', '0', '0', '0'),
(69, '0069', '2025-10-16 06:00:00', '1', '1', '5', '32', '33', NULL, '3', '14', 'A32173', '2025-10-10 06:00:00', '1', '7538M20909', NULL, '24010', '2215', '24010', NULL, NULL, 'TRAILER', '185132', 'archivos/LAISA/2025/10/185132IPH140130GE7', '', 'archivos/LAISA/2025/10/2215STN950927MK8', 'archivos/LAISA/2025/10/EA_S425_2215_251003', '7414.290', '1853.570', '46339.300', '51900.020', 'LAISA', '18313', 'LAISA', '18371', '5', '1', '0', '0', '0', '0', '0', '0'),
(70, '0070', '2025-10-16 06:00:00', '1', '1', '5', '20', '36', NULL, '3', '14', 'A32174', '2025-10-10 06:00:00', '1', '7538M20913', NULL, '25970', '22480', '25970', NULL, NULL, 'TRAILER', '185133', 'archivos/LAISA/2025/10/185133IPH140130GE7', '', 'archivos/LAISA/2025/10/22480TMT930202335', 'archivos/LAISA/2025/10/EA_T237_22480_251007', '8019.540', '2004.880', '50122.100', '56136.760', 'LAISA', '18268', 'LAISA', '18371', '5', '1', '0', '0', '0', '0', '0', '0'),
(71, '0071', '2025-10-16 06:00:00', '1', '1', '5', '28', '18', NULL, '3', '14', 'A32175', '2025-10-10 06:00:00', '1', '7538M20918', NULL, '24430', '20731', '24430', NULL, NULL, 'TRAILER', '185134', 'archivos/LAISA/2025/10/185134IPH140130GE7', '', 'archivos/LAISA/2025/10/20731DAPR5704074N1', 'archivos/LAISA/2025/10/EA_D227_20731_251004', '7543.980', '1886.000', '47149.900', '52807.880', 'LAISA', '18315', 'LAISA', '18371', '5', '1', '0', '0', '0', '0', '0', '0'),
(72, '0072', '2025-10-16 06:00:00', '1', '1', '5', '28', '18', NULL, '3', '14', 'A32176', '2025-10-10 06:00:00', '1', '7538M20923', NULL, '25230', '20743', '25230', NULL, NULL, 'TRAILER', '185135', 'archivos/LAISA/2025/10/185135IPH140130GE7', 'archivos/LAISA/2025/10/EA_I107_185135_251008', 'archivos/LAISA/2025/10/20743DAPR5704074N1', 'archivos/LAISA/2025/10/EA_D227_20743_251006', '7791.020', '1947.760', '48693.900', '54537.160', 'LAISA', '18315', 'LAISA', '18266', '5', '1', '0', '0', '0', '0', '0', '0'),
(73, '0073', '2025-10-16 06:00:00', '1', '1', '5', '27', '26', NULL, '3', '14', 'A32177', '2025-10-10 06:00:00', '1', '7538M20926', NULL, '23690', '14981', '23690', NULL, NULL, 'TRAILER', '185252', 'archivos/LAISA/2025/10/185252IPH140130GE7', 'archivos/LAISA/2025/10/EA_I107_185252_251010', 'archivos/LAISA/2025/10/14981HEGM421018131', 'archivos/LAISA/2025/10/EA_H165_14981_251010', '7315.470', '1828.870', '45721.700', '51208.300', 'LAISA', '18221', 'LAISA', '18266', '5', '1', '0', '0', '0', '0', '0', '0'),
(74, '0074', '2025-10-16 06:00:00', '1', '1', '5', '22', '31', NULL, '3', '14', 'A32178', '2025-10-10 06:00:00', '1', '7538M20933', NULL, '24900', '2305', '24900', NULL, NULL, 'TRAILER', '185255', 'archivos/LAISA/2025/10/185255IPH140130GE7', 'archivos/LAISA/2025/10/EA_I107_185255_251010', 'archivos/LAISA/2025/10/2305SASJ520624QI8', 'archivos/LAISA/2025/10/EA_S409_2305_251009', '7689.120', '1922.280', '48057.000', '53823.840', 'LAISA', '18267', 'LAISA', '18305', '5', '1', '0', '0', '0', '0', '0', '0'),
(75, '0075', '2025-10-16 06:00:00', '1', '1', '5', '32', '33', NULL, '3', '14', 'A32179', '2025-10-10 06:00:00', '1', '7538M20934', NULL, '23410', '2223', '23410', NULL, NULL, NULL, '185256', 'archivos/LAISA/2025/10/185256IPH140130GE7', 'archivos/LAISA/2025/10/EA_I107_185256_251010', 'archivos/LAISA/2025/10/2223STN950927MK8', 'archivos/LAISA/2025/10/EA_S425_2223_251009', '7229.010', '1807.250', '45181.300', '50603.060', 'LAISA', '18269', 'LAISA', '18305', '5', '1', '0', '0', '0', '0', '0', '0'),
(76, '0076', '2025-10-16 06:00:00', '1', '1', '5', '28', '18', NULL, '3', '14', 'A32180', '2025-10-10 06:00:00', '1', '7538M20936', NULL, '25400', '20809', '25400', NULL, NULL, NULL, '185258', 'archivos/LAISA/2025/10/185258IPH140130GE7', 'archivos/LAISA/2025/10/EA_I107_185258_251010', 'archivos/LAISA/2025/10/20809DAPR5704074N1', 'archivos/LAISA/2025/10/EA_D227_20809_251010', '7843.520', '1960.880', '49022.000', '54904.640', 'LAISA', '18340', 'LAISA', '18305', '5', '1', '0', '0', '0', '0', '0', '0'),
(77, '0077', '2025-10-16 06:00:00', '1', '1', '5', '28', '139', NULL, '2', '13', 'A32145', '2025-10-10 06:00:00', '1', '7538M20925', NULL, '24310', '20759', '24310', NULL, NULL, NULL, '185251', 'archivos/LAISA/2025/10/185251IPH140130GE7', 'archivos/LAISA/2025/10/EA_I107_185251_251010', 'archivos/LAISA/2025/10/20759DAPR5704074N1', 'archivos/LAISA/2025/10/EA_D227_20759_251007', '4706.420', '1176.600', '29415.100', '32944.920', 'LAISA', '18315', 'LAISA', '18266', '5', '1', '0', '0', '0', '0', '0', '0'),
(78, '0078', '2025-10-16 06:00:00', '1', '1', '5', '15', '152', NULL, '2', '13', 'A32146', '2025-10-10 06:00:00', '1', '7538M20929', NULL, '24830', '6234', '24830', NULL, NULL, NULL, '185254', 'archivos/LAISA/2025/10/185254IPH140130GE7', 'archivos/LAISA/2025/10/EA_I107_185254_251010', 'archivos/LAISA/2025/10/6234SIL210405VD1', 'archivos/LAISA/2025/10/EA_S421_6234_251008', '4807.090', '1201.770', '30044.300', '33649.620', 'LAISA', '18222', 'LAISA', '18305', '5', '1', '0', '0', '0', '0', '0', '0'),
(79, '0079', '2025-10-16 06:00:00', '1', '1', '6', '3', '133', NULL, '7', '18', 'A32163', '2025-10-10 06:00:00', '1', '7539M23790', NULL, '24250', 'N/A', NULL, NULL, NULL, NULL, '304566', 'archivos/LAISA/2025/10/304566IPH140130GE7', 'archivos/LAISA/2025/10/EA_I107_304566_251010', NULL, NULL, NULL, NULL, NULL, NULL, NULL, NULL, 'LAISA', '18305', '5', '1', '0', '0', '0', '0', '0', '0'),
(80, '0080', '2025-10-16 06:00:00', '1', '1', '6', '3', '133', NULL, '7', '18', 'A32164', '2025-10-10 06:00:00', '1', '7539M23791', NULL, '24000', 'N/A', NULL, NULL, NULL, NULL, '304567', 'archivos/LAISA/2025/10/304567IPH140130GE7', 'archivos/LAISA/2025/10/EA_I107_304567_251010', NULL, NULL, NULL, NULL, NULL, NULL, NULL, NULL, 'LAISA', '18305', '5', '1', '0', '0', '0', '0', '0', '0'),
(81, '0081', '2025-10-16 06:00:00', '1', '1', '6', '3', '133', NULL, '7', '18', 'A32165', '2025-10-10 06:00:00', '1', '7539M23792', NULL, '24650', 'N/A', NULL, NULL, NULL, NULL, '304568', 'archivos/LAISA/2025/10/304568IPH140130GE7', 'archivos/LAISA/2025/10/EA_I107_304568_251010', NULL, NULL, NULL, NULL, NULL, NULL, NULL, NULL, 'LAISA', '18305', '5', '1', '0', '0', '0', '0', '0', '0'),
(82, '0082', '2025-10-16 06:00:00', '1', '1', '6', '3', '133', NULL, '7', '18', 'A32166', '2025-10-10 06:00:00', '1', '7539M23794', NULL, '24810', 'N/A', NULL, NULL, NULL, NULL, '304569', 'archivos/LAISA/2025/10/304569IPH140130GE7', 'archivos/LAISA/2025/10/EA_I107_304569_251010', NULL, NULL, NULL, NULL, NULL, NULL, NULL, NULL, 'LAISA', '18305', '5', '1', '0', '0', '0', '0', '0', '0'),
(83, '0083', '2025-10-16 06:00:00', '1', '1', '10', '23', '22', NULL, '7', '18', 'A32167', '2025-10-10 06:00:00', '1', '7531M13541', NULL, '23940', '3745', '23940', NULL, NULL, NULL, '153495', 'archivos/LAISA/2025/10/153495IPH140130GE7', 'archivos/LAISA/2025/10/EA_I107_153495_251010', 'archivos/LAISA/2025/10/3745CTR030227FT5', 'archivos/LAISA/2025/10/EA_C600_3745_251007', '2528.060', '632.020', '15800.400', '17696.440', 'LAISA', '18225', 'LAISA', '18266', '5', '1', '0', '0', '0', '0', '0', '0'),
(84, '0084', '2025-10-16 06:00:00', '1', '1', '10', '23', '22', NULL, '7', '18', 'A32168', '2025-10-10 06:00:00', '1', '7531M13542', NULL, '23800', '3774', '23800', NULL, NULL, NULL, '153496', 'archivos/LAISA/2025/10/153496IPH140130GE7', 'archivos/LAISA/2025/10/EA_I107_153496_251010', 'archivos/LAISA/2025/10/3774CTR030227FT5', 'archivos/LAISA/2025/10/EA_C600_3774_251010', '2513.280', '628.320', '15708.000', '17592.960', 'LAISA', '18271', 'LAISA', '18266', '5', '1', '0', '0', '0', '0', '0', '0'),
(85, '0085', '2025-10-16 06:00:00', '1', '1', '10', '23', '22', NULL, '7', '18', 'A32169', '2025-10-10 06:00:00', '1', '7531M13545', NULL, '23790', '3783', '23790', NULL, NULL, NULL, '153498', 'archivos/LAISA/2025/10/153498IPH140130GE7', 'archivos/LAISA/2025/10/EA_I107_153498_251010', 'archivos/LAISA/2025/10/3783CTR030227FT5', 'archivos/LAISA/2025/10/EA_C600_3783_251013', '2512.220', '628.060', '15701.400', '17585.560', 'LAISA', '18271', 'LAISA', '18266', '5', '1', '0', '0', '0', '0', '0', '0'),
(86, '0086', '2025-10-16 06:00:00', '1', '1', '10', '23', '22', NULL, '7', '18', 'A32170', '2025-10-10 06:00:00', '1', '7531M13548', NULL, '25990', '3775', '25990', NULL, NULL, NULL, '153499', 'archivos/LAISA/2025/10/153499IPH140130GE7', 'archivos/LAISA/2025/10/EA_I107_153499_251010', 'archivos/LAISA/2025/10/3775CTR030227FT5', 'archivos/LAISA/2025/10/EA_C600_3775_251010', '2744.540', '686.140', '17153.400', '19211.800', 'LAISA', '18271', 'LAISA', '18266', '5', '1', '0', '0', '0', '0', '0', '0'),
(87, '0087', '2025-10-16 06:00:00', '1', '1', '11', '3', '30', NULL, '6', '17', 'A32159', '2025-10-10 06:00:00', '1', '7727M114661', NULL, '21460', 'N/A', NULL, NULL, NULL, NULL, '231643', 'archivos/LAISA/2025/10/231643IPH140130GE7', 'archivos/LAISA/2025/10/EA_I107_231643_251021', NULL, NULL, NULL, NULL, NULL, NULL, NULL, NULL, 'LAISA', '18318', '5', '1', '0', '0', '0', '0', '0', '0'),
(88, '0088', '2025-10-16 06:00:00', '1', '1', '11', '3', '30', NULL, '6', '17', 'A32160', '2025-10-10 06:00:00', '1', '7727M114662', NULL, '21300', 'N/A', NULL, NULL, NULL, NULL, '231644', 'archivos/LAISA/2025/10/231644IPH140130GE7', 'archivos/LAISA/2025/10/EA_I107_231644_251021', NULL, NULL, NULL, NULL, NULL, NULL, NULL, NULL, 'LAISA', '18318', '5', '1', '0', '0', '0', '0', '0', '0'),
(89, '0089', '2025-10-16 06:00:00', '1', '1', '11', '3', '30', NULL, '6', '17', 'A32161', '2025-10-10 06:00:00', '1', '7727M114664', NULL, '22280', 'N/A', NULL, NULL, NULL, NULL, '231645', 'archivos/LAISA/2025/10/231645IPH140130GE7', 'archivos/LAISA/2025/10/EA_I107_231645_251021', NULL, NULL, NULL, NULL, NULL, NULL, NULL, NULL, 'LAISA', '18318', '5', '1', '0', '0', '0', '0', '0', '0'),
(90, '0090', '2025-10-16 06:00:00', '1', '1', '11', '4', '19', NULL, '7', '18', 'A32171', '2025-10-10 06:00:00', '1', '7727M114668', NULL, '9500', '8932', '9500', NULL, NULL, NULL, '231647', 'archivos/LAISA/2025/10/231647IPH140130GE7', 'archivos/LAISA/2025/10/EA_I107_231647_251021', 'archivos/LAISA/2025/10/8932AERR770225RC0', 'archivos/LAISA/2025/10/EA_A420_8932_251009', '1200.800', '300.200', '7505.000', '8405.600', 'LAISA', '18311', 'LAISA', '18318', '5', '1', '0', '0', '0', '0', '0', '0'),
(91, '0091', '2025-10-16 06:00:00', '1', '1', '11', '4', '19', NULL, '7', '18', 'A32172', '2025-10-10 06:00:00', '1', '7727M114670', NULL, '9340', '8933', '9340', NULL, NULL, NULL, '231648', 'archivos/LAISA/2025/10/231648IPH140130GE7', 'archivos/LAISA/2025/10/EA_I107_231648_251021', 'archivos/LAISA/2025/10/8933AERR770225RC0', 'archivos/LAISA/2025/10/EA_A420_8933_251009', '1200.800', '300.200', '7505.000', '8405.600', 'LAISA', '18311', 'LAISA', '18318', '5', '1', '0', '0', '0', '0', '0', '0'),
(92, '0092', '2025-10-16 06:00:00', '1', '1', '11', '4', '134', NULL, '2', '13', 'A32147', '2025-10-10 06:00:00', '1', '7727M114665', NULL, '18300', '8928', '18300', NULL, NULL, NULL, '231646', 'archivos/LAISA/2025/10/231646IPH140130GE7', 'archivos/LAISA/2025/10/EA_I107_231646_251021', 'archivos/LAISA/2025/10/8928AERR770225RC0', 'archivos/LAISA/2025/10/EA_A420_8928_251008', '1680.000', '420.000', '10500.000', '11760.000', 'LAISA', '18311', 'LAISA', '18318', '5', '1', '0', '0', '0', '0', '0', '0'),
(93, '0093', '2025-10-16 06:00:00', '1', '1', '11', '4', '134', NULL, '2', '13', 'A32148', '2025-10-10 06:00:00', '1', '7727M114674', NULL, '18390', '8935', '18390', NULL, NULL, NULL, '231649', 'archivos/LAISA/2025/10/231649IPH140130GE7', 'archivos/LAISA/2025/10/EA_I107_231649_251021', 'archivos/LAISA/2025/10/8935AERR770225RC0', 'archivos/LAISA/2025/10/EA_A420_8935_251010', '1680.000', '420.000', '10500.000', '11760.000', 'LAISA', '18311', 'LAISA', '18318', '5', '1', '0', '0', '0', '0', '0', '0'),
(94, '0094', '2025-10-16 06:00:00', '1', '1', '2', '29', '20', NULL, '2', '13', 'A32203', '2025-10-13 06:00:00', '1', '7537M10179', NULL, '19757', '988', '19757', NULL, NULL, NULL, '103025', 'archivos/LAISA/2025/10/103025IPH140130GE7', 'archivos/LAISA/2025/10/EA_I107_103025_251014', 'archivos/LAISA/2025/10/988BAOE511130TF1', 'archivos/LAISA/2025/10/EA_B186_988_251012', '2400.800', '600.200', '15005.000', '16805.600', 'LAISA', '18327', 'LAISA', '18266', '5', '1', '0', '0', '0', '0', '0', '0'),
(95, '0095', '2025-10-16 06:00:00', '1', '1', '10', '23', '22', NULL, '7', '18', 'A32204', '2025-10-13 06:00:00', '1', '7531M13553', NULL, '22700', '3784', '22700', NULL, NULL, NULL, '153562', 'archivos/LAISA/2025/10/153562IPH140130GE7', 'archivos/LAISA/2025/10/EA_I107_153562_251013', 'archivos/LAISA/2025/10/3784CTR030227FT5', 'archivos/LAISA/2025/10/EA_C600_3784_251013', '2397.120', '599.280', '14982.000', '16779.840', 'LAISA', '18271', 'LAISA', '18305', '5', '1', '0', '0', '0', '0', '0', '0'),
(96, '0096', '2025-10-16 06:00:00', '1', '1', '10', '23', '22', NULL, '7', '18', 'A32205', '2025-10-13 06:00:00', '1', '7531M13554', NULL, '23490', '3785', '23490', NULL, NULL, NULL, '153563', 'archivos/LAISA/2025/10/153563IPH140130GE7', 'archivos/LAISA/2025/10/EA_I107_153563_251013', 'archivos/LAISA/2025/10/3785CTR030227FT5', 'archivos/LAISA/2025/10/EA_C600_3785_251013', '2480.540', '620.140', '15503.400', '17363.800', 'LAISA', '18271', 'LAISA', '18305', '5', '1', '0', '0', '0', '0', '0', '0'),
(97, '0097', '2025-10-16 06:00:00', '1', '1', '10', '23', '22', NULL, '7', '18', 'A32206', '2025-10-13 06:00:00', '1', '7531M13555', NULL, '22840', '3831', '22840', NULL, NULL, NULL, '153564', 'archivos/LAISA/2025/10/153564IPH140130GE7', 'archivos/LAISA/2025/10/EA_I107_153564_251013', 'archivos/LAISA/2025/10/3831CTR030227FT5', 'archivos/LAISA/2025/10/EA_C600_3831_251021', '2411.900', '602.980', '15074.400', '16883.320', 'LAISA', '18328', 'LAISA', '18305', '5', '1', '0', '0', '0', '0', '0', '0'),
(98, '0098', '2025-10-16 06:00:00', '1', '1', '9', '3', '28', NULL, '7', '18', 'A32207', '2025-10-13 06:00:00', '1', '7540M114511', NULL, '21530', 'N/A', NULL, NULL, NULL, NULL, '212566', 'archivos/LAISA/2025/10/212566IPH140130GE7', 'archivos/LAISA/2025/10/EA_I107_212566_251009', NULL, NULL, NULL, NULL, NULL, NULL, NULL, NULL, 'LAISA', '18266', '5', '1', '0', '0', '0', '0', '0', '0'),
(99, '0099', '2025-10-16 06:00:00', '1', '1', '9', '3', '28', NULL, '7', '18', 'A32208', '2025-10-13 06:00:00', '1', '7540M114512', NULL, '20800', 'N/A', NULL, NULL, NULL, NULL, '212567', 'archivos/LAISA/2025/10/212567IPH140130GE7', 'archivos/LAISA/2025/10/EA_I107_212567_251009', NULL, NULL, NULL, NULL, NULL, NULL, NULL, NULL, 'LAISA', '18329', '5', '1', '0', '0', '0', '0', '0', '0'),
(100, '0100', '2025-10-16 06:00:00', '1', '1', '9', '3', '28', NULL, '7', '18', 'A32209', '2025-10-13 06:00:00', '1', '7540M114513', NULL, '21660', 'N/A', NULL, NULL, NULL, NULL, '212606', 'archivos/LAISA/2025/10/212606IPH140130GE7', 'archivos/LAISA/2025/10/EA_I107_212606_251010', NULL, NULL, NULL, NULL, NULL, NULL, NULL, NULL, 'LAISA', '18266', '5', '1', '0', '0', '0', '0', '0', '0'),
(101, '0101', '2025-10-16 06:00:00', '1', '1', '9', '3', '28', NULL, '7', '18', 'A32210', '2025-10-13 06:00:00', '1', '7540M114515', NULL, '19530', 'N/A', NULL, NULL, NULL, NULL, '212607', 'archivos/LAISA/2025/10/212607IPH140130GE7', 'archivos/LAISA/2025/10/EA_I107_212607_251010', NULL, NULL, NULL, NULL, NULL, NULL, NULL, NULL, 'LAISA', '18266', '5', '1', '0', '0', '0', '0', '0', '0'),
(102, '0102', '2025-10-16 06:00:00', '1', '1', '9', '3', '28', NULL, '7', '18', 'A32211', '2025-10-13 06:00:00', '1', '7540M114516', NULL, '21010', 'N/A', NULL, NULL, NULL, NULL, '212700', 'archivos/LAISA/2025/10/212700IPH140130GE7', 'archivos/LAISA/2025/10/EA_I107_212700_251013', NULL, NULL, NULL, NULL, NULL, NULL, NULL, NULL, 'LAISA', '18266', '5', '1', '0', '0', '0', '0', '0', '0'),
(103, '0103', '2025-10-16 06:00:00', '1', '1', '9', '3', '28', NULL, '7', '18', 'A32212', '2025-10-13 06:00:00', '1', '7540M114517', NULL, '21020', 'N/A', NULL, NULL, NULL, NULL, '212701', 'archivos/LAISA/2025/10/212701IPH140130GE7', 'archivos/LAISA/2025/10/EA_I107_212701_251013', NULL, NULL, NULL, NULL, NULL, NULL, NULL, NULL, 'LAISA', '18266', '5', '1', '0', '0', '0', '0', '0', '0'),
(104, '0104', '2025-10-16 06:00:00', '1', '1', '9', '3', '28', NULL, '7', '18', 'A32213', '2025-10-13 06:00:00', '1', '7540M114518', NULL, '20580', 'N/A', NULL, NULL, NULL, NULL, '212702', 'archivos/LAISA/2025/10/212702IPH140130GE7', 'archivos/LAISA/2025/10/EA_I107_212702_251013', NULL, NULL, NULL, NULL, NULL, NULL, NULL, NULL, 'LAISA', '18266', '5', '1', '0', '0', '0', '0', '0', '0'),
(105, '0105', '2025-10-16 06:00:00', '1', '1', '9', '3', '28', NULL, '7', '18', 'A32214', '2025-10-13 06:00:00', '1', '7540M114519', NULL, '20170', 'N/A', NULL, NULL, NULL, NULL, '212703', 'archivos/LAISA/2025/10/212703IPH140130GE7', 'archivos/LAISA/2025/10/EA_I107_212703_251013', NULL, NULL, NULL, NULL, NULL, NULL, NULL, NULL, 'LAISA', '18266', '5', '1', '0', '0', '0', '0', '0', '0'),
(106, '0106', '2025-10-16 06:00:00', '1', '1', '11', '3', '30', NULL, '6', '17', 'A32215', '2025-10-13 06:00:00', '1', '7727M114675', NULL, '21660', 'N/A', NULL, NULL, NULL, NULL, '231650', 'archivos/LAISA/2025/10/231650IPH140130GE7', 'archivos/LAISA/2025/10/EA_I107_231650_251021', NULL, NULL, NULL, NULL, NULL, NULL, NULL, NULL, 'LAISA', '18318', '5', '1', '0', '0', '0', '0', '0', '0'),
(107, '0107', '2025-10-16 06:00:00', '1', '1', '5', '20', '36', NULL, '3', '14', 'A32216', '2025-10-13 06:00:00', '1', '7538M20935', NULL, '23760', '22503', '23760', NULL, NULL, NULL, '185257', 'archivos/LAISA/2025/10/185257IPH140130GE7', 'archivos/LAISA/2025/10/EA_I107_185257_251010', 'archivos/LAISA/2025/10/22503TMT930202335', 'archivos/LAISA/2025/10/EA_T237_22503_251010', '7337.090', '1834.270', '45856.800', '51359.620', 'LAISA', '18268', 'LAISA', '18305', '5', '1', '0', '0', '0', '0', '0', '0'),
(108, '0108', '2025-10-16 06:00:00', '1', '1', '7', '3', '27', NULL, '4', '15', 'A32217', '2025-10-13 06:00:00', '1', '149248', NULL, '12215', 'N/A', NULL, NULL, NULL, NULL, '149248', 'archivos/LAISA/2025/10/149248IPH140130GE7', 'archivos/LAISA/2025/10/EA_I107_149248_251013', NULL, NULL, NULL, NULL, NULL, NULL, NULL, NULL, 'LAISA', '18329', '5', '1', '0', '0', '0', '0', '0', '0'),
(109, '0109', '2025-10-16 06:00:00', '1', '1', '2', '29', '20', NULL, '2', '13', 'A32229', '2025-10-14 06:00:00', '1', '7537M10170', NULL, '19461', '980', '19461', NULL, NULL, NULL, '102869', 'archivos/LAISA/2025/09/102869IPH140130GE7', 'archivos/LAISA/2025/09/EA_I107_102869_250930', 'archivos/LAISA/2025/09/980BAOE511130TF1', 'archivos/LAISA/2025/09/EA_B186_980_250929', '2400.800', '600.200', '15005.000', '16805.600', 'LAISA', '18219', 'LAISA', '18182', '5', '1', '0', '0', '0', '0', '0', '0'),
(110, '0110', '2025-10-16 06:00:00', '1', '1', '2', '29', '20', NULL, '2', '13', 'A32230', '2025-10-14 06:00:00', '1', '7537M10182', NULL, '18897', '991', '18897', NULL, NULL, NULL, '103026', 'archivos/LAISA/2025/10/103026IPH140130GE7', 'archivos/LAISA/2025/10/EA_I107_103026_251014', 'archivos/LAISA/2025/10/991BAOE511130TF1', 'archivos/LAISA/2025/10/EA_B186_991_251016', '2400.800', '600.200', '15005.000', '16805.600', 'LAISA', '18327', 'LAISA', '18266', '5', '1', '0', '0', '0', '0', '0', '0'),
(111, '0111', '2025-10-16 06:00:00', '1', '1', '5', '28', '139', NULL, '2', '13', 'A32231', '2025-10-14 06:00:00', '1', '7538M20944', NULL, '27410', '20847', '27410', NULL, NULL, NULL, '185425', 'archivos/LAISA/2025/10/185425IPH140130GE7', 'archivos/LAISA/2025/10/EA_I107_185425_251017', 'archivos/LAISA/2025/10/20847DAPR5704074N1', 'archivos/LAISA/2025/10/EA_D227_20847_251013', '5306.580', '1326.640', '33166.100', '37146.040', 'LAISA', '18340', 'LAISA', '18371', '5', '1', '0', '0', '0', '0', '0', '0'),
(112, '0112', '2025-10-16 06:00:00', '1', '1', '11', '4', '134', NULL, '2', '13', 'A32232', '2025-10-14 06:00:00', '1', '7727M114685', NULL, '21550', '8942', '21550', NULL, NULL, NULL, '231652', 'archivos/LAISA/2025/10/231652IPH140130GE7', 'archivos/LAISA/2025/10/EA_I107_231652_251021', 'archivos/LAISA/2025/10/8942AERR770225RC0', 'archivos/LAISA/2025/10/EA_A420_8942_251012', '1680.000', '420.000', '10500.000', '11760.000', 'LAISA', '18311', 'LAISA', '18318', '5', '1', '0', '0', '0', '0', '0', '0'),
(113, '0113', '2025-10-16 06:00:00', '1', '1', '11', '4', '134', NULL, '2', '13', 'A32233', '2025-10-14 06:00:00', '1', '7727M114686', NULL, '17950', '8941', '17950', NULL, NULL, NULL, '231653', 'archivos/LAISA/2025/10/231653IPH140130GE7', 'archivos/LAISA/2025/10/EA_I107_231653_251021', 'archivos/LAISA/2025/10/8941AERR770225RC0', 'archivos/LAISA/2025/10/EA_A420_8941_251012', '1680.000', '420.000', '10500.000', '11760.000', 'LAISA', '18311', 'LAISA', '18318', '5', '1', '0', '0', '0', '0', '0', '0'),
(114, '0114', '2025-10-16 06:00:00', '1', '1', '11', '4', '134', NULL, '2', '13', 'A32234', '2025-10-14 06:00:00', '1', '7727M114694', NULL, '17920', '8943', '17920', NULL, NULL, NULL, '231656', 'archivos/LAISA/2025/10/231656IPH140130GE7', 'archivos/LAISA/2025/10/EA_I107_231656_251021', 'archivos/LAISA/2025/10/8943AERR770225RC0', 'archivos/LAISA/2025/10/EA_A420_8943_251013', '1680.000', '420.000', '10500.000', '11760.000', 'LAISA', '18270', 'LAISA', '18318', '5', '1', '0', '0', '0', '0', '0', '0'),
(115, '0115', '2025-10-16 06:00:00', '1', '1', '9', '3', '28', NULL, '7', '18', 'A32235', '2025-10-14 06:00:00', '1', '7540M114520', NULL, '20170', 'N/A', NULL, NULL, NULL, NULL, '212762', 'archivos/LAISA/2025/10/212762IPH140130GE7', 'archivos/LAISA/2025/10/EA_I107_212762_251014', NULL, NULL, NULL, NULL, NULL, NULL, NULL, NULL, NULL, NULL, '5', '1', '0', '0', '0', '0', '0', '0');
INSERT INTO `recoleccion` (`id_recol`, `folio`, `fecha_r`, `zona`, `id_prov`, `id_direc_prov`, `id_transp`, `pre_flete`, `id_prd_rec`, `id_cli`, `id_direc_cli`, `factura_v`, `fecha_v`, `factus_v_corr`, `remision`, `remixtac`, `peso_prov`, `factura_fle`, `peso_fle`, `placas_fle`, `nom_fle`, `tipo_fle`, `factura_pro`, `doc_pro`, `d_f_p`, `doc_fle`, `d_f_f`, `im_tras_inv`, `im_rete_inv`, `sub_tot_inv`, `total_inv`, `alias_inv_fle`, `folio_inv_fle`, `alias_inv_pro`, `folio_inv_pro`, `id_user`, `status`, `acciones`, `ex`, `FacCexis`, `CRcomexis`, `FacFexis`, `CRfleexis`) VALUES
(116, '0116', '2025-10-16 06:00:00', '1', '1', '9', '3', '28', NULL, '7', '18', 'A32236', '2025-10-14 06:00:00', '1', '7540M114521', NULL, '21300', 'N/A', NULL, NULL, NULL, NULL, '212763', 'archivos/LAISA/2025/10/212763IPH140130GE7', 'archivos/LAISA/2025/10/EA_I107_212763_251014', NULL, NULL, NULL, NULL, NULL, NULL, NULL, NULL, 'LAISA', '18266', '5', '1', '0', '0', '0', '0', '0', '0'),
(117, '0117', '2025-10-16 06:00:00', '1', '1', '6', '3', '133', NULL, '7', '18', 'A32237', '2025-10-14 06:00:00', '1', '7539M23795', NULL, '25030', 'N/A', NULL, NULL, NULL, NULL, '304570', 'archivos/LAISA/2025/10/304570IPH140130GE7', 'archivos/LAISA/2025/10/EA_I107_304570_251010', NULL, NULL, NULL, NULL, NULL, NULL, NULL, NULL, 'LAISA', '18305', '5', '1', '0', '0', '0', '0', '0', '0'),
(118, '0118', '2025-10-16 06:00:00', '1', '1', '6', '3', '133', NULL, '7', '18', 'A32238', '2025-10-14 06:00:00', '1', '7539M23796', NULL, '25100', 'N/A', NULL, NULL, NULL, NULL, NULL, NULL, NULL, NULL, NULL, NULL, NULL, NULL, NULL, NULL, NULL, NULL, NULL, '5', '1', '0', '0', '0', '0', '0', '0'),
(119, '0119', '2025-10-16 06:00:00', '1', '1', '6', '3', '133', NULL, '7', '18', 'A32239', '2025-10-14 06:00:00', '1', '7539M23797', NULL, '24520', 'N/A', NULL, NULL, NULL, NULL, NULL, NULL, NULL, NULL, NULL, NULL, NULL, NULL, NULL, NULL, NULL, NULL, NULL, '5', '1', '0', '0', '0', '0', '0', '0'),
(120, '0120', '2025-10-16 06:00:00', '1', '1', '11', '4', '19', NULL, '7', '18', 'A32240', '2025-10-14 06:00:00', '1', '7727M114679', NULL, '8750', '8936', '8750', NULL, NULL, NULL, '231651', 'archivos/LAISA/2025/10/231651IPH140130GE7', 'archivos/LAISA/2025/10/EA_I107_231651_251021', 'archivos/LAISA/2025/10/8936AERR770225RC0', 'archivos/LAISA/2025/10/EA_A420_8936_251011', '1200.800', '300.200', '7505.000', '8405.600', 'LAISA', '18311', 'LAISA', '18318', '5', '1', '0', '0', '0', '0', '0', '0'),
(121, '0121', '2025-10-16 06:00:00', '1', '1', '11', '4', '19', NULL, '7', '18', 'A32241', '2025-10-14 06:00:00', '1', '7727M114693', NULL, '9620', '8944', '9620', NULL, NULL, NULL, '231655', 'archivos/LAISA/2025/10/231655IPH140130GE7', 'archivos/LAISA/2025/10/EA_I107_231655_251021', 'archivos/LAISA/2025/10/8944AERR770225RC0', 'archivos/LAISA/2025/10/EA_A420_8944_251013', '1200.800', '300.200', '7505.000', '8405.600', 'LAISA', '18275', 'LAISA', '18318', '5', '1', '0', '0', '0', '0', '0', '0'),
(122, '0122', '2025-10-16 06:00:00', '1', '1', '11', '3', '30', NULL, '6', '17', 'A32242', '2025-10-14 06:00:00', '1', '7727M114689', NULL, '20940', 'N/A', NULL, NULL, NULL, NULL, '231654', 'archivos/LAISA/2025/10/231654IPH140130GE7', 'archivos/LAISA/2025/10/EA_I107_231654_251021', NULL, NULL, NULL, NULL, NULL, NULL, NULL, NULL, 'LAISA', '18318', '5', '1', '0', '0', '0', '0', '0', '0'),
(123, '0123', '2025-10-16 06:00:00', '1', '1', '5', '20', '36', NULL, '3', '14', 'A32243', '2025-10-14 06:00:00', '1', '7538M20939', NULL, '23500', '22517', '23500', NULL, NULL, NULL, '185424', 'archivos/LAISA/2025/10/185424IPH140130GE7', 'archivos/LAISA/2025/10/EA_I107_185424_251017', 'archivos/LAISA/2025/10/22517TMT930202335', 'archivos/LAISA/2025/10/EA_T237_22517_251011', '7256.800', '1814.200', '45355.000', '50797.600', 'LAISA', '18397', 'LAISA', '18329', '5', '1', '0', '0', '0', '0', '0', '0'),
(124, '0124', '2025-10-16 06:00:00', '1', '1', '5', '15', '17', NULL, '3', '14', 'A32244', '2025-10-14 06:00:00', '1', '7538M20946', NULL, '26820', '6254', '26820', NULL, NULL, NULL, '185426', 'archivos/LAISA/2025/10/185426IPH140130GE7', 'archivos/LAISA/2025/10/EA_I107_185426_251017', 'archivos/LAISA/2025/10/6254SIL210405VD1', 'archivos/LAISA/2025/10/EA_S421_6254_251021', '8282.020', '2070.500', '51762.600', '57974.120', NULL, NULL, 'LAISA', '18371', '5', '1', '0', '0', '0', '0', '0', '0'),
(125, '0125', '2025-10-17 06:00:00', '1', '1', '10', '23', '22', NULL, '7', '18', 'A32259', '2025-10-15 06:00:00', '1', '7531M13557', NULL, '23320', '3832', '23320', NULL, NULL, NULL, '153601', 'archivos/LAISA/2025/10/153601IPH140130GE7', 'archivos/LAISA/2025/10/EA_I107_153601_251014', 'archivos/LAISA/2025/10/3832CTR030227FT5', 'archivos/LAISA/2025/10/EA_C600_3832_251021', '2462.590', '615.650', '15391.200', '17238.140', 'LAISA', '18328', 'LAISA', '18305', '5', '1', '0', '0', '0', '0', '0', '0'),
(126, '0126', '2025-10-17 06:00:00', '1', '1', '10', '23', '22', NULL, '7', '18', 'A32260', '2025-10-15 06:00:00', '1', '7531M13558', NULL, '20780', '3833', '20780', NULL, NULL, NULL, '153602', 'archivos/LAISA/2025/10/153602IPH140130GE7', 'archivos/LAISA/2025/10/EA_I107_153602_251014', 'archivos/LAISA/2025/10/3833CTR030227FT5', 'archivos/LAISA/2025/10/EA_C600_3833_251021', '2194.370', '548.590', '13714.800', '15360.580', 'LAISA', '18328', 'LAISA', '18305', '5', '1', '0', '0', '0', '0', '0', '0'),
(127, '0127', '2025-10-17 06:00:00', '1', '1', '10', '23', '22', NULL, '7', '18', 'A32261', '2025-10-15 06:00:00', '1', '7531M13559', NULL, '23010', '3834', '23010', NULL, NULL, NULL, '153603', 'archivos/LAISA/2025/10/153603IPH140130GE7', 'archivos/LAISA/2025/10/EA_I107_153603_251014', 'archivos/LAISA/2025/10/3834CTR030227FT5', 'archivos/LAISA/2025/10/EA_C600_3834_251021', '2429.860', '607.460', '15186.600', '17009.000', 'LAISA', '18328', 'LAISA', '18305', '5', '1', '0', '0', '0', '0', '0', '0'),
(128, '0128', '2025-10-20 06:00:00', '1', '1', '9', '3', '28', NULL, '7', '18', 'A32262', '2025-10-15 06:00:00', '1', '7540M114522', NULL, '19080', 'N/A', NULL, NULL, NULL, NULL, '212797', 'archivos/LAISA/2025/10/212797IPH140130GE7', 'archivos/LAISA/2025/10/EA_I107_212797_251015', NULL, NULL, NULL, NULL, NULL, NULL, NULL, NULL, 'LAISA', '18266', '5', '1', '0', '0', '0', '0', '0', '0'),
(129, '0129', '2025-10-20 06:00:00', '1', '1', '9', '3', '28', NULL, '7', '18', 'A32263', '2025-10-15 06:00:00', '1', '7540M114523', NULL, '20640', 'N/A', NULL, NULL, NULL, NULL, '212798', 'archivos/LAISA/2025/10/212798IPH140130GE7', 'archivos/LAISA/2025/10/EA_I107_212798_251015', NULL, NULL, NULL, NULL, NULL, NULL, NULL, NULL, 'LAISA', '18266', '5', '1', '0', '0', '0', '0', '0', '0'),
(130, '0130', '2025-10-20 06:00:00', '1', '1', '5', '10', '35', NULL, '3', '14', 'A32264', '2025-10-15 06:00:00', '1', '7538M20951', NULL, '26480', '16164', '26480', NULL, NULL, NULL, '185427', 'archivos/LAISA/2025/10/185427IPH140130GE7', 'archivos/LAISA/2025/10/EA_I107_185427_251017', 'archivos/LAISA/2025/10/16164TTR240321JJ0', 'archivos/LAISA/2025/10/EA_T230_16164_251015', '8177.020', '2044.260', '51106.400', '57239.160', 'LAISA', '18276', 'LAISA', '18371', '5', '1', '0', '0', '0', '0', '0', '0'),
(131, '0131', '2025-10-20 06:00:00', '1', '1', '4', '10', '34', NULL, '3', '14', 'A32265', '2025-10-15 06:00:00', '1', '12026-173565', NULL, '23702', '16152', '23702', NULL, NULL, 'TRAILER', NULL, NULL, NULL, 'archivos/LAISA/2025/10/16152TTR240321JJ0', 'archivos/LAISA/2025/10/EA_T230_16152_251014', '2296.000', '574.000', '14350.000', '16072.000', 'LAISA', '18276', NULL, NULL, '5', '1', '0', '0', '0', '0', '0', '0'),
(132, '0132', '2025-10-20 06:00:00', '1', '1', '4', '10', '34', NULL, '3', '14', 'A32266', '2025-10-15 06:00:00', '1', '12027-173609', NULL, '23244', '16207', '23244', NULL, NULL, 'TRAILER', NULL, NULL, NULL, 'archivos/LAISA/2025/10/16207TTR240321JJ0', 'archivos/LAISA/2025/10/EA_T230_16207_251015', '2296.000', '574.000', '14350.000', '16072.000', 'LAISA', '18276', NULL, NULL, '5', '1', '0', '0', '0', '0', '0', '0'),
(133, '0133', '2025-10-20 06:00:00', '1', '1', '2', '29', '20', NULL, '2', '13', 'A32284', '2025-10-16 06:00:00', '1', '7537M10184', NULL, '19825', '993', '19825', NULL, NULL, 'TRAILER', NULL, NULL, NULL, 'archivos/LAISA/2025/10/993BAOE511130TF1', 'archivos/LAISA/2025/10/EA_B186_993_251020', '2400.800', '600.200', '15005.000', '16805.600', 'LAISA', '18341', NULL, NULL, '5', '1', '0', '0', '43', '1', '0', '0'),
(134, '0134', '2025-10-20 06:00:00', '1', '1', '5', '20', '153', NULL, '2', '13', 'A32285', '2025-10-16 06:00:00', '1', '7538M20961', NULL, '26650', '22554', '26650', NULL, NULL, NULL, '185429', 'archivos/LAISA/2025/10/185429IPH140130GE7', 'archivos/LAISA/2025/10/EA_I107_185429_251017', 'archivos/LAISA/2025/10/22554TMT930202335', 'archivos/LAISA/2025/10/EA_T237_22554_251016', '5159.440', '1289.860', '32246.500', '36116.080', 'LAISA', '18343', 'LAISA', '18371', '5', '1', '0', '0', '0', '0', '0', '0'),
(135, '0135', '2025-10-20 06:00:00', '1', '1', '10', '23', '22', NULL, '7', '18', 'A32286', '2025-10-16 06:00:00', '1', '7531M13562', NULL, '22450', '3852', '22.450', '05BH6D', 'ARTEMIO GARATACHIA', 'TRAILER', '153681', 'archivos/LAISA/2025/10/153681IPH140130GE7', 'archivos/LAISA/2025/10/EA_I107_153681_251016', 'archivos/LAISA/2025/10/3852CTR030227FT5', '', '2370.720', '592.680', '14817.000', '16595.040', NULL, NULL, 'LAISA', '18305', '5', '1', '0', '0', '0', '0', '0', '0'),
(136, '0136', '2025-10-20 06:00:00', '1', '1', '10', '23', '22', NULL, '7', '18', 'A32287', '2025-10-16 06:00:00', '1', '7531M13564', NULL, '23260', '3835', '23260', NULL, NULL, NULL, '153682', 'archivos/LAISA/2025/10/153682IPH140130GE7', 'archivos/LAISA/2025/10/EA_I107_153682_251016', 'archivos/LAISA/2025/10/3835CTR030227FT5', 'archivos/LAISA/2025/10/EA_C600_3835_251021', '2456.260', '614.060', '15351.600', '17193.800', 'LAISA', '18328', 'LAISA', '18305', '5', '1', '0', '0', '0', '0', '0', '0'),
(137, '0137', '2025-10-20 06:00:00', '1', '1', '9', '3', '28', NULL, '7', '18', 'A32288', '2025-10-16 06:00:00', '1', '7540M114526', NULL, '20070', 'N/A', NULL, NULL, NULL, NULL, '213059', 'archivos/LAISA/2025/10/213059IPH140130GE7', 'archivos/LAISA/2025/10/EA_I107_213059_251021', NULL, NULL, NULL, NULL, NULL, NULL, NULL, NULL, 'LAISA', '18329', '5', '1', '0', '0', '0', '0', '0', '0'),
(138, '0138', '2025-10-20 06:00:00', '1', '1', '9', '3', '28', NULL, '7', '18', 'A32289', '2025-10-16 06:00:00', '1', '7540M114527', NULL, '20120', 'N/A', NULL, NULL, NULL, NULL, '213060', 'archivos/LAISA/2025/10/213060IPH140130GE7', 'archivos/LAISA/2025/10/EA_I107_213060_251021', NULL, NULL, NULL, NULL, NULL, NULL, NULL, NULL, 'LAISA', '18329', '5', '1', '0', '0', '0', '0', '0', '0'),
(139, '0139', '2025-10-20 06:00:00', '1', '1', '9', '3', '29', NULL, '6', '17', 'A32290', '2025-10-16 06:00:00', '1', '7540M114524', NULL, '11700', 'N/A', NULL, NULL, NULL, NULL, '212799', 'archivos/LAISA/2025/10/212799IPH140130GE7', 'archivos/LAISA/2025/10/EA_I107_212799_251015', NULL, NULL, NULL, NULL, NULL, NULL, NULL, NULL, 'LAISA', '18329', '5', '1', '0', '0', '0', '0', '0', '0'),
(140, '0140', '2025-10-20 06:00:00', '1', '1', '11', '3', '30', NULL, '6', '17', 'A32291', '2025-10-16 06:00:00', '1', '7727M114695', NULL, '21480', 'N/A', NULL, NULL, NULL, NULL, '231657', 'archivos/LAISA/2025/10/231657IPH140130GE7', 'archivos/LAISA/2025/10/EA_I107_231657_251021', NULL, NULL, NULL, NULL, NULL, NULL, NULL, NULL, 'LAISA', '18318', '5', '1', '0', '0', '0', '0', '0', '0'),
(141, '0141', '2025-10-20 06:00:00', '1', '1', '11', '3', '30', NULL, '6', '17', 'A32292', '2025-10-16 06:00:00', '1', '7727M114697', NULL, '22080', 'N/A', NULL, NULL, NULL, NULL, '231658', 'archivos/LAISA/2025/10/231658IPH140130GE7', 'archivos/LAISA/2025/10/EA_I107_231658_251021', NULL, NULL, NULL, NULL, NULL, NULL, NULL, NULL, 'LAISA', '18318', '5', '1', '0', '0', '0', '0', '0', '0'),
(142, '0142', '2025-10-20 06:00:00', '1', '1', '10', '22', '32', NULL, '7', '18', 'A32319', '2025-10-20 06:00:00', '1', '7531M13569', NULL, '24530', '2311', '24530', NULL, NULL, NULL, '153731', 'archivos/LAISA/2025/10/153731IPH140130GE7', 'archivos/LAISA/2025/10/EA_I107_153731_251017', 'archivos/LAISA/2025/10/', 'archivos/LAISA/2025/10/EA_S409_2311_251017', '2590.370', '647.590', '16189.800', '18132.580', 'LAISA', '18432', 'LAISA', '18305', '5', '1', '0', '0', '0', '0', '0', '0'),
(143, '0143', '2025-10-20 06:00:00', '1', '1', '6', '3', '133', NULL, '7', '18', 'A32320', '2025-10-20 06:00:00', '1', '7539M23800', NULL, '22290', 'N/A', NULL, NULL, NULL, NULL, NULL, NULL, NULL, NULL, NULL, NULL, NULL, NULL, NULL, NULL, NULL, NULL, NULL, '5', '1', '0', '0', '0', '0', '0', '0'),
(144, '0144', '2025-10-20 06:00:00', '1', '1', '6', '3', '133', NULL, '7', '18', 'A32321', '2025-10-20 06:00:00', '1', '7539M23801', NULL, '23460', 'N/A', NULL, NULL, NULL, NULL, NULL, NULL, NULL, NULL, NULL, NULL, NULL, NULL, NULL, NULL, NULL, NULL, NULL, '5', '1', '0', '0', '0', '0', '0', '0'),
(145, '0145', '2025-10-20 06:00:00', '1', '1', '6', '3', '133', NULL, '7', '18', 'A32322', '2025-10-20 06:00:00', '1', '7539M23802', NULL, '24340', 'N/A', NULL, NULL, NULL, NULL, NULL, NULL, NULL, NULL, NULL, NULL, NULL, NULL, NULL, NULL, NULL, NULL, NULL, '5', '1', '0', '0', '0', '0', '0', '0'),
(146, '0146', '2025-10-20 06:00:00', '1', '1', '6', '3', '133', NULL, '7', '18', 'A32323', '2025-10-20 06:00:00', '1', '7539M23803', NULL, '22450', 'N/A', NULL, NULL, NULL, NULL, NULL, NULL, NULL, NULL, NULL, NULL, NULL, NULL, NULL, NULL, NULL, NULL, NULL, '5', '1', '0', '0', '0', '0', '0', '0'),
(147, '0147', '2025-10-20 06:00:00', '1', '1', '6', '3', '133', NULL, '7', '18', 'A32324', '2025-10-20 06:00:00', '1', '7539M23805', NULL, '23210', 'N/A', NULL, NULL, NULL, NULL, NULL, NULL, NULL, NULL, NULL, NULL, NULL, NULL, NULL, NULL, NULL, NULL, NULL, '5', '1', '0', '0', '0', '0', '0', '0'),
(148, '0148', '2025-10-20 06:00:00', '1', '1', '11', '3', '30', NULL, '6', '17', 'A32325', '2025-10-20 06:00:00', '1', '7727M114701', NULL, '21710', 'N/A', NULL, NULL, NULL, NULL, '231660', 'archivos/LAISA/2025/10/231660IPH140130GE7', 'archivos/LAISA/2025/10/EA_I107_231660_251021', NULL, NULL, NULL, NULL, NULL, NULL, NULL, NULL, 'LAISA', '18318', '5', '1', '0', '0', '0', '0', '0', '0'),
(149, '0149', '2025-10-20 06:00:00', '1', '1', '5', '10', '35', NULL, '3', '14', 'A32326', '2025-10-20 06:00:00', '1', '7538M20967', NULL, '26590', '16273', '26590', NULL, NULL, NULL, '185431', 'archivos/LAISA/2025/10/185431IPH140130GE7', 'archivos/LAISA/2025/10/EA_I107_185431_251017', 'archivos/LAISA/2025/10/16273TTR240321JJ0', '', '8210.990', '2052.750', '51318.700', '57476.940', NULL, NULL, 'LAISA', '18371', '5', '1', '0', '0', '0', '0', '0', '0'),
(150, '0150', '2025-10-20 06:00:00', '1', '1', '5', '10', '35', NULL, '3', '14', 'A32327', '2025-10-20 06:00:00', '1', '7538M20968', NULL, '27360', '16300', '27360', NULL, NULL, NULL, '185432', 'archivos/LAISA/2025/10/185432IPH140130GE7', 'archivos/LAISA/2025/10/EA_I107_185432_251017', 'archivos/LAISA/2025/10/16300TTR240321JJ0', '', '8448.770', '2112.190', '52804.800', '59141.380', NULL, NULL, 'LAISA', '18371', '5', '1', '0', '0', '0', '0', '0', '0'),
(151, '0151', '2025-10-20 06:00:00', '1', '1', '7', '3', '27', NULL, '4', '15', 'A32328', '2025-10-20 06:00:00', '1', '149306', NULL, '11813', 'N/A', NULL, NULL, NULL, NULL, '149306', 'archivos/LAISA/2025/10/149306IPH140130GE7', 'archivos/LAISA/2025/10/EA_I107_149306_251016', NULL, NULL, NULL, NULL, NULL, NULL, NULL, NULL, 'LAISA', '18329', '5', '1', '0', '0', '0', '0', '0', '0'),
(152, '0152', '2025-10-20 06:00:00', '1', '1', '6', '3', '135', NULL, '6', '17', 'A32330', '2025-10-20 06:00:00', '1', '815-874', NULL, '8684', 'N/A', NULL, NULL, NULL, NULL, NULL, NULL, NULL, NULL, NULL, NULL, NULL, NULL, NULL, NULL, NULL, NULL, NULL, '5', '1', '0', '0', '0', '0', '0', '0'),
(153, '0153', '2025-10-22 06:00:00', '1', '1', '11', '4', '134', NULL, '2', '13', 'A32343', '2025-10-21 06:00:00', '1', '7727M114708', NULL, '17970', '8951', '17970', NULL, NULL, 'TRAILER', '231662', 'archivos/LAISA/2025/10/231662IPH140130GE7', 'archivos/LAISA/2025/10/EA_I107_231662_251021', 'archivos/LAISA/2025/10/8951AERR770225RC0', 'archivos/LAISA/2025/10/EA_A420_8951_251015', '1680.000', '420.000', '10500.000', '11760.000', 'LAISA', '18275', 'LAISA', '18318', '5', '1', '0', '0', '0', '0', '0', '0'),
(154, '0154', '2025-10-22 06:00:00', '1', '1', '11', '4', '134', NULL, '2', '13', 'A32344', '2025-10-21 06:00:00', '1', '7727M114713', NULL, '17950', '8955', '17950', NULL, NULL, 'TRAILER', '231962', 'archivos/LAISA/2025/10/231962IPH140130GE7', 'archivos/LAISA/2025/10/EA_I107_231962_251026', 'archivos/LAISA/2025/10/8955AERR770225RC0', 'archivos/LAISA/2025/10/EA_A420_8955_251016', '1680.000', '420.000', '10500.000', '11760.000', 'LAISA', '18275', 'LAISA', '18423', '5', '1', '0', '0', '0', '0', '0', '0'),
(155, '0155', '2025-10-22 06:00:00', '1', '1', '11', '4', '134', NULL, '2', '13', 'A32345', '2025-10-21 06:00:00', '1', '7727M114724', NULL, '18040', '8971', '18040', NULL, NULL, NULL, '232206', 'archivos/LAISA/2025/10/232206IPH140130GE7', 'archivos/LAISA/2025/10/EA_I107_232206_251031', 'archivos/LAISA/2025/10/8971AERR770225RC0', 'archivos/LAISA/2025/10/EA_A420_8971_251020', '1680.000', '420.000', '10500.000', '11760.000', 'LAISA', '18326', 'LAISA', '18422', '5', '1', '0', '0', '0', '0', '0', '0'),
(156, '0156', '2025-10-22 06:00:00', '1', '1', '10', '23', '22', NULL, '7', '18', 'A32346', '2025-10-21 06:00:00', '1', '7531M13570', NULL, '24890', '3836', '24890', NULL, NULL, NULL, '153777', 'archivos/LAISA/2025/10/153777IPH140130GE7', 'archivos/LAISA/2025/10/EA_I107_153777_251020', 'archivos/LAISA/2025/10/3836CTR030227FT5', 'archivos/LAISA/2025/10/EA_C600_3836_251021', '2628.380', '657.100', '16427.400', '18398.680', 'LAISA', '18328', 'LAISA', '18329', '5', '1', '0', '0', '0', '0', '0', '0'),
(157, '0157', '2025-10-22 06:00:00', '1', '1', '10', '23', '22', NULL, '7', '18', 'A32348', '2025-10-21 06:00:00', '1', '7531M13572', NULL, '25160', '3853', '25.160', '05BH6D', 'ARTEMIO GARATACHIA', 'TRAILER', '153780', 'archivos/LAISA/2025/10/153780IPH140130GE7', 'archivos/LAISA/2025/10/EA_I107_153780_251020', 'archivos/LAISA/2025/10/3853CTR030227FT5', '', '2656.900', '664.220', '16605.600', '18598.280', NULL, NULL, 'LAISA', '18329', '5', '1', '0', '0', '0', '0', '0', '0'),
(158, '0158', '2025-10-22 06:00:00', '1', '1', '9', '3', '28', NULL, '7', '18', 'A32349', '2025-10-21 06:00:00', '1', '7540M114528', NULL, '19640', 'N/A', NULL, NULL, NULL, NULL, '213061', 'archivos/LAISA/2025/10/213061IPH140130GE7', 'archivos/LAISA/2025/10/EA_I107_213061_251021', NULL, NULL, NULL, NULL, NULL, NULL, NULL, NULL, 'LAISA', '18329', '5', '1', '0', '0', '0', '0', '0', '0'),
(159, '0159', '2025-10-22 06:00:00', '1', '1', '9', '3', '28', NULL, '7', '18', 'A32350', '2025-10-21 06:00:00', '1', '7540M114529', NULL, '21180', 'N/A', NULL, NULL, NULL, NULL, '213062', 'archivos/LAISA/2025/10/213062IPH140130GE7', 'archivos/LAISA/2025/10/EA_I107_213062_251021', NULL, NULL, NULL, NULL, NULL, NULL, NULL, NULL, 'LAISA', '18329', '5', '1', '0', '0', '0', '0', '0', '0'),
(160, '0160', '2025-10-22 06:00:00', '1', '1', '9', '3', '28', NULL, '7', '18', 'A32351', '2025-10-21 06:00:00', '1', '7540M114530', NULL, '19820', 'N/A', NULL, NULL, NULL, NULL, '213063', 'archivos/LAISA/2025/10/213063IPH140130GE7', 'archivos/LAISA/2025/10/EA_I107_213063_251021', NULL, NULL, NULL, NULL, NULL, NULL, NULL, NULL, 'LAISA', '18329', '5', '1', '0', '0', '0', '0', '0', '0'),
(161, '0161', '2025-10-22 06:00:00', '1', '1', '9', '3', '28', NULL, '7', '18', 'A32352', '2025-10-21 06:00:00', '1', '7540M114531', NULL, '20900', 'N/A', NULL, NULL, NULL, NULL, '213064', 'archivos/LAISA/2025/10/213064IPH140130GE7', 'archivos/LAISA/2025/10/EA_I107_213064_251021', NULL, NULL, NULL, NULL, NULL, NULL, NULL, NULL, 'LAISA', '18329', '5', '1', '0', '0', '0', '0', '0', '0'),
(162, '0162', '2025-10-22 06:00:00', '1', '1', '9', '3', '28', NULL, '7', '18', 'A32353', '2025-10-21 06:00:00', '1', '7540M114533', NULL, '18820', 'N/A', NULL, NULL, NULL, NULL, '213066', 'archivos/LAISA/2025/10/213066IPH140130GE7', 'archivos/LAISA/2025/10/EA_I107_213066_251021', NULL, NULL, NULL, NULL, NULL, NULL, NULL, NULL, 'LAISA', '18371', '5', '1', '0', '0', '0', '0', '0', '0'),
(163, '0163', '2025-10-22 06:00:00', '1', '1', '9', '3', '28', NULL, '7', '18', 'A32354', '2025-10-21 06:00:00', '1', '7540M114534', NULL, '20140', 'N/A', NULL, NULL, NULL, NULL, '213067', 'archivos/LAISA/2025/10/213067IPH140130GE7', 'archivos/LAISA/2025/10/EA_I107_213067_251021', NULL, NULL, NULL, NULL, NULL, NULL, NULL, NULL, 'LAISA', '18371', '5', '1', '0', '0', '0', '0', '0', '0'),
(164, '0164', '2025-10-22 06:00:00', '1', '1', '9', '3', '28', NULL, '7', '18', 'A32355', '2025-10-21 06:00:00', '1', '7540M114535', NULL, '19860', 'N/A', NULL, NULL, NULL, NULL, '213068', 'archivos/LAISA/2025/10/213068IPH140130GE7', 'archivos/LAISA/2025/10/EA_I107_213068_251021', NULL, NULL, NULL, NULL, NULL, NULL, NULL, NULL, 'LAISA', '18371', '5', '1', '0', '0', '0', '0', '0', '0'),
(165, '0165', '2025-10-22 06:00:00', '1', '1', '9', '3', '28', NULL, '7', '18', 'A32356', '2025-10-21 06:00:00', '1', '7540M114536', NULL, '21430', 'N/A', NULL, NULL, NULL, NULL, '213069', 'archivos/LAISA/2025/10/213069IPH140130GE7', 'archivos/LAISA/2025/10/EA_I107_213069_251021', NULL, NULL, NULL, NULL, NULL, NULL, NULL, NULL, 'LAISA', '18329', '5', '1', '0', '0', '0', '0', '0', '0'),
(166, '0166', '2025-10-22 06:00:00', '1', '1', '9', '3', '28', NULL, '7', '18', 'A32357', '2025-10-21 06:00:00', '1', '7540M114538', NULL, '21000', 'N/A', NULL, NULL, NULL, NULL, '213071', 'archivos/LAISA/2025/10/213071IPH140130GE7', 'archivos/LAISA/2025/10/EA_I107_213071_251021', NULL, NULL, NULL, NULL, NULL, NULL, NULL, NULL, 'LAISA', '18329', '5', '1', '0', '0', '0', '0', '0', '0'),
(167, '0167', '2025-10-22 06:00:00', '1', '1', '9', '3', '28', NULL, '7', '18', 'A32358', '2025-10-21 06:00:00', '1', '7540M114540', NULL, '20060', 'N/A', NULL, NULL, NULL, NULL, '213072', 'archivos/LAISA/2025/10/213072IPH140130GE7', 'archivos/LAISA/2025/10/EA_I107_213072_251021', NULL, NULL, NULL, NULL, NULL, NULL, NULL, NULL, 'LAISA', '18329', '5', '1', '0', '0', '0', '0', '0', '0'),
(168, '0168', '2025-10-22 06:00:00', '1', '1', '6', '3', '133', NULL, '7', '18', 'A32359', '2025-10-21 06:00:00', '1', '7539M23807', NULL, '24440', 'N/A', NULL, NULL, NULL, NULL, NULL, NULL, NULL, NULL, NULL, NULL, NULL, NULL, NULL, NULL, NULL, NULL, NULL, '5', '1', '0', '0', '0', '0', '0', '0'),
(169, '0169', '2025-10-22 06:00:00', '1', '1', '6', '3', '133', NULL, '7', '18', 'A32360', '2025-10-21 06:00:00', '1', '7539M23808', NULL, '22140', 'N/A', NULL, NULL, NULL, NULL, NULL, NULL, NULL, NULL, NULL, NULL, NULL, NULL, NULL, NULL, NULL, NULL, NULL, '5', '1', '0', '0', '0', '0', '0', '0'),
(170, '0170', '2025-10-22 06:00:00', '1', '1', '6', '3', '133', NULL, '7', '18', 'A32361', '2025-10-21 06:00:00', '1', '7539M23809', NULL, '23090', 'N/A', NULL, NULL, NULL, NULL, NULL, NULL, NULL, NULL, NULL, NULL, NULL, NULL, NULL, NULL, NULL, NULL, NULL, '5', '1', '0', '0', '0', '0', '0', '0'),
(171, '0171', '2025-10-22 06:00:00', '1', '1', '6', '3', '133', NULL, '7', '18', 'A32362', '2025-10-21 06:00:00', '1', '7539M23810', NULL, '23890', 'N/A', NULL, NULL, NULL, NULL, NULL, NULL, NULL, NULL, NULL, NULL, NULL, NULL, NULL, NULL, NULL, NULL, NULL, '5', '1', '0', '0', '0', '0', '0', '0'),
(172, '0172', '2025-10-22 06:00:00', '1', '1', '6', '3', '133', NULL, '7', '18', 'A32363', '2025-10-21 06:00:00', '1', '7539M23811', NULL, '23290', 'N/A', NULL, NULL, NULL, NULL, NULL, NULL, NULL, NULL, NULL, NULL, NULL, NULL, NULL, NULL, NULL, NULL, NULL, '5', '1', '0', '0', '0', '0', '0', '0'),
(173, '0173', '2025-10-22 06:00:00', '1', '1', '1', '33', '37', NULL, '7', '18', 'A32364', '2025-10-21 06:00:00', '1', '1503', NULL, '25559', '27070', '25559', NULL, NULL, NULL, '490393', 'archivos/LAISA/2025/10/490393IPH140130GE7', 'archivos/LAISA/2025/10/EA_I107_490393_251017', 'archivos/LAISA/2025/10/27070ATR680120636', 'archivos/LAISA/2025/10/EA_A327_27070_251017', '7810.830', '1952.710', '48817.690', '54675.810', 'LAISA', '18399', 'LAISA', '18395', '5', '1', '0', '0', '0', '0', '0', '0'),
(174, '0174', '2025-10-22 06:00:00', '1', '1', '1', '33', '37', NULL, '7', '18', 'A32365', '2025-10-21 06:00:00', '1', '1504', NULL, '25982', '27071', '25982', NULL, NULL, NULL, '490394', 'archivos/LAISA/2025/10/490394IPH140130GE7', 'archivos/LAISA/2025/10/EA_I107_490394_251017', 'archivos/LAISA/2025/10/27071ATR680120636', 'archivos/LAISA/2025/10/EA_A327_27071_251017', '7940.100', '1985.020', '49625.620', '55580.700', 'LAISA', '18399', 'LAISA', '18395', '5', '1', '0', '0', '0', '0', '0', '0'),
(175, '0175', '2025-10-22 06:00:00', '1', '1', '11', '4', '19', NULL, '7', '18', 'A32366', '2025-10-21 06:00:00', '1', '7727M114707', NULL, '7780', '8950', '7780', NULL, NULL, 'TRAILER', '231661', 'archivos/LAISA/2025/10/231661IPH140130GE7', 'archivos/LAISA/2025/10/EA_I107_231661_251021', 'archivos/LAISA/2025/10/8950AERR770225RC0', 'archivos/LAISA/2025/10/EA_A420_8950_251015', '1200.800', '300.200', '7505.000', '8405.600', 'LAISA', '18275', 'LAISA', '18318', '5', '1', '0', '0', '0', '0', '0', '0'),
(176, '0176', '2025-10-22 06:00:00', '1', '1', '11', '4', '19', NULL, '7', '18', 'A32367', '2025-10-21 06:00:00', '1', '7727M114712', NULL, '9030', '8959', '9030', NULL, NULL, NULL, NULL, NULL, NULL, 'archivos/LAISA/2025/10/8959AERR770225RC0', 'archivos/LAISA/2025/10/EA_A420_8959_251017', '1200.800', '300.200', '7505.000', '8405.600', 'LAISA', '18326', NULL, NULL, '5', '1', '0', '0', '0', '0', '0', '0'),
(177, '0177', '2025-10-22 06:00:00', '1', '1', '11', '4', '19', NULL, '7', '18', 'A32368', '2025-10-21 06:00:00', '1', '7727M114722', NULL, '6750', '8967', '6750', NULL, NULL, NULL, '232205', 'archivos/LAISA/2025/10/232205IPH140130GE7', 'archivos/LAISA/2025/10/EA_I107_232205_251031', 'archivos/LAISA/2025/10/8967AERR770225RC0', 'archivos/LAISA/2025/10/EA_A420_8967_251019', '1200.800', '300.200', '7505.000', '8405.600', 'LAISA', '18326', 'LAISA', '18422', '5', '1', '0', '0', '0', '0', '0', '0'),
(178, '0178', '2025-10-22 06:00:00', '1', '1', '11', '4', '19', NULL, '7', '18', 'A32369', '2025-10-21 06:00:00', '1', '7727M114725', NULL, '9060', '8970', '9060', NULL, NULL, NULL, '232207', 'archivos/LAISA/2025/10/232207IPH140130GE7', 'archivos/LAISA/2025/10/EA_I107_232207_251031', 'archivos/LAISA/2025/10/8970AERR770225RC0', 'archivos/LAISA/2025/10/EA_A420_8970_251020', '1200.800', '300.200', '7505.000', '8405.600', 'LAISA', '18339', 'LAISA', '18422', '5', '1', '0', '0', '0', '0', '0', '0'),
(179, '0179', '2025-10-22 06:00:00', '1', '1', '11', '3', '30', NULL, '6', '17', 'A32370', '2025-10-21 06:00:00', '1', '7727M114700', NULL, '10240', 'N/A', NULL, NULL, NULL, NULL, '231659', 'archivos/LAISA/2025/10/231659IPH140130GE7', 'archivos/LAISA/2025/10/EA_I107_231659_251021', NULL, NULL, NULL, NULL, NULL, NULL, NULL, NULL, 'LAISA', '18371', '5', '1', '0', '0', '0', '0', '0', '0'),
(180, '0180', '2025-10-22 06:00:00', '1', '1', '11', '3', '30', NULL, '6', '17', 'A32371', '2025-10-21 06:00:00', '1', '7727M114716', NULL, '21830', 'N/A', NULL, NULL, NULL, NULL, '231965', 'archivos/LAISA/2025/10/231965IPH140130GE7', 'archivos/LAISA/2025/10/EA_I107_231965_251026', NULL, NULL, NULL, NULL, NULL, NULL, NULL, NULL, 'LAISA', '18422', '5', '1', '0', '0', '0', '0', '0', '0'),
(181, '0181', '2025-10-22 06:00:00', '1', '1', '11', '3', '30', NULL, '6', '17', 'A32372', '2025-10-21 06:00:00', '1', '7727M114721', NULL, '22770', 'N/A', NULL, NULL, NULL, NULL, '232204', 'archivos/LAISA/2025/10/232204IPH140130GE7', 'archivos/LAISA/2025/10/EA_I107_232204_251031', NULL, NULL, NULL, NULL, NULL, NULL, NULL, NULL, 'LAISA', '18422', '5', '1', '0', '0', '0', '0', '0', '0'),
(182, '0182', '2025-10-22 06:00:00', '1', '1', '11', '3', '30', NULL, '6', '17', 'A32373', '2025-10-21 06:00:00', '1', '7727M114714', NULL, '11210', 'N/A', NULL, NULL, NULL, NULL, '231963', 'archivos/LAISA/2025/10/231963IPH140130GE7', 'archivos/LAISA/2025/10/EA_I107_231963_251026', NULL, NULL, NULL, NULL, NULL, NULL, NULL, NULL, 'LAISA', '18422', '5', '1', '0', '0', '0', '0', '0', '0'),
(183, '0183', '2025-10-22 06:00:00', '1', '1', '11', '3', '30', NULL, '6', '17', 'A32374', '2025-10-21 06:00:00', '1', '7727M114715', NULL, '11000', 'N/A', NULL, NULL, NULL, NULL, '231964', 'archivos/LAISA/2025/10/231964IPH140130GE7', 'archivos/LAISA/2025/10/EA_I107_231964_251026', NULL, NULL, NULL, NULL, NULL, NULL, NULL, NULL, 'LAISA', '18422', '5', '1', '0', '0', '0', '0', '0', '0'),
(184, '0184', '2025-10-22 06:00:00', '1', '1', '9', '3', '29', NULL, '6', '17', 'A32375', '2025-10-21 06:00:00', '1', '7540M114525', NULL, '12010', 'N/A', NULL, NULL, NULL, NULL, '213134', 'archivos/LAISA/2025/10/213134IPH140130GE7', 'archivos/LAISA/2025/10/EA_I107_213134_251022', NULL, NULL, NULL, NULL, NULL, NULL, NULL, NULL, 'LAISA', '18371', '5', '1', '0', '0', '0', '0', '0', '0'),
(185, '0185', '2025-10-22 06:00:00', '1', '1', '9', '3', '29', NULL, '6', '17', 'A32376', '2025-10-21 06:00:00', '1', '7540M114532', NULL, '7120', 'N/A', NULL, NULL, NULL, NULL, '213065', 'archivos/LAISA/2025/10/213065IPH140130GE7', 'archivos/LAISA/2025/10/EA_I107_213065_251021', NULL, NULL, NULL, NULL, NULL, NULL, NULL, NULL, 'LAISA', '18329', '5', '1', '0', '0', '0', '0', '0', '0'),
(186, '0186', '2025-10-22 06:00:00', '1', '1', '5', '20', '36', NULL, '3', '14', 'A32377', '2025-10-21 06:00:00', '1', '7538M20970', NULL, '27010', '22593', '27010', NULL, NULL, NULL, '185593', 'archivos/LAISA/2025/10/185593IPH140130GE7', 'archivos/LAISA/2025/10/EA_I107_185593_251021', 'archivos/LAISA/2025/10/22593TMT930202335', 'archivos/LAISA/2025/10/EA_T237_22593_251020', '8340.690', '2085.170', '52129.300', '58384.820', 'LAISA', '18397', 'LAISA', '18371', '5', '1', '0', '0', '0', '0', '0', '0'),
(187, '0187', '2025-10-22 06:00:00', '1', '1', '5', '20', '36', NULL, '3', '14', 'A32378', '2025-10-21 06:00:00', '1', '7538M20972', NULL, '26400', '22588', '26400', NULL, NULL, NULL, '185595', 'archivos/LAISA/2025/10/185595IPH140130GE7', 'archivos/LAISA/2025/10/EA_I107_185595_251021', 'archivos/LAISA/2025/10/22588TMT930202335', 'archivos/LAISA/2025/10/EA_T237_22588_251020', '8152.320', '2038.080', '50952.000', '57066.240', NULL, NULL, 'LAISA', '18305', '5', '1', '0', '0', '0', '0', '0', '0'),
(188, '0188', '2025-10-22 06:00:00', '1', '1', '5', '20', '36', NULL, '3', '14', 'A32379', '2025-10-21 06:00:00', '1', '7538M20974', NULL, '26020', '22591', '26020', NULL, NULL, NULL, '185596', 'archivos/LAISA/2025/10/185596IPH140130GE7', 'archivos/LAISA/2025/10/EA_I107_185596_251021', 'archivos/LAISA/2025/10/22591TMT930202335', '', '8034.980', '2008.740', '50218.600', '56244.840', 'LAISA', '18397', 'LAISA', '18305', '5', '1', '0', '0', '0', '0', '0', '0'),
(189, '0189', '2025-10-22 06:00:00', '1', '1', '4', '10', '34', NULL, '3', '14', 'A32381', '2025-10-21 06:00:00', '1', '12031-173964', NULL, '22481', '16349', '22481', '20BG9Z', 'MAURICIO ARREOLA CALDERA', 'TRAILER', NULL, NULL, NULL, 'archivos/LAISA/2025/10/16349TTR240321JJ0', '', '2296.000', '574.000', '14350.000', '16072.000', NULL, NULL, NULL, NULL, '5', '1', '0', '0', '0', '0', '0', '0'),
(190, '0190', '2025-10-22 06:00:00', '1', '1', '7', '3', '27', NULL, '4', '15', 'A32382', '2025-10-21 06:00:00', '1', '149359', NULL, '12310', 'N/A', NULL, NULL, NULL, NULL, '149359', 'archivos/LAISA/2025/10/149359IPH140130GE7', 'archivos/LAISA/2025/10/EA_I107_149359_251021', NULL, NULL, NULL, NULL, NULL, NULL, NULL, NULL, 'LAISA', '18395', '5', '1', '0', '0', '0', '0', '0', '0'),
(191, '0191', '2025-10-23 06:00:00', '1', '1', '3', '3', '154', NULL, '6', '17', 'A32133', '2025-10-09 06:00:00', '1', '573-756', NULL, '49392', 'N/A', NULL, NULL, NULL, NULL, NULL, NULL, NULL, NULL, NULL, NULL, NULL, NULL, NULL, NULL, NULL, NULL, NULL, '5', '1', '0', '0', '0', '0', '0', '0'),
(192, '0192', '2025-10-23 06:00:00', '1', '1', '3', '3', '154', NULL, '6', '17', 'A32112', '2025-10-08 06:00:00', '1', '48-110', NULL, '63999', 'N/A', NULL, NULL, NULL, NULL, NULL, NULL, NULL, NULL, NULL, NULL, NULL, NULL, NULL, NULL, NULL, NULL, NULL, '5', '1', '0', '0', '0', '0', '0', '0'),
(193, '0193', '2025-10-23 06:00:00', '1', '1', '8', '3', '155', NULL, '6', '17', 'A32115', '2025-10-08 06:00:00', '1', '44-571', NULL, '15274', 'N/A', NULL, NULL, NULL, NULL, NULL, NULL, NULL, NULL, NULL, NULL, NULL, NULL, NULL, NULL, NULL, NULL, NULL, '5', '1', '0', '0', '0', '0', '0', '0'),
(194, '0194', '2025-10-23 06:00:00', '1', '1', '3', '3', '154', NULL, '6', '17', 'A32150', '2025-10-10 06:00:00', '1', '51210-51376', NULL, '7730', 'N/A', NULL, NULL, NULL, NULL, NULL, NULL, NULL, NULL, NULL, NULL, NULL, NULL, NULL, NULL, NULL, NULL, NULL, '5', '1', '0', '0', '0', '0', '0', '0'),
(195, '0195', '2025-10-23 06:00:00', '1', '1', '8', '3', '155', NULL, '6', '17', 'A32156', '2025-10-10 06:00:00', '1', '10245', NULL, '7137', 'N/A', NULL, NULL, NULL, NULL, NULL, NULL, NULL, NULL, NULL, NULL, NULL, NULL, NULL, NULL, NULL, NULL, NULL, '5', '1', '0', '0', '0', '0', '0', '0'),
(196, '0196', '2025-10-23 06:00:00', '1', '1', '3', '3', '154', NULL, '6', '17', 'A32329', '2025-10-20 06:00:00', '1', '837', NULL, '21260', 'N/A', NULL, NULL, NULL, NULL, NULL, NULL, NULL, NULL, NULL, NULL, NULL, NULL, NULL, NULL, NULL, NULL, NULL, '5', '1', '0', '0', '0', '0', '0', '0'),
(197, '0197', '2025-10-23 06:00:00', '1', '1', '8', '3', '155', NULL, '6', '17', 'A32331', '2025-10-20 06:00:00', '1', '846-10314', NULL, '12352', 'N/A', NULL, NULL, NULL, NULL, NULL, NULL, NULL, NULL, NULL, NULL, NULL, NULL, NULL, NULL, NULL, NULL, NULL, '5', '1', '0', '0', '0', '0', '0', '0'),
(198, '0198', '2025-10-23 06:00:00', '1', '1', '8', '3', '155', NULL, '6', '17', 'A32332', '2025-10-20 06:00:00', '1', '10309-10314', NULL, '18096', 'N/A', NULL, NULL, NULL, NULL, NULL, NULL, NULL, NULL, NULL, NULL, NULL, NULL, NULL, NULL, NULL, NULL, NULL, '5', '1', '0', '0', '0', '0', '0', '0'),
(199, '0199', '2025-10-23 06:00:00', '1', '1', '2', '29', '20', NULL, '2', '13', 'A32403', '2025-10-22 06:00:00', '1', '7537M10187', NULL, '19420', '996', '19420', '11AT5T', 'Armando Juárez García', 'TRAILER', '103216', 'archivos/LAISA/2025/10/103216IPH140130GE7', 'archivos/LAISA/2025/10/EA_I107_103216_251030', 'archivos/LAISA/2025/10/996BAOE511130TF1', 'archivos/LAISA/2025/10/EA_B186_996_251024', '2400.800', '600.200', '15005.000', '16805.600', NULL, NULL, 'LAISA', '18422', '5', '1', '0', '0', '0', '0', '0', '0'),
(200, '0200', '2025-10-23 06:00:00', '1', '1', '9', '3', '29', NULL, '6', '17', 'A32404', '2025-10-22 06:00:00', '1', '7540M114537', NULL, '8910', 'N/A', NULL, NULL, NULL, NULL, '213070', 'archivos/LAISA/2025/10/213070IPH140130GE7', 'archivos/LAISA/2025/10/EA_I107_213070_251021', NULL, NULL, NULL, NULL, NULL, NULL, NULL, NULL, 'LAISA', '18329', '5', '1', '0', '0', '0', '0', '0', '0'),
(201, '0201', '2025-10-23 06:00:00', '1', '1', '5', '28', '18', NULL, '3', '14', 'A32406', '2025-10-22 06:00:00', '1', '7538M20975', NULL, '25520', '20959', '25520', NULL, NULL, NULL, '185597', 'archivos/LAISA/2025/10/185597IPH140130GE7', 'archivos/LAISA/2025/10/EA_I107_185597_251021', 'archivos/LAISA/2025/10/20959DAPR5704074N1', 'archivos/LAISA/2025/10/EA_D227_20959_251020', '7880.580', '1970.140', '49253.600', '55164.040', NULL, NULL, 'LAISA', '18329', '5', '1', '0', '0', '0', '0', '0', '0'),
(202, '0202', '2025-10-23 06:00:00', '1', '1', '5', '15', '17', NULL, '3', '14', 'A32407', '2025-10-22 06:00:00', '1', '7538M20976', NULL, '26370', '7140', '26370', NULL, NULL, NULL, '185598', 'archivos/LAISA/2025/10/185598IPH140130GE7', 'archivos/LAISA/2025/10/EA_I107_185598_251021', 'archivos/LAISA/2025/10/7140SIL210405VD1', '', '8143.060', '2035.760', '50894.100', '57001.400', NULL, NULL, 'LAISA', '18329', '5', '1', '0', '0', '0', '0', '0', '0'),
(203, '0203', '2025-10-23 06:00:00', '1', '1', '5', '28', '18', NULL, '3', '14', 'A32408', '2025-10-22 06:00:00', '1', '7538M20982', NULL, '25990', '20970', '25990', NULL, NULL, NULL, '185841', 'archivos/LAISA/2025/10/185841IPH140130GE7', 'archivos/LAISA/2025/10/EA_I107_185841_251028', 'archivos/LAISA/2025/10/20970DAPR5704074N1', 'archivos/LAISA/2025/10/EA_D227_20970_251021', '8025.710', '2006.430', '50160.700', '56179.980', NULL, NULL, 'LAISA', '18371', '5', '1', '0', '0', '0', '0', '0', '0'),
(204, '0204', '2025-10-23 06:00:00', '1', '1', '5', '28', '18', NULL, '3', '14', 'A32409', '2025-10-22 06:00:00', '1', '7538M20985', NULL, '26100', '20983', '26100', NULL, NULL, NULL, '185842', 'archivos/LAISA/2025/10/185842IPH140130GE7', 'archivos/LAISA/2025/10/EA_I107_185842_251028', 'archivos/LAISA/2025/10/20983DAPR5704074N1', 'archivos/LAISA/2025/10/EA_D227_20983_251022', '8059.680', '2014.920', '50373.000', '56417.760', NULL, NULL, 'LAISA', '18371', '5', '1', '0', '0', '0', '0', '0', '0'),
(205, '0205', '2025-10-23 06:00:00', '1', '1', '11', '4', '134', NULL, '2', '13', 'A32421', '2025-10-23 06:00:00', '1', '7727M114733', NULL, '21620', '8981', '21620', NULL, NULL, NULL, '232219', 'archivos/LAISA/2025/10/232219IPH140130GE7', 'archivos/LAISA/2025/10/EA_I107_232219_251031', 'archivos/LAISA/2025/10/8981AERR770225RC0', 'archivos/LAISA/2025/10/EA_A420_8981_251022', '1680.000', '420.000', '10500.000', '11760.000', 'LAISA', '18339', 'LAISA', '18422', '5', '1', '0', '0', '0', '0', '0', '0'),
(206, '0206', '2025-10-23 06:00:00', '1', '1', '11', '4', '134', NULL, '2', '13', 'A32422', '2025-10-23 06:00:00', '1', '7727M114734', NULL, '17930', '8975', '17930', NULL, NULL, NULL, '232220', 'archivos/LAISA/2025/10/232220IPH140130GE7', 'archivos/LAISA/2025/10/EA_I107_232220_251031', 'archivos/LAISA/2025/10/8975AERR770225RC0', 'archivos/LAISA/2025/10/EA_A420_8975_251021', '1680.000', '420.000', '10500.000', '11760.000', 'LAISA', '18398', 'LAISA', '18422', '5', '1', '0', '0', '0', '0', '0', '0'),
(207, '0207', '2025-10-23 06:00:00', '1', '1', '10', '23', '22', NULL, '7', '18', 'A32423', '2025-10-23 06:00:00', '1', '7531M13575', NULL, '23350', '3854', '23350', '09BH1D', 'JUAN MORENO', 'TRAILER', '153840', 'archivos/LAISA/2025/10/153840IPH140130GE7', 'archivos/LAISA/2025/10/EA_I107_153840_251022', 'archivos/LAISA/2025/10/3854CTR030227FT5', '', '2465.760', '616.440', '15411.000', '17260.320', NULL, NULL, 'LAISA', '18329', '5', '1', '0', '0', '0', '0', '0', '0'),
(208, '0208', '2025-10-23 06:00:00', '1', '1', '1', '33', '37', NULL, '7', '18', 'A32424', '2025-10-23 06:00:00', '1', '1505', NULL, '26221', '27089', '26221', NULL, NULL, NULL, '490562', 'archivos/LAISA/2025/10/490562IPH140130GE7', 'archivos/LAISA/2025/10/EA_I107_490562_251021', 'archivos/LAISA/2025/10/27089ATR680120636', 'archivos/LAISA/2025/10/EA_A327_27089_251022', '8013.140', '2003.280', '50082.110', '56091.970', NULL, NULL, 'LAISA', '18395', '5', '1', '0', '0', '0', '0', '0', '0'),
(209, '0209', '2025-10-23 06:00:00', '1', '1', '11', '3', '30', NULL, '6', '17', 'A32425', '2025-10-23 06:00:00', '1', '7727M114720', NULL, '21530', 'N/A', NULL, NULL, NULL, NULL, '232203', 'archivos/LAISA/2025/10/232203IPH140130GE7', 'archivos/LAISA/2025/10/EA_I107_232203_251031', NULL, NULL, NULL, NULL, NULL, NULL, NULL, NULL, 'LAISA', '18422', '5', '1', '0', '0', '0', '0', '0', '0'),
(210, '0210', '2025-10-23 06:00:00', '1', '1', '11', '3', '30', NULL, '6', '17', 'A32426', '2025-10-23 06:00:00', '1', '7727M114727', NULL, '20480', 'N/A', NULL, NULL, NULL, NULL, '232208', 'archivos/LAISA/2025/10/232208IPH140130GE7', 'archivos/LAISA/2025/10/EA_I107_232208_251031', NULL, NULL, NULL, NULL, NULL, NULL, NULL, NULL, 'LAISA', '18422', '5', '1', '0', '0', '0', '0', '0', '0'),
(211, '0211', '2025-10-23 06:00:00', '1', '1', '11', '3', '30', NULL, '6', '17', 'A32427', '2025-10-23 06:00:00', '1', '7727M114731', NULL, '21370', 'N/A', NULL, NULL, NULL, NULL, '232209', 'archivos/LAISA/2025/10/232209IPH140130GE7', 'archivos/LAISA/2025/10/EA_I107_232209_251031', NULL, NULL, NULL, NULL, NULL, NULL, NULL, NULL, 'LAISA', '18422', '5', '1', '0', '0', '0', '0', '0', '0'),
(212, '0212', '2025-10-23 06:00:00', '1', '1', '5', '15', '17', NULL, '3', '14', 'A32428', '2025-10-23 06:00:00', '1', '7538M20988', NULL, '26760', '7151', '26760', NULL, NULL, NULL, '185843', 'archivos/LAISA/2025/10/185843IPH140130GE7', 'archivos/LAISA/2025/10/EA_I107_185843_251028', 'archivos/LAISA/2025/10/7151SIL210405VD1', '', '8263.490', '2065.870', '51646.800', '57844.420', NULL, NULL, 'LAISA', '18371', '5', '1', '0', '0', '0', '0', '0', '0'),
(213, '0213', '2025-10-27 06:00:00', '1', '1', '2', '29', '20', NULL, '2', '13', 'A32440', '2025-10-24 06:00:00', '1', '7537M10188', NULL, '20225', '1003', '20225', '11AT5T', 'ARMANDO JUÁREZ GARCÍA', 'TRAILER', '103217', 'archivos/LAISA/2025/10/103217IPH140130GE7', 'archivos/LAISA/2025/10/EA_I107_103217_251030', 'archivos/LAISA/2025/11/1003BAOE511130TF1', 'archivos/LAISA/2025/11/EA_B186_1003_251102', '2400.800', '600.200', '15005.000', '16805.600', 'LAISA', '18434', 'LAISA', '18422', '5', '1', '0', '0', '0', '0', '0', '0'),
(214, '0214', '2025-10-27 06:00:00', '1', '1', '11', '4', '134', NULL, '2', '13', 'A32441', '2025-10-24 06:00:00', '1', '7727M114744', NULL, '17910', '8985', '17910', NULL, NULL, NULL, '232224', 'archivos/LAISA/2025/10/232224IPH140130GE7', 'archivos/LAISA/2025/10/EA_I107_232224_251031', 'archivos/LAISA/2025/10/8985AERR770225RC0', 'archivos/LAISA/2025/10/EA_A420_8985_251023', '1680.000', '420.000', '10500.000', '11760.000', 'LAISA', '18339', 'LAISA', '18422', '5', '1', '0', '0', '0', '0', '0', '0'),
(215, '0215', '2025-10-27 06:00:00', '1', '1', '11', '4', '134', NULL, '2', '13', 'A32442', '2025-10-24 06:00:00', '1', '7727M114745', NULL, '21640', '8990', '21640', '664-ER-7', 'JOSE ALFONSO SALAS BUENDIA', 'TRAILER', '232225', 'archivos/LAISA/2025/10/232225IPH140130GE7', 'archivos/LAISA/2025/10/EA_I107_232225_251031', 'archivos/LAISA/2025/10/8990AERR770225RC0', 'archivos/LAISA/2025/10/EA_A420_8990_251024', '1680.000', '420.000', '10500.000', '11760.000', 'LAISA', '18398', 'LAISA', '18422', '5', '1', '0', '0', '0', '0', '0', '0'),
(216, '0216', '2025-10-27 06:00:00', '1', '1', '11', '4', '134', NULL, '2', '13', 'A32443', '2025-10-24 06:00:00', '1', '7727M114748', NULL, '18440', '8998', '18440', '664-ER-7', 'JOSE ALFONSO SALAS BUENDIA', 'TRAILER', '232227', 'archivos/LAISA/2025/10/232227IPH140130GE7', 'archivos/LAISA/2025/10/EA_I107_232227_251031', 'archivos/LAISA/2025/10/8998AERR770225RC0', 'archivos/LAISA/2025/10/EA_A420_8998_251027', '1680.000', '420.000', '10500.000', '11760.000', 'LAISA', '18433', 'LAISA', '18422', '5', '1', '0', '0', '0', '0', '0', '0'),
(217, '0217', '2025-10-27 06:00:00', '1', '1', '10', '23', '22', NULL, '7', '18', 'A32444', '2025-10-24 06:00:00', '1', '7531M13579', NULL, '22640', '3855', '22640', '935EY3', 'HECTOR RUIZ', 'TRAILER', '153899', 'archivos/LAISA/2025/10/153899IPH140130GE7', 'archivos/LAISA/2025/10/EA_I107_153899_251024', 'archivos/LAISA/2025/10/3855CTR030227FT5', '', '2390.780', '597.700', '14942.400', '16735.480', NULL, NULL, 'LAISA', '18371', '5', '1', '0', '0', '0', '0', '0', '0'),
(218, '0218', '2025-10-27 06:00:00', '1', '1', '10', '23', '22', NULL, '7', '18', 'A32445', '2025-10-24 06:00:00', '1', '7531M13580', NULL, '22660', '3860', '22.660', '05BH6D', 'FELIPE GONZALEZ', 'TRAILER', '153900', 'archivos/LAISA/2025/10/153900IPH140130GE7', 'archivos/LAISA/2025/10/EA_I107_153900_251024', 'archivos/LAISA/2025/10/3860CTR030227FT5', '', '2392.900', '598.220', '14955.600', '16750.280', NULL, NULL, 'LAISA', '18371', '5', '1', '0', '0', '0', '0', '0', '0'),
(219, '0219', '2025-10-27 06:00:00', '1', '1', '10', '23', '22', NULL, '7', '18', 'A32446', '2025-10-24 06:00:00', '1', '7531M13581', NULL, '24260', '3865', '24.260', '10BH1D', 'ANGEL RESENDIS', 'TRAILER', '153901', 'archivos/LAISA/2025/10/153901IPH140130GE7', 'archivos/LAISA/2025/10/EA_I107_153901_251024', 'archivos/LAISA/2025/10/3865CTR030227FT5', '', '2561.860', '640.460', '16011.600', '17933.000', NULL, NULL, 'LAISA', '18371', '5', '1', '0', '0', '0', '0', '0', '0'),
(220, '0220', '2025-10-27 06:00:00', '1', '1', '9', '3', '28', NULL, '7', '18', 'A32447', '2025-10-24 06:00:00', '1', '7540M114541', NULL, '22030', 'N/A', NULL, NULL, NULL, NULL, '213132', 'archivos/LAISA/2025/10/213132IPH140130GE7', 'archivos/LAISA/2025/10/EA_I107_213132_251022', NULL, NULL, NULL, NULL, NULL, NULL, NULL, NULL, 'LAISA', '18371', '5', '1', '0', '0', '0', '0', '0', '0'),
(221, '0221', '2025-10-27 06:00:00', '1', '1', '9', '3', '28', NULL, '7', '18', 'A32448', '2025-10-24 06:00:00', '1', '7540M114544', NULL, '20360', 'N/A', NULL, NULL, NULL, NULL, '213165', 'archivos/LAISA/2025/10/213165IPH140130GE7', 'archivos/LAISA/2025/10/EA_I107_213165_251023', NULL, NULL, NULL, NULL, NULL, NULL, NULL, NULL, 'LAISA', '18371', '5', '1', '0', '0', '0', '0', '0', '0'),
(222, '0222', '2025-10-27 06:00:00', '1', '1', '9', '3', '28', NULL, '7', '18', 'A32449', '2025-10-24 06:00:00', '1', '7540M114545', NULL, '20070', 'N/A', NULL, NULL, NULL, NULL, '213164', 'archivos/LAISA/2025/10/213164IPH140130GE7', 'archivos/LAISA/2025/10/EA_I107_213164_251023', NULL, NULL, NULL, NULL, NULL, NULL, NULL, NULL, 'LAISA', '18371', '5', '1', '0', '0', '0', '0', '0', '0'),
(223, '0223', '2025-10-27 06:00:00', '1', '1', '9', '3', '28', NULL, '7', '18', 'A32450', '2025-10-24 06:00:00', '1', '7540M114546', NULL, '20120', 'N/A', NULL, NULL, NULL, NULL, '213202', 'archivos/LAISA/2025/10/213202IPH140130GE7', 'archivos/LAISA/2025/10/EA_I107_213202_251024', NULL, NULL, NULL, NULL, NULL, NULL, NULL, NULL, 'LAISA', '18371', '5', '1', '0', '0', '0', '0', '0', '0'),
(224, '0224', '2025-10-27 06:00:00', '1', '1', '9', '3', '28', NULL, '7', '18', 'A32451', '2025-10-24 06:00:00', '1', '7540M114547', NULL, '20710', 'N/A', NULL, NULL, NULL, NULL, '213203', 'archivos/LAISA/2025/10/213203IPH140130GE7', 'archivos/LAISA/2025/10/EA_I107_213203_251024', NULL, NULL, NULL, NULL, NULL, NULL, NULL, NULL, 'LAISA', '18371', '5', '1', '0', '0', '0', '0', '0', '0'),
(225, '0225', '2025-10-27 06:00:00', '1', '1', '11', '4', '19', NULL, '7', '18', 'A32452', '2025-10-24 06:00:00', '1', '7727M114742', NULL, '6960', '8986', '6960', NULL, NULL, NULL, '232223', 'archivos/LAISA/2025/10/232223IPH140130GE7', 'archivos/LAISA/2025/10/EA_I107_232223_251031', 'archivos/LAISA/2025/10/8986AERR770225RC0', 'archivos/LAISA/2025/10/EA_A420_8986_251023', '1200.800', '300.200', '7505.000', '8405.600', 'LAISA', '18339', 'LAISA', '18422', '5', '1', '0', '0', '0', '0', '0', '0'),
(226, '0226', '2025-10-27 06:00:00', '1', '1', '11', '4', '19', NULL, '7', '18', 'A32453', '2025-10-24 06:00:00', '1', '7727M114746', NULL, '8670', '8989', '8670', '090-AF-9', 'CESAR ARIAS GARCIA', 'TRAILER', '232226', 'archivos/LAISA/2025/10/232226IPH140130GE7', 'archivos/LAISA/2025/10/EA_I107_232226_251031', 'archivos/LAISA/2025/10/8989AERR770225RC0', 'archivos/LAISA/2025/10/EA_A420_8989_251024', '1200.800', '300.200', '7505.000', '8405.600', 'LAISA', '18398', 'LAISA', '18422', '5', '1', '0', '0', '0', '0', '0', '0'),
(227, '0227', '2025-10-27 06:00:00', '1', '1', '9', '3', '29', NULL, '6', '17', 'A32454', '2025-10-24 06:00:00', '1', '7540M114542', NULL, '8640', 'N/A', NULL, NULL, NULL, NULL, '213133', 'archivos/LAISA/2025/10/213133IPH140130GE7', 'archivos/LAISA/2025/10/EA_I107_213133_251022', NULL, NULL, NULL, NULL, NULL, NULL, NULL, NULL, 'LAISA', '18371', '5', '1', '0', '0', '0', '0', '0', '0'),
(228, '0228', '2025-10-27 06:00:00', '1', '1', '9', '3', '29', NULL, '6', '17', 'A32455', '2025-10-24 06:00:00', '1', '7540M114543', NULL, '6440', 'N/A', NULL, NULL, NULL, NULL, '213163', 'archivos/LAISA/2025/10/213163IPH140130GE7', 'archivos/LAISA/2025/10/EA_I107_213163_251023', NULL, NULL, NULL, NULL, NULL, NULL, NULL, NULL, 'LAISA', '18371', '5', '1', '0', '0', '0', '0', '0', '0'),
(229, '0229', '2025-10-27 06:00:00', '1', '1', '4', '3', '141', NULL, '6', '17', 'A32456', '2025-10-24 06:00:00', '1', '7526M15328', '15328', '7575', 'N/A', NULL, NULL, NULL, NULL, '173479', 'archivos/LAISA/2025/10/173479IPH140130GE7', 'archivos/LAISA/2025/10/EA_I107_173479_251030', NULL, NULL, NULL, NULL, NULL, NULL, NULL, NULL, 'LAISA', '18423', '5', '1', '0', '0', '0', '0', '0', '0'),
(230, '0230', '2025-10-27 06:00:00', '1', '1', '5', '27', '26', NULL, '3', '14', 'A32457', '2025-10-24 06:00:00', '1', '7538M20989', NULL, '26150', '15139', '26150', NULL, NULL, NULL, '185844', 'archivos/LAISA/2025/10/185844IPH140130GE7', 'archivos/LAISA/2025/10/EA_I107_185844_251028', 'archivos/LAISA/2025/10/15139HEGM421018131', 'archivos/LAISA/2025/10/EA_H165_15139_251030', '8075.120', '2018.780', '50469.500', '56525.840', NULL, NULL, 'LAISA', '18371', '5', '1', '0', '0', '0', '0', '0', '0'),
(231, '0231', '2025-10-27 06:00:00', '1', '1', '5', '28', '18', NULL, '3', '14', 'A32458', '2025-10-24 06:00:00', '1', '7538M20991', NULL, '26800', '21013', '26800', NULL, NULL, 'TRAILER', '185845', 'archivos/LAISA/2025/10/185845IPH140130GE7', 'archivos/LAISA/2025/10/EA_I107_185845_251028', 'archivos/LAISA/2025/10/21013DAPR5704074N1', 'archivos/LAISA/2025/10/EA_D227_21013_251024', '8275.840', '2068.960', '51724.000', '57930.880', NULL, NULL, 'LAISA', '18371', '5', '1', '0', '0', '0', '0', '0', '0'),
(232, '0232', '2025-10-27 06:00:00', '1', '1', '10', '23', '22', NULL, '7', '18', 'A32474', '2025-10-27 06:00:00', '1', '7531M13582', NULL, '22240', '3856', '22240', '09BH1D', 'CRISTOBAL QUINTANA', 'TRAILER', '153992', 'archivos/LAISA/2025/10/153992IPH140130GE7', 'archivos/LAISA/2025/10/EA_I107_153992_251028', 'archivos/LAISA/2025/10/3856CTR030227FT5', '', '2348.540', '587.140', '14678.400', '16439.800', NULL, NULL, 'LAISA', '18371', '5', '1', '0', '0', '0', '0', '0', '0'),
(233, '0233', '2025-10-27 06:00:00', '1', '1', '10', '23', '22', NULL, '7', '18', 'A32475', '2025-10-27 06:00:00', '1', '7531M13583', NULL, '22400', '3857', '22400', '06BH5Y', 'CESAR ALVAREZ', 'TRAILER', '153993', 'archivos/LAISA/2025/10/153993IPH140130GE7', 'archivos/LAISA/2025/10/EA_I107_153993_251028', 'archivos/LAISA/2025/10/3857CTR030227FT5', '', '2365.440', '591.360', '14784.000', '16558.080', NULL, NULL, 'LAISA', '18371', '5', '1', '0', '0', '0', '0', '0', '0');
INSERT INTO `recoleccion` (`id_recol`, `folio`, `fecha_r`, `zona`, `id_prov`, `id_direc_prov`, `id_transp`, `pre_flete`, `id_prd_rec`, `id_cli`, `id_direc_cli`, `factura_v`, `fecha_v`, `factus_v_corr`, `remision`, `remixtac`, `peso_prov`, `factura_fle`, `peso_fle`, `placas_fle`, `nom_fle`, `tipo_fle`, `factura_pro`, `doc_pro`, `d_f_p`, `doc_fle`, `d_f_f`, `im_tras_inv`, `im_rete_inv`, `sub_tot_inv`, `total_inv`, `alias_inv_fle`, `folio_inv_fle`, `alias_inv_pro`, `folio_inv_pro`, `id_user`, `status`, `acciones`, `ex`, `FacCexis`, `CRcomexis`, `FacFexis`, `CRfleexis`) VALUES
(234, '0234', '2025-10-27 06:00:00', '1', '1', '10', '23', '22', NULL, '7', '18', 'A32476', '2025-10-27 06:00:00', '1', '7531M13584', NULL, '22510', '3862', '22.510', '09BH1D', 'CRISTOBAL QUINTANA', 'TRAILER', '153997', 'archivos/LAISA/2025/10/153997IPH140130GE7', 'archivos/LAISA/2025/10/EA_I107_153997_251028', 'archivos/LAISA/2025/10/3862CTR030227FT5', '', '2377.060', '594.260', '14856.600', '16639.400', NULL, NULL, 'LAISA', '18395', '5', '1', '0', '0', '0', '0', '0', '0'),
(235, '0235', '2025-10-28 06:00:00', '1', '1', '9', '3', '28', NULL, '7', '18', 'A32512', '2025-10-28 06:00:00', '1', '7540M114550', '', '20640', 'N/A', NULL, NULL, NULL, NULL, '213364', 'archivos/LAISA/2025/10/213364IPH140130GE7', 'archivos/LAISA/2025/10/EA_I107_213364_251029', NULL, NULL, NULL, NULL, NULL, NULL, NULL, NULL, 'LAISA', '18422', '5', '1', '0', '0', '0', '0', '0', '0'),
(236, '0236', '2025-10-28 06:00:00', '1', '1', '9', '3', '28', NULL, '7', '18', 'A32477', '2025-10-27 06:00:00', '1', '7540M114551', '', '20970', 'N/A', NULL, NULL, NULL, NULL, '213365', 'archivos/LAISA/2025/10/213365IPH140130GE7', 'archivos/LAISA/2025/10/EA_I107_213365_251029', NULL, NULL, NULL, NULL, NULL, NULL, NULL, NULL, 'LAISA', '18422', '5', '1', '0', '0', '0', '0', '0', '0'),
(237, '0237', '2025-10-28 06:00:00', '1', '1', '9', '3', '28', NULL, '7', '18', 'A32478', '2025-10-27 06:00:00', '1', '7540M114553', '', '20880', 'N/A', NULL, NULL, NULL, NULL, '213329', 'archivos/LAISA/2025/10/213329IPH140130GE7', 'archivos/LAISA/2025/10/EA_I107_213329_251028', NULL, NULL, NULL, NULL, NULL, NULL, NULL, NULL, 'LAISA', '18371', '5', '1', '0', '0', '0', '0', '0', '0'),
(238, '0238', '2025-10-28 06:00:00', '1', '1', '6', '3', '133', NULL, '7', '18', 'A32479', '2025-10-27 06:00:00', '1', '7539M23813', '', '24650', 'N/A', NULL, NULL, NULL, NULL, NULL, NULL, NULL, NULL, NULL, NULL, NULL, NULL, NULL, NULL, NULL, NULL, NULL, '5', '1', '0', '0', '0', '0', '0', '0'),
(239, '0239', '2025-10-28 06:00:00', '1', '1', '6', '3', '133', NULL, '7', '18', 'A32480', '2025-10-27 06:00:00', '1', '7539M23815', '', '24220', 'N/A', NULL, NULL, NULL, NULL, NULL, NULL, NULL, NULL, NULL, NULL, NULL, NULL, NULL, NULL, NULL, NULL, NULL, '5', '1', '0', '0', '0', '0', '0', '0'),
(240, '0240', '2025-10-28 06:00:00', '1', '1', '6', '3', '133', NULL, '7', '18', 'A32481', '2025-10-27 06:00:00', '1', '7539M23816', '', '24220', 'N/A', NULL, NULL, NULL, NULL, NULL, NULL, NULL, NULL, NULL, NULL, NULL, NULL, NULL, NULL, NULL, NULL, NULL, '5', '1', '0', '0', '0', '0', '0', '0'),
(241, '0241', '2025-10-28 06:00:00', '1', '1', '6', '3', '133', NULL, '7', '18', 'A32482', '2025-10-27 06:00:00', '1', '7539M23817', '', '23430', 'N/A', NULL, NULL, NULL, NULL, NULL, NULL, NULL, NULL, NULL, NULL, NULL, NULL, NULL, NULL, NULL, NULL, NULL, '5', '1', '0', '0', '0', '0', '0', '0'),
(242, '0242', '2025-10-28 06:00:00', '1', '1', '6', '3', '133', NULL, '7', '18', 'A32483', '2025-10-27 06:00:00', '1', '7539M23818', '', '24470', 'N/A', NULL, NULL, NULL, NULL, NULL, NULL, NULL, NULL, NULL, NULL, NULL, NULL, NULL, NULL, NULL, NULL, NULL, '5', '1', '0', '0', '0', '0', '0', '0'),
(243, '0243', '2025-10-28 06:00:00', '1', '1', '6', '3', '133', NULL, '7', '18', 'A32484', '2025-10-27 06:00:00', '1', '7539M23819', '', '21140', 'N/A', NULL, NULL, NULL, NULL, NULL, NULL, NULL, NULL, NULL, NULL, NULL, NULL, NULL, NULL, NULL, NULL, NULL, '5', '1', '0', '0', '0', '0', '0', '0'),
(244, '0244', '2025-10-28 06:00:00', '1', '1', '6', '3', '135', NULL, '6', '17', 'A32485', '2025-10-27 06:00:00', '1', '971-1034', '', '15190', 'N/A', NULL, NULL, NULL, NULL, NULL, NULL, NULL, NULL, NULL, NULL, NULL, NULL, NULL, NULL, NULL, NULL, NULL, '5', '1', '0', '0', '0', '0', '0', '0'),
(245, '0245', '2025-10-28 06:00:00', '1', '1', '3', '3', '154', NULL, '6', '17', 'A32486', '2025-10-27 06:00:00', '1', 'PXRM964', '', '17490', 'N/A', NULL, NULL, NULL, NULL, '138952', 'archivos/LAISA/2025/10/138952IPH140130GE7', 'archivos/LAISA/2025/10/EA_I107_138952_251020', NULL, NULL, NULL, NULL, NULL, NULL, NULL, NULL, NULL, NULL, '5', '1', '0', '0', '0', '0', '0', '0'),
(246, '0246', '2025-10-28 06:00:00', '1', '1', '8', '3', '155', NULL, '6', '17', 'A32487', '2025-10-27 06:00:00', '1', '10327', '', '4930', 'N/A', NULL, NULL, NULL, NULL, NULL, NULL, NULL, NULL, NULL, NULL, NULL, NULL, NULL, NULL, NULL, NULL, NULL, '5', '1', '0', '0', '0', '0', '0', '0'),
(247, '0247', '2025-10-28 06:00:00', '1', '1', '8', '3', '155', NULL, '6', '17', 'A32488', '2025-10-27 06:00:00', '1', '10326', '', '5790', 'N/A', NULL, NULL, NULL, NULL, NULL, NULL, NULL, NULL, NULL, NULL, NULL, NULL, NULL, NULL, NULL, NULL, NULL, '5', '1', '0', '0', '0', '0', '0', '0'),
(248, '0248', '2025-10-28 06:00:00', '1', '1', '4', '3', '141', NULL, '6', '17', 'A32489', '2025-10-27 06:00:00', '1', '7526M15331', '', '9520', 'N/A', NULL, NULL, NULL, NULL, '173480', 'archivos/LAISA/2025/10/173480IPH140130GE7', 'archivos/LAISA/2025/10/EA_I107_173480_251030', NULL, NULL, NULL, NULL, NULL, NULL, NULL, NULL, 'LAISA', '18423', '5', '1', '0', '0', '0', '0', '0', '0'),
(249, '0249', '2025-10-28 06:00:00', '1', '1', '9', '3', '29', NULL, '6', '17', 'A32490', '2025-10-27 06:00:00', '1', '7540M114552', '', '7750', 'N/A', NULL, NULL, NULL, NULL, '213330', 'archivos/LAISA/2025/10/213330IPH140130GE7', 'archivos/LAISA/2025/10/EA_I107_213330_251028', NULL, NULL, NULL, NULL, NULL, NULL, NULL, NULL, 'LAISA', '18371', '5', '1', '0', '0', '0', '0', '0', '0'),
(250, '0250', '2025-10-28 06:00:00', '1', '1', '11', '3', '30', NULL, '6', '17', 'A32491', '2025-10-22 06:00:00', '1', '7727M114738', '', '21290', 'N/A', NULL, NULL, NULL, NULL, '232221', 'archivos/LAISA/2025/10/232221IPH140130GE7', 'archivos/LAISA/2025/10/EA_I107_232221_251031', NULL, NULL, NULL, NULL, NULL, NULL, NULL, NULL, 'LAISA', '18422', '5', '1', '0', '0', '0', '0', '0', '0'),
(251, '0251', '2025-10-28 06:00:00', '1', '1', '11', '3', '30', NULL, '6', '17', 'A32492', '2025-10-27 06:00:00', '1', '7727M114741', '', '21050', 'N/A', NULL, NULL, NULL, NULL, '232222', 'archivos/LAISA/2025/10/232222IPH140130GE7', 'archivos/LAISA/2025/10/EA_I107_232222_251031', NULL, NULL, NULL, NULL, NULL, NULL, NULL, NULL, 'LAISA', '18422', '5', '1', '0', '0', '0', '0', '0', '0'),
(252, '0252', '2025-10-28 06:00:00', '1', '1', '5', '28', '18', NULL, '3', '14', 'A32493', '2025-10-27 06:00:00', '1', '7538M20995', '', '25540', '21025', '25540.00', '67UBZC', 'RICARDO GALIAZZI GARCIA', 'TRAILER', '185846', 'archivos/LAISA/2025/10/185846IPH140130GE7', 'archivos/LAISA/2025/10/EA_I107_185846_251028', 'archivos/LAISA/2025/10/21025DAPR5704074N1', 'archivos/LAISA/2025/10/EA_D227_21025_251024', '7886.750', '1971.690', '49292.200', '55207.260', NULL, NULL, 'LAISA', '18371', '5', '1', '0', '0', '0', '0', '0', '0'),
(253, '0253', '2025-10-28 06:00:00', '1', '1', '5', '28', '18', NULL, '3', '14', 'A32494', '2025-10-27 06:00:00', '1', '7538M20997', '', '25250', '21062', '25250.00', '64BK4T', 'DIEGO ANTONIO VIDAL CUEVAS', 'TRAILER', '185848', 'archivos/LAISA/2025/10/185848IPH140130GE7', 'archivos/LAISA/2025/10/EA_I107_185848_251028', 'archivos/LAISA/2025/10/21062DAPR5704074N1', 'archivos/LAISA/2025/10/EA_D227_21062_251027', '7797.200', '1949.300', '48732.500', '54580.400', NULL, NULL, 'LAISA', '18395', '5', '1', '0', '0', '0', '0', '0', '0'),
(254, '0254', '2025-10-28 06:00:00', '1', '1', '1', '33', '37', NULL, '7', '18', 'A32513', '2025-10-28 06:00:00', '1', '1507', '', '25912', '27116', '25912', '21AM8V', 'ROBERTO GALLEGOS MOLINA', 'TRAILER', '491167', 'archivos/LAISA/2025/10/491167IPH140130GE7', 'archivos/LAISA/2025/10/EA_I107_491167_251024', NULL, NULL, NULL, NULL, NULL, NULL, NULL, NULL, 'LAISA', '18395', '5', '1', '0', '0', '0', '0', '0', '0'),
(255, '0255', '2025-10-28 06:00:00', '1', '1', '2', '29', '20', NULL, '2', '13', 'A32509', '2025-10-28 06:00:00', '1', '7537M10190', '', '19577', '1004', '19577', '11AT5T', 'Armando Juárez García', 'TRAILER', '103218', 'archivos/LAISA/2025/10/103218IPH140130GE7', 'archivos/LAISA/2025/10/EA_I107_103218_251030', 'archivos/LAISA/2025/11/1004BAOE511130TF1', 'archivos/LAISA/2025/11/EA_B186_1004_251102', '2400.800', '600.200', '15005.000', '16805.600', 'LAISA', '18434', NULL, NULL, '5', '1', '0', '0', '0', '0', '0', '0'),
(256, '0256', '2025-10-28 06:00:00', '1', '1', '2', '29', '20', NULL, '2', '13', 'A32510', '2025-10-28 06:00:00', '1', '7537M10191', '', '19599', '1005', '19599', '11AT5T', 'Armando Juárez García', 'TRAILER', '103219', 'archivos/LAISA/2025/10/103219IPH140130GE7', 'archivos/LAISA/2025/10/EA_I107_103219_251030', 'archivos/LAISA/2025/11/1005BAOE511130TF1', 'archivos/LAISA/2025/11/EA_B186_1005_251102', '2400.800', '600.200', '15005.000', '16805.600', 'LAISA', '18434', 'LAISA', '18422', '5', '1', '0', '0', '0', '0', '0', '0'),
(257, '0257', '2025-10-28 06:00:00', '1', '1', '5', '15', '152', NULL, '2', '13', 'A32511', '2025-10-28 06:00:00', '1', '7538M20998', '', '25980', '7177', '25980', '92FA3M', 'JOSE ANGEL ISLAS ALVA', 'TRAILER', '185849', 'archivos/LAISA/2025/10/185849IPH140130GE7', 'archivos/LAISA/2025/10/EA_I107_185849_251028', 'archivos/LAISA/2025/10/7177SIL210405VD1', '', '8022.620', '2005.660', '50141.400', '56158.360', NULL, NULL, 'LAISA', '18395', '5', '1', '0', '0', '0', '0', '0', '0'),
(258, '0258', '2025-10-28 06:00:00', '1', '1', '7', '3', '27', NULL, '4', '15', 'A32521', '2025-10-28 06:00:00', '1', '149424', '', '11450', 'N/A', NULL, NULL, NULL, NULL, '149424', 'archivos/LAISA/2025/10/149424IPH140130GE7', 'archivos/LAISA/2025/10/EA_I107_149424_251027', NULL, NULL, NULL, NULL, NULL, NULL, NULL, NULL, 'LAISA', '18395', '5', '1', '0', '0', '0', '0', '0', '0'),
(259, '0259', '2025-10-28 06:00:00', '1', '1', '9', '3', '28', NULL, '7', '18', 'A32514', '2025-10-28 06:00:00', '1', '7540M114557', '', '20620', 'N/A', NULL, NULL, NULL, NULL, '213328', 'archivos/LAISA/2025/10/213328IPH140130GE7', 'archivos/LAISA/2025/10/EA_I107_213328_251028', NULL, NULL, NULL, NULL, NULL, NULL, NULL, NULL, NULL, NULL, '5', '1', '0', '0', '0', '0', '0', '0'),
(260, '0260', '2025-10-28 06:00:00', '1', '1', '9', '3', '28', NULL, '7', '18', 'A32515', '2025-10-28 06:00:00', '1', '7540M114558', '', '20240', 'N/A', NULL, NULL, NULL, NULL, '213327', 'archivos/LAISA/2025/10/213327IPH140130GE7', 'archivos/LAISA/2025/10/EA_I107_213327_251028', NULL, NULL, NULL, NULL, NULL, NULL, NULL, NULL, NULL, NULL, '5', '1', '0', '0', '0', '0', '0', '0'),
(261, '0261', '2025-10-28 06:00:00', '1', '1', '9', '3', '28', NULL, '7', '18', 'A32516', '2025-10-28 06:00:00', '1', '7540M114559', '', '20380', 'N/A', NULL, NULL, NULL, NULL, '213326', 'archivos/LAISA/2025/10/213326IPH140130GE7', 'archivos/LAISA/2025/10/EA_I107_213326_251028', NULL, NULL, NULL, NULL, NULL, NULL, NULL, NULL, NULL, NULL, '5', '1', '0', '0', '0', '0', '0', '0'),
(262, '0262', '2025-10-28 06:00:00', '1', '1', '9', '3', '28', NULL, '7', '18', 'A32517', '2025-10-28 06:00:00', '1', '7540M114560', '', '19240', 'N/A', NULL, NULL, NULL, NULL, '213325', 'archivos/LAISA/2025/10/213325IPH140130GE7', 'archivos/LAISA/2025/10/EA_I107_213325_251028', NULL, NULL, NULL, NULL, NULL, NULL, NULL, NULL, NULL, NULL, '5', '1', '0', '0', '0', '0', '0', '0'),
(263, '0263', '2025-10-28 06:00:00', '1', '1', '10', '23', '22', NULL, '7', '18', 'A32518', '2025-10-28 06:00:00', '1', '7531M13585', '', '21610', '3863', '21.610', '06BH5Y', 'CESAR ALVAREZ', 'TRAILER', '153998', 'archivos/LAISA/2025/10/153998IPH140130GE7', 'archivos/LAISA/2025/10/EA_I107_153998_251028', 'archivos/LAISA/2025/10/3863CTR030227FT5', '', '2282.020', '570.500', '14262.600', '15974.120', NULL, NULL, 'LAISA', '18395', '5', '1', '0', '0', '0', '0', '0', '0'),
(264, '0264', '2025-10-28 06:00:00', '1', '1', '10', '23', '22', NULL, '7', '18', 'A32519', '2025-10-28 06:00:00', '1', '7531M13586', '', '23180', '3858', '23180', '90BK3M', 'LUIS ALVAREZ', 'TRAILER', '153999', 'archivos/LAISA/2025/10/153999IPH140130GE7', 'archivos/LAISA/2025/10/EA_I107_153999_251028', 'archivos/LAISA/2025/10/3858CTR030227FT5', '', '2447.810', '611.950', '15298.800', '17134.660', NULL, NULL, 'LAISA', '18395', '5', '1', '0', '0', '0', '0', '0', '0'),
(265, '0265', '2025-10-28 06:00:00', '1', '1', '10', '23', '22', NULL, '7', '18', 'A32520', '2025-10-28 06:00:00', '1', '7531M13587', '', '21430', '3861', '21.430', '06BH5Y', 'CESAR ALVAREZ', 'TRAILER', '154000', 'archivos/LAISA/2025/10/154000IPH140130GE7', 'archivos/LAISA/2025/10/EA_I107_154000_251028', 'archivos/LAISA/2025/10/3861CTR030227FT5', '', '2263.010', '565.750', '14143.800', '15841.060', NULL, NULL, 'LAISA', '18395', '5', '1', '0', '0', '0', '0', '0', '0'),
(266, '0266', '2025-10-29 06:00:00', '1', '1', '11', '4', '134', NULL, '2', '13', 'A32532', '2025-10-29 06:00:00', '1', '7727M114759', '', '16220', '9003', '16220', NULL, NULL, NULL, '232232', 'archivos/LAISA/2025/10/232232IPH140130GE7', 'archivos/LAISA/2025/10/EA_I107_232232_251031', 'archivos/LAISA/2025/10/9003AERR770225RC0', 'archivos/LAISA/2025/10/EA_A420_9003_251029', '1680.000', '420.000', '10500.000', '11760.000', 'LAISA', '18433', 'LAISA', '18422', '5', '1', '0', '0', '0', '0', '0', '0'),
(267, '0267', '2025-10-29 06:00:00', '1', '1', '11', '4', '19', NULL, '7', '18', 'A32533', '2025-10-29 06:00:00', '1', '7727M114757', '', '8030', '8994', '8030', '090-AF-9', 'CESAR ARIAS GARCIA', 'TRAILER', '232231', 'archivos/LAISA/2025/10/232231IPH140130GE7', 'archivos/LAISA/2025/10/EA_I107_232231_251031', 'archivos/LAISA/2025/10/8994AERR770225RC0', 'archivos/LAISA/2025/10/EA_A420_8994_251026', '1200.800', '300.200', '7505.000', '8405.600', 'LAISA', '18398', 'LAISA', '18422', '5', '1', '0', '0', '0', '0', '0', '0'),
(268, '0268', '2025-10-29 06:00:00', '1', '1', '11', '3', '30', NULL, '6', '17', 'A32534', '2025-10-29 06:00:00', '1', '7727M114751', '', '8440', 'N/A', NULL, NULL, NULL, NULL, '232228', 'archivos/LAISA/2025/10/232228IPH140130GE7', 'archivos/LAISA/2025/10/EA_I107_232228_251031', NULL, NULL, NULL, NULL, NULL, NULL, NULL, NULL, 'LAISA', '18422', '5', '1', '0', '0', '0', '0', '0', '0'),
(269, '0269', '2025-10-29 06:00:00', '1', '1', '11', '3', '30', NULL, '6', '17', 'A32535', '2025-10-29 06:00:00', '1', '7727M114755', '', '21960', 'N/A', NULL, NULL, NULL, NULL, '232229', 'archivos/LAISA/2025/10/232229IPH140130GE7', 'archivos/LAISA/2025/10/EA_I107_232229_251031', NULL, NULL, NULL, NULL, NULL, NULL, NULL, NULL, 'LAISA', '18422', '5', '1', '0', '0', '0', '0', '0', '0'),
(270, '0270', '2025-10-29 06:00:00', '1', '1', '11', '3', '30', NULL, '6', '17', 'A32536', '2025-10-29 06:00:00', '1', '7727M114756', '', '22880', 'N/A', NULL, NULL, NULL, NULL, '232230', 'archivos/LAISA/2025/10/232230IPH140130GE7', 'archivos/LAISA/2025/10/EA_I107_232230_251031', NULL, NULL, NULL, NULL, NULL, NULL, NULL, NULL, 'LAISA', '18422', '5', '1', '0', '0', '0', '0', '0', '0'),
(271, '0271', '2025-10-29 06:00:00', '1', '1', '11', '3', '30', NULL, '6', '17', 'A32537', '2025-10-29 06:00:00', '1', '7727M114760', '', '22120', 'N/A', NULL, NULL, NULL, NULL, '232233', 'archivos/LAISA/2025/10/232233IPH140130GE7', 'archivos/LAISA/2025/10/EA_I107_232233_251031', NULL, NULL, NULL, NULL, NULL, NULL, NULL, NULL, 'LAISA', '18422', '5', '1', '0', '0', '0', '0', '0', '0'),
(272, '0272', '2025-10-29 06:00:00', '1', '1', '9', '3', '29', NULL, '6', '17', 'A32538', '2025-10-29 06:00:00', '1', '7540M114549', '', '8060', 'N/A', NULL, NULL, NULL, NULL, '213331', 'archivos/LAISA/2025/10/213331IPH140130GE7', 'archivos/LAISA/2025/10/EA_I107_213331_251028', NULL, NULL, NULL, NULL, NULL, NULL, NULL, NULL, 'LAISA', '18395', '5', '1', '0', '0', '0', '0', '0', '0'),
(273, '0273', '2025-10-29 06:00:00', '1', '1', '5', '10', '35', NULL, '3', '14', 'A32539', '2025-10-29 06:00:00', '1', '7538M21004', '', '24650', '16680', '24650', '20BG9Z', 'MAURICIO ARREOLA CALDERA', 'TRAILER', '185922', 'archivos/LAISA/2025/10/185922IPH140130GE7', 'archivos/LAISA/2025/10/EA_I107_185922_251030', 'archivos/LAISA/2025/10/16680TTR240321JJ0', '', '7611.920', '1902.980', '47574.500', '53283.440', NULL, NULL, 'LAISA', '18422', '5', '1', '0', '0', '0', '0', '0', '0'),
(274, '0001', '2025-10-30 06:00:00', '2', '2', '21', '34', '176', NULL, '8', '19', '96423', '2025-06-29 06:00:00', '0', '89662', '', '10560', 'N/A', NULL, NULL, NULL, NULL, NULL, NULL, NULL, NULL, NULL, NULL, NULL, NULL, NULL, NULL, NULL, NULL, NULL, '1', '1', '0', '0', '0', '0', '0', '0'),
(275, '0002', '2025-10-30 06:00:00', '2', '2', '21', '34', '176', NULL, '8', '19', '96521', '2025-07-01 06:00:00', '0', '89725', '', '10510', 'N/A', NULL, NULL, NULL, NULL, NULL, NULL, NULL, NULL, NULL, NULL, NULL, NULL, NULL, NULL, NULL, NULL, NULL, '1', '1', '0', '0', '0', '0', '0', '0'),
(276, '0003', '2025-10-30 06:00:00', '2', '2', '21', '34', '176', NULL, '8', '19', '96690', '2025-07-14 06:00:00', '0', '89764', '', '10850', 'N/A', NULL, NULL, NULL, NULL, NULL, NULL, NULL, NULL, NULL, NULL, NULL, NULL, NULL, NULL, NULL, NULL, NULL, '1', '1', '0', '0', '0', '0', '0', '0'),
(277, '0004', '2025-10-30 06:00:00', '2', '2', '21', '34', '176', NULL, '8', '19', '96714', '2025-07-14 06:00:00', '0', '89821', '', '10680', 'N/A', NULL, NULL, NULL, NULL, '1017655', 'archivos/DESA/2025/10/1017655CCM080101IL8', '', NULL, NULL, NULL, NULL, NULL, NULL, NULL, NULL, 'DESA', '1243', '1', '1', '0', '0', '0', '0', '0', '0'),
(278, '0005', '2025-10-30 06:00:00', '2', '2', '21', '34', '176', NULL, '8', '19', '96740', '2025-07-17 06:00:00', '0', '89861', '', '12120', 'N/A', NULL, NULL, NULL, NULL, '1017654', 'archivos/DESA/2025/10/1017654CCM080101IL8', '', NULL, NULL, NULL, NULL, NULL, NULL, NULL, NULL, 'DESA', '1243', '1', '1', '0', '0', '0', '0', '0', '0'),
(279, '0006', '2025-10-30 06:00:00', '2', '2', '21', '34', '176', NULL, '8', '19', '96764', '2025-07-23 06:00:00', '0', '89878', '', '12350', 'N/A', NULL, NULL, NULL, NULL, '1017657', 'archivos/DESA/2025/10/1017657CCM080101IL8', '', NULL, NULL, NULL, NULL, NULL, NULL, NULL, NULL, 'DESA', '1243', '1', '1', '0', '0', '0', '0', '0', '0'),
(280, '0007', '2025-10-30 06:00:00', '2', '2', '21', '34', '176', NULL, '8', '19', 'A04834', '2025-07-29 06:00:00', '1', '89924', '', '10790', 'N/A', NULL, NULL, NULL, NULL, '1017656', 'archivos/DESA/2025/10/1017656CCM080101IL8', '', NULL, NULL, NULL, NULL, NULL, NULL, NULL, NULL, 'DESA', '1243', '1', '1', '0', '0', '0', '0', '0', '0'),
(281, '0008', '2025-10-30 06:00:00', '2', '2', '21', '34', '176', NULL, '8', '19', 'A04923', '2025-08-06 06:00:00', '1', '89971', '', '11470', 'N/A', NULL, NULL, NULL, NULL, NULL, NULL, NULL, NULL, NULL, NULL, NULL, NULL, NULL, NULL, NULL, NULL, NULL, '1', '1', '0', '0', '0', '0', '0', '0'),
(282, '0009', '2025-10-30 06:00:00', '2', '2', '21', '34', '176', NULL, '8', '19', 'A04951', '2025-08-11 06:00:00', '1', '90002', '', '11800', 'N/A', NULL, NULL, NULL, NULL, '1017635', 'archivos/DESA/2025/10/1017635CCM080101IL8', '', NULL, NULL, NULL, NULL, NULL, NULL, NULL, NULL, 'DESA', '1243', '1', '1', '0', '0', '0', '0', '0', '0'),
(283, '0010', '2025-10-30 06:00:00', '2', '2', '21', '34', '176', NULL, '8', '19', 'A04957', '2025-08-15 06:00:00', '1', '90074', '', '12040', 'N/A', NULL, NULL, NULL, NULL, '1017629', 'archivos/DESA/2025/10/1017629CCM080101IL8', '', NULL, NULL, NULL, NULL, NULL, NULL, NULL, NULL, 'DESA', '1243', '1', '1', '0', '0', '0', '0', '0', '0'),
(284, '0011', '2025-10-30 06:00:00', '2', '2', '21', '34', '176', NULL, '8', '19', 'A05030', '2025-08-21 06:00:00', '1', '90099', '', '12320', 'N/A', NULL, NULL, NULL, NULL, '1017632', 'archivos/DESA/2025/10/1017632CCM080101IL8', '', NULL, NULL, NULL, NULL, NULL, NULL, NULL, NULL, 'DESA', '1243', '1', '1', '0', '0', '0', '0', '0', '0'),
(285, '0012', '2025-10-30 06:00:00', '2', '2', '21', '34', '176', NULL, '8', '19', 'A05066', '2025-08-30 06:00:00', '1', '90140', '', '10680', 'N/A', NULL, NULL, NULL, NULL, '1017641', 'archivos/DESA/2025/10/1017641CCM080101IL8', '', NULL, NULL, NULL, NULL, NULL, NULL, NULL, NULL, 'DESA', '1243', '1', '1', '0', '0', '0', '0', '0', '0'),
(286, '0013', '2025-10-30 06:00:00', '2', '2', '21', '34', '176', NULL, '8', '19', 'A05080', '2025-09-02 06:00:00', '1', '90193', '', '10980', 'N/A', NULL, NULL, NULL, NULL, '1017631', 'archivos/DESA/2025/10/1017631CCM080101IL8', '', NULL, NULL, NULL, NULL, NULL, NULL, NULL, NULL, 'DESA', '1243', '1', '1', '0', '0', '0', '0', '0', '0'),
(287, '0014', '2025-10-30 06:00:00', '2', '2', '21', '34', '176', NULL, '8', '19', 'A05111', '2025-09-09 06:00:00', '1', '90221', '', '7770', 'N/A', NULL, NULL, NULL, NULL, '1017640', 'archivos/DESA/2025/10/1017640CCM080101IL8', '', NULL, NULL, NULL, NULL, NULL, NULL, NULL, NULL, 'DESA', '1243', '1', '1', '0', '0', '0', '0', '0', '0'),
(288, '0015', '2025-10-30 06:00:00', '2', '2', '21', '34', '176', NULL, '8', '19', 'A05160', '2025-09-10 06:00:00', '1', '90244', '', '8760', 'N/A', NULL, NULL, NULL, NULL, '1017643', 'archivos/DESA/2025/10/1017643CCM080101IL8', '', NULL, NULL, NULL, NULL, NULL, NULL, NULL, NULL, 'DESA', '1243', '1', '1', '0', '0', '0', '0', '0', '0'),
(289, '0016', '2025-10-30 06:00:00', '2', '2', '21', '34', '176', NULL, '8', '19', 'A05161', '2025-09-13 06:00:00', '1', '90279', '', '10990', 'N/A', NULL, NULL, NULL, NULL, NULL, NULL, NULL, NULL, NULL, NULL, NULL, NULL, NULL, NULL, NULL, NULL, NULL, '1', '1', '0', '0', '0', '0', '0', '0'),
(290, '0017', '2025-10-30 06:00:00', '2', '2', '21', '34', '176', NULL, '8', '19', 'A05202', '2025-09-19 06:00:00', '1', '90295', '', '13890', 'N/A', NULL, NULL, NULL, NULL, NULL, NULL, NULL, NULL, NULL, NULL, NULL, NULL, NULL, NULL, NULL, NULL, NULL, '1', '1', '0', '0', '0', '0', '0', '0'),
(291, '0018', '2025-10-30 06:00:00', '2', '2', '21', '34', '176', NULL, '8', '19', 'A05318', '2025-10-03 06:00:00', '1', '90343', '', '12100', 'N/A', NULL, NULL, NULL, NULL, NULL, NULL, NULL, NULL, NULL, NULL, NULL, NULL, NULL, NULL, NULL, NULL, NULL, '1', '1', '0', '0', '0', '0', '0', '0'),
(292, '0019', '2025-10-30 06:00:00', '2', '2', '21', '34', '176', NULL, '8', '19', 'A05398', '2025-10-09 06:00:00', '1', '1293', '', '13900', 'N/A', NULL, NULL, NULL, NULL, NULL, NULL, NULL, NULL, NULL, NULL, NULL, NULL, NULL, NULL, NULL, NULL, NULL, '1', '1', '0', '0', '0', '0', '0', '0'),
(293, '0020', '2025-10-30 06:00:00', '2', '2', '21', '34', '176', NULL, '8', '19', 'A05399', '2025-10-15 06:00:00', '1', '1427', '', '11480', 'N/A', NULL, NULL, NULL, NULL, NULL, NULL, NULL, NULL, NULL, NULL, NULL, NULL, NULL, NULL, NULL, NULL, NULL, '1', '1', '0', '0', '0', '0', '0', '0'),
(294, '0021', '2025-10-30 06:00:00', '2', '2', '21', '34', '176', NULL, '8', '19', 'A05453', '2025-10-21 06:00:00', '1', '1510', '', '13710', 'N/A', NULL, NULL, NULL, NULL, '1017653', 'archivos/DESA/2025/10/1017653CCM080101IL8', '', NULL, NULL, NULL, NULL, NULL, NULL, NULL, NULL, 'DESA', '1243', '1', '1', '0', '0', '0', '0', '0', '0'),
(295, '0022', '2025-10-31 06:00:00', '2', '2', '20', '34', '158', NULL, '8', '19', 'A04828', '2025-07-24 06:00:00', '1', '3401', '', '18615', 'N/A', NULL, NULL, NULL, NULL, '1017606', 'archivos/DESA/2025/10/1017606CCM080101IL8', '', NULL, NULL, NULL, NULL, NULL, NULL, NULL, NULL, 'DESA', '1242', '1', '1', '0', '0', '0', '0', '0', '0'),
(296, '0023', '2025-10-31 06:00:00', '2', '2', '20', '34', '158', NULL, '8', '19', '96405', '2025-06-25 06:00:00', '0', '2936', '', '17570', 'N/A', NULL, NULL, NULL, NULL, NULL, NULL, NULL, NULL, NULL, NULL, NULL, NULL, NULL, NULL, NULL, NULL, NULL, '1', '1', '0', '0', '0', '0', '0', '0'),
(297, '0024', '2025-10-31 06:00:00', '2', '2', '20', '34', '158', NULL, '8', '19', '96424', '2025-06-29 06:00:00', '0', '2962', '', '18205', 'N/A', NULL, NULL, NULL, NULL, NULL, NULL, NULL, NULL, NULL, NULL, NULL, NULL, NULL, NULL, NULL, NULL, NULL, '1', '1', '0', '0', '0', '0', '0', '0'),
(298, '0025', '2025-10-31 06:00:00', '2', '2', '20', '34', '158', NULL, '8', '19', '96522', '2025-06-28 06:00:00', '0', '3020', '', '15425', 'N/A', NULL, NULL, NULL, NULL, NULL, NULL, NULL, NULL, NULL, NULL, NULL, NULL, NULL, NULL, NULL, NULL, NULL, '1', '1', '0', '0', '0', '0', '0', '0'),
(299, '0026', '2025-10-31 06:00:00', '2', '2', '20', '34', '158', NULL, '8', '19', '96523', '2025-07-01 06:00:00', '0', '3061', '', '15655', 'N/A', NULL, NULL, NULL, NULL, NULL, NULL, NULL, NULL, NULL, NULL, NULL, NULL, NULL, NULL, NULL, NULL, NULL, '1', '1', '0', '0', '0', '0', '0', '0'),
(300, '0027', '2025-10-31 06:00:00', '2', '2', '20', '34', '158', NULL, '8', '19', '96524', '2025-07-01 06:00:00', '0', '3063', '', '12830', 'N/A', NULL, NULL, NULL, NULL, NULL, NULL, NULL, NULL, NULL, NULL, NULL, NULL, NULL, NULL, NULL, NULL, NULL, '1', '1', '0', '0', '0', '0', '0', '0'),
(301, '0028', '2025-10-31 06:00:00', '2', '2', '20', '34', '158', NULL, '8', '19', '96634', '2025-07-07 06:00:00', '0', '3147', '', '18425', 'N/A', NULL, NULL, NULL, NULL, NULL, NULL, NULL, NULL, NULL, NULL, NULL, NULL, NULL, NULL, NULL, NULL, NULL, '1', '1', '0', '0', '0', '0', '0', '0'),
(302, '0029', '2025-10-31 06:00:00', '2', '2', '20', '34', '158', NULL, '8', '19', '96669', '2025-07-10 06:00:00', '0', '3183', '', '18345', 'N/A', NULL, NULL, NULL, NULL, NULL, NULL, NULL, NULL, NULL, NULL, NULL, NULL, NULL, NULL, NULL, NULL, NULL, '1', '1', '0', '0', '0', '0', '0', '0'),
(303, '0030', '2025-10-31 06:00:00', '2', '2', '20', '34', '158', NULL, '8', '19', '96689', '2025-07-12 06:00:00', '0', '3213', '', '18995', 'N/A', NULL, NULL, NULL, NULL, NULL, NULL, NULL, NULL, NULL, NULL, NULL, NULL, NULL, NULL, NULL, NULL, NULL, '1', '1', '0', '0', '0', '0', '0', '0'),
(304, '0031', '2025-10-31 06:00:00', '2', '2', '20', '34', '158', NULL, '8', '19', '96748', '2025-07-17 06:00:00', '0', '3293', '', '16225', 'N/A', NULL, NULL, NULL, NULL, '1017662', 'archivos/DESA/2025/10/1017662CCM080101IL8', '', NULL, NULL, NULL, NULL, NULL, NULL, NULL, NULL, 'DESA', '1242', '1', '1', '0', '0', '0', '0', '0', '0'),
(305, '0032', '2025-10-31 06:00:00', '2', '2', '20', '34', '158', NULL, '8', '19', '96749', '2025-07-18 06:00:00', '0', '3312', '', '15535', 'N/A', NULL, NULL, NULL, NULL, '1017617', 'archivos/DESA/2025/10/1017617CCM080101IL8', '', NULL, NULL, NULL, NULL, NULL, NULL, NULL, NULL, 'DESA', '1242', '1', '1', '0', '0', '0', '0', '0', '0'),
(306, '0033', '2025-10-31 06:00:00', '2', '2', '20', '34', '158', NULL, '8', '19', '96763', '2025-07-19 06:00:00', '0', '3328', '', '15110', 'N/A', NULL, NULL, NULL, NULL, '1017600', 'archivos/DESA/2025/10/1017600CCM080101IL8', '', NULL, NULL, NULL, NULL, NULL, NULL, NULL, NULL, 'DESA', '1242', '1', '1', '0', '0', '0', '0', '0', '0'),
(307, '0034', '2025-10-31 06:00:00', '2', '2', '20', '34', '158', NULL, '8', '19', 'A04833', '2025-07-26 06:00:00', '1', '3438', '', '18040', 'N/A', NULL, NULL, NULL, NULL, '1017609', 'archivos/DESA/2025/10/1017609CCM080101IL8', '', NULL, NULL, NULL, NULL, NULL, NULL, NULL, NULL, 'DESA', '1242', '1', '1', '0', '0', '0', '0', '0', '0'),
(308, '0035', '2025-10-31 06:00:00', '2', '2', '20', '34', '158', NULL, '8', '19', 'A04910', '2025-08-01 06:00:00', '1', '3485', '', '14555', 'N/A', NULL, NULL, NULL, NULL, '1017644', 'archivos/DESA/2025/10/1017644CCM080101IL8', '', NULL, NULL, NULL, NULL, NULL, NULL, NULL, NULL, 'DESA', '1242', '1', '1', '0', '0', '0', '0', '0', '0'),
(309, '0036', '2025-10-31 06:00:00', '2', '2', '20', '34', '158', NULL, '8', '19', 'A04914', '2025-08-06 06:00:00', '1', '3602', '', '18440', 'N/A', NULL, NULL, NULL, NULL, '1017590', 'archivos/DESA/2025/10/1017590CCM080101IL8', '', NULL, NULL, NULL, NULL, NULL, NULL, NULL, NULL, 'DESA', '1242', '1', '1', '0', '0', '0', '0', '0', '0'),
(310, '0037', '2025-10-31 06:00:00', '2', '2', '20', '34', '158', NULL, '8', '19', 'A04939', '2025-08-09 06:00:00', '1', '3660', '', '17500', 'N/A', NULL, NULL, NULL, NULL, '1017597', 'archivos/DESA/2025/10/1017597CCM080101IL8', '', NULL, NULL, NULL, NULL, NULL, NULL, NULL, NULL, 'DESA', '1242', '1', '1', '0', '0', '0', '0', '0', '0'),
(311, '0038', '2025-10-31 06:00:00', '2', '2', '20', '34', '158', NULL, '8', '19', 'A04956', '2025-08-14 06:00:00', '1', '3720', '', '17885', 'N/A', NULL, NULL, NULL, NULL, '1017611', 'archivos/DESA/2025/10/1017611CCM080101IL8', '', NULL, NULL, NULL, NULL, NULL, NULL, NULL, NULL, 'DESA', '1242', '1', '1', '0', '0', '0', '0', '0', '0'),
(312, '0039', '2025-10-31 06:00:00', '2', '2', '20', '34', '158', NULL, '8', '19', 'A05029', '2025-08-15 06:00:00', '1', '3755', '', '18330', 'N/A', NULL, NULL, NULL, NULL, '1017605', 'archivos/DESA/2025/10/1017605CCM080101IL8', '', NULL, NULL, NULL, NULL, NULL, NULL, NULL, NULL, 'DESA', '1242', '1', '1', '0', '0', '0', '0', '0', '0'),
(313, '0040', '2025-10-31 06:00:00', '2', '2', '20', '34', '158', NULL, '8', '19', 'A05031', '2025-08-22 06:00:00', '1', '3852', '', '16940', 'N/A', NULL, NULL, NULL, NULL, '1017604', 'archivos/DESA/2025/10/1017604CCM080101IL8', '', NULL, NULL, NULL, NULL, NULL, NULL, NULL, NULL, 'DESA', '1242', '1', '1', '0', '0', '0', '0', '0', '0'),
(314, '0041', '2025-10-31 06:00:00', '2', '2', '20', '34', '158', NULL, '8', '19', 'A05036', '2025-08-25 06:00:00', '1', '3858', '', '17860', 'N/A', NULL, NULL, NULL, NULL, '1017610', 'archivos/DESA/2025/10/1017610CCM080101IL8', '', NULL, NULL, NULL, NULL, NULL, NULL, NULL, NULL, 'DESA', '1242', '1', '1', '0', '0', '0', '0', '0', '0'),
(315, '0042', '2025-10-31 06:00:00', '2', '2', '20', '34', '158', NULL, '8', '19', 'A05071', '2025-09-01 06:00:00', '1', '3940', '', '19465', 'N/A', NULL, NULL, NULL, NULL, '1017613', 'archivos/DESA/2025/10/1017613CCM080101IL8', '', NULL, NULL, NULL, NULL, NULL, NULL, NULL, NULL, 'DESA', '1242', '1', '1', '0', '0', '0', '0', '0', '0'),
(316, '0043', '2025-10-31 06:00:00', '2', '2', '20', '34', '158', NULL, '8', '19', 'A05072', '2025-09-01 06:00:00', '1', '3957', '', '18500', 'N/A', NULL, NULL, NULL, NULL, '1017619', 'archivos/DESA/2025/10/1017619CCM080101IL8', '', NULL, NULL, NULL, NULL, NULL, NULL, NULL, NULL, 'DESA', '1242', '1', '1', '0', '0', '0', '0', '0', '0'),
(317, '0044', '2025-10-31 06:00:00', '2', '2', '20', '34', '158', NULL, '8', '19', 'A05085', '2025-09-02 06:00:00', '1', '4007', '', '11490', 'N/A', NULL, NULL, NULL, NULL, '1017594', 'archivos/DESA/2025/10/1017594CCM080101IL8', '', NULL, NULL, NULL, NULL, NULL, NULL, NULL, NULL, 'DESA', '1242', '1', '1', '0', '0', '0', '0', '0', '0'),
(318, '0045', '2025-10-31 06:00:00', '2', '2', '20', '34', '158', NULL, '8', '19', 'A05086', '2025-09-03 06:00:00', '1', '3972', '', '17780', 'N/A', NULL, NULL, NULL, NULL, '1017592', 'archivos/DESA/2025/10/1017592CCM080101IL8', '', NULL, NULL, NULL, NULL, NULL, NULL, NULL, NULL, 'DESA', '1242', '1', '1', '0', '0', '0', '0', '0', '0'),
(319, '0046', '2025-10-31 06:00:00', '2', '2', '20', '34', '158', NULL, '8', '19', 'A05087', '2025-09-03 06:00:00', '1', '3894', '', '15505', 'N/A', NULL, NULL, NULL, NULL, '1017612', 'archivos/DESA/2025/10/1017612CCM080101IL8', '', NULL, NULL, NULL, NULL, NULL, NULL, NULL, NULL, 'DESA', '1242', '1', '1', '0', '0', '0', '0', '0', '0'),
(320, '0047', '2025-10-31 06:00:00', '2', '2', '20', '34', '158', NULL, '8', '19', 'A05100', '2025-09-06 06:00:00', '1', '4056', '', '19120', 'N/A', NULL, NULL, NULL, NULL, '1017602', 'archivos/DESA/2025/10/1017602CCM080101IL8', '', NULL, NULL, NULL, NULL, NULL, NULL, NULL, NULL, 'DESA', '1242', '1', '1', '0', '0', '0', '0', '0', '0'),
(321, '0048', '2025-10-31 06:00:00', '2', '2', '20', '34', '158', NULL, '8', '19', 'A05163', '2025-09-15 06:00:00', '1', '4130', '', '19430', 'N/A', NULL, NULL, NULL, NULL, NULL, NULL, NULL, NULL, NULL, NULL, NULL, NULL, NULL, NULL, NULL, NULL, NULL, '1', '1', '0', '0', '0', '0', '0', '0'),
(322, '0049', '2025-10-31 06:00:00', '2', '2', '20', '34', '158', NULL, '8', '19', 'A05164', '2025-09-15 06:00:00', '1', '4157', '', '19515', 'N/A', NULL, NULL, NULL, NULL, '1017607', 'archivos/DESA/2025/10/1017607CCM080101IL8', '', NULL, NULL, NULL, NULL, NULL, NULL, NULL, NULL, 'DESA', '1242', '1', '1', '0', '0', '0', '0', '0', '0'),
(323, '0050', '2025-10-31 06:00:00', '2', '2', '20', '34', '158', NULL, '8', '19', 'A05249', '2025-09-25 06:00:00', '1', '4248', '', '19030', 'N/A', NULL, NULL, NULL, NULL, '1017596', 'archivos/DESA/2025/10/1017596CCM080101IL8', '', NULL, NULL, NULL, NULL, NULL, NULL, NULL, NULL, 'DESA', '1242', '1', '1', '0', '0', '0', '0', '0', '0'),
(324, '0051', '2025-10-31 06:00:00', '2', '2', '20', '34', '158', NULL, '8', '19', 'A05276', '2025-09-26 06:00:00', '1', '4273', '', '18915', 'N/A', NULL, NULL, NULL, NULL, '1017608', 'archivos/DESA/2025/10/1017608CCM080101IL8', '', NULL, NULL, NULL, NULL, NULL, NULL, NULL, NULL, 'DESA', '1242', '1', '1', '0', '0', '0', '0', '0', '0'),
(325, '0052', '2025-10-31 06:00:00', '2', '2', '20', '34', '158', NULL, '8', '19', 'A05292', '2025-10-01 06:00:00', '1', '4311', '', '17460', 'N/A', NULL, NULL, NULL, NULL, '1017645', 'archivos/DESA/2025/10/1017645CCM080101IL8', '', NULL, NULL, NULL, NULL, NULL, NULL, NULL, NULL, 'DESA', '1242', '1', '1', '0', '0', '0', '0', '0', '0'),
(326, '0053', '2025-10-31 06:00:00', '2', '2', '20', '34', '158', NULL, '8', '19', 'A05293', '2025-10-01 06:00:00', '1', '4281', '', '19310', 'N/A', NULL, NULL, NULL, NULL, '1017616', 'archivos/DESA/2025/10/1017616CCM080101IL8', '', NULL, NULL, NULL, NULL, NULL, NULL, NULL, NULL, 'DESA', '1242', '1', '1', '0', '0', '0', '0', '0', '0'),
(327, '0054', '2025-10-31 06:00:00', '2', '2', '20', '34', '158', NULL, '8', '19', 'A05349', '2025-10-06 06:00:00', '1', '4349', '', '20235', 'N/A', NULL, NULL, NULL, NULL, '1017614', 'archivos/DESA/2025/10/1017614CCM080101IL8', '', NULL, NULL, NULL, NULL, NULL, NULL, NULL, NULL, 'DESA', '1242', '1', '1', '0', '0', '0', '0', '0', '0'),
(328, '0055', '2025-10-31 06:00:00', '2', '2', '20', '34', '158', NULL, '8', '19', 'A05366', '2025-10-09 06:00:00', '1', '4421', '', '17725', 'N/A', NULL, NULL, NULL, NULL, '1017637', 'archivos/DESA/2025/10/1017637CCM080101IL8', '', NULL, NULL, NULL, NULL, NULL, NULL, NULL, NULL, 'DESA', '1242', '1', '1', '0', '0', '0', '0', '0', '0'),
(329, '0056', '2025-10-31 06:00:00', '2', '2', '20', '34', '158', NULL, '8', '19', 'A05367', '2025-10-09 06:00:00', '1', '4384', '', '15920', 'N/A', NULL, NULL, NULL, NULL, '1017591', 'archivos/DESA/2025/10/1017591CCM080101IL8', '', NULL, NULL, NULL, NULL, NULL, NULL, NULL, NULL, 'DESA', '1242', '1', '1', '0', '0', '0', '0', '0', '0'),
(330, '0057', '2025-10-31 06:00:00', '2', '2', '20', '34', '158', NULL, '8', '19', 'A05377', '2025-10-10 06:00:00', '1', '4467', '', '18575', 'N/A', NULL, NULL, NULL, NULL, '1017639', 'archivos/DESA/2025/10/1017639CCM080101IL8', '', NULL, NULL, NULL, NULL, NULL, NULL, NULL, NULL, 'DESA', '1242', '1', '1', '0', '0', '0', '0', '0', '0'),
(331, '0058', '2025-10-31 06:00:00', '2', '2', '20', '34', '158', NULL, '8', '19', 'A05416', '2025-10-16 06:00:00', '1', '4560', '', '18335', 'N/A', NULL, NULL, NULL, NULL, '1017638', 'archivos/DESA/2025/10/1017638CCM080101IL8', '', NULL, NULL, NULL, NULL, NULL, NULL, NULL, NULL, 'DESA', '1242', '1', '1', '0', '0', '0', '0', '0', '0'),
(332, '0059', '2025-10-31 06:00:00', '2', '2', '20', '34', '158', NULL, '8', '19', 'A05433', '2025-10-18 06:00:00', '1', '4542', '', '19540', 'N/A', NULL, NULL, NULL, NULL, '1017599', 'archivos/DESA/2025/10/1017599CCM080101IL8', '', NULL, NULL, NULL, NULL, NULL, NULL, NULL, NULL, 'DESA', '1242', '1', '1', '0', '0', '0', '0', '0', '0'),
(333, '0060', '2025-10-31 06:00:00', '2', '2', '20', '34', '158', NULL, '8', '19', 'A05457', '2025-10-23 06:00:00', '1', '4593', '', '15495', 'N/A', NULL, NULL, NULL, NULL, NULL, NULL, NULL, NULL, NULL, NULL, NULL, NULL, NULL, NULL, NULL, NULL, NULL, '1', '1', '0', '0', '0', '0', '0', '0'),
(334, '0061', '2025-10-31 06:00:00', '2', '2', '20', '34', '158', NULL, '8', '19', 'A05477', '2025-10-24 06:00:00', '1', '4657', '', '18545', 'N/A', NULL, NULL, NULL, NULL, NULL, NULL, NULL, NULL, NULL, NULL, NULL, NULL, NULL, NULL, NULL, NULL, NULL, '1', '1', '0', '0', '0', '0', '0', '0'),
(335, '0274', '2025-10-31 06:00:00', '1', '1', '2', '29', '20', NULL, '2', '13', 'A32558', '2025-10-30 06:00:00', '1', '7537M10186', '', '19669', '995', '19669', '11AT5T', 'Armando Juárez García', 'TRAILER', '103215', 'archivos/LAISA/2025/10/103215IPH140130GE7', 'archivos/LAISA/2025/10/EA_I107_103215_251030', 'archivos/LAISA/2025/10/995BAOE511130TF1', 'archivos/LAISA/2025/10/EA_B186_995_251024', '2400.800', '600.200', '15005.000', '16805.600', 'LAISA', '18431', 'LAISA', '18422', '5', '1', '0', '0', '0', '0', '0', '0'),
(336, '0275', '2025-10-31 06:00:00', '1', '1', '11', '4', '134', NULL, '2', '13', 'A32559', '2025-10-30 06:00:00', '1', '7727M114771', '', '18080', '9004', '18080', '664-ER-7', 'EDEL REYES SALAZAR', 'TRAILER', '232239', 'archivos/LAISA/2025/10/232239IPH140130GE7', 'archivos/LAISA/2025/10/EA_I107_232239_251031', 'archivos/LAISA/2025/10/9004AERR770225RC0', 'archivos/LAISA/2025/10/EA_A420_9004_251029', '1680.000', '420.000', '10500.000', '11760.000', 'LAISA', '18433', 'LAISA', '18422', '5', '1', '0', '0', '0', '0', '0', '0'),
(337, '0276', '2025-10-31 06:00:00', '1', '1', '5', '20', '153', NULL, '2', '13', 'A32560', '2025-10-30 06:00:00', '1', '7538M21000', '', '26790', '22686', '26790', NULL, NULL, NULL, '185921', 'archivos/LAISA/2025/10/185921IPH140130GE7', 'archivos/LAISA/2025/10/EA_I107_185921_251030', 'archivos/LAISA/2025/11/22686TMT930202335', 'archivos/LAISA/2025/11/EA_T237_22686_251103', '5186.540', '1296.640', '32415.900', '36305.800', NULL, NULL, 'LAISA', '18422', '5', '1', '0', '0', '0', '0', '0', '0'),
(338, '0277', '2025-10-31 06:00:00', '1', '1', '6', '3', '133', NULL, '7', '18', 'A32561', '2025-10-30 06:00:00', '1', '7539M23823', '', '19570', 'N/A', NULL, NULL, NULL, NULL, NULL, NULL, NULL, NULL, NULL, NULL, NULL, NULL, NULL, NULL, NULL, NULL, NULL, '5', '1', '0', '0', '0', '0', '0', '0'),
(339, '0278', '2025-10-31 06:00:00', '1', '1', '6', '3', '133', NULL, '7', '18', 'A32562', '2025-10-30 06:00:00', '1', '7539M23824', '', '23870', 'N/A', NULL, NULL, NULL, NULL, NULL, NULL, NULL, NULL, NULL, NULL, NULL, NULL, NULL, NULL, NULL, NULL, NULL, '5', '1', '0', '0', '0', '0', '0', '0'),
(340, '0279', '2025-10-31 06:00:00', '1', '1', '6', '3', '133', NULL, '7', '18', 'A32563', '2025-10-30 06:00:00', '1', '7539M23828', '', '22900', 'N/A', NULL, NULL, NULL, NULL, NULL, NULL, NULL, NULL, NULL, NULL, NULL, NULL, NULL, NULL, NULL, NULL, NULL, '5', '1', '0', '0', '0', '0', '0', '0'),
(341, '0280', '2025-10-31 06:00:00', '1', '1', '6', '3', '133', NULL, '7', '18', 'A32564', '2025-10-30 06:00:00', '1', '7539M23829', '', '23400', 'N/A', NULL, NULL, NULL, NULL, NULL, NULL, NULL, NULL, NULL, NULL, NULL, NULL, NULL, NULL, NULL, NULL, NULL, '5', '1', '0', '0', '0', '0', '0', '0'),
(342, '0281', '2025-10-31 06:00:00', '1', '1', '11', '3', '30', NULL, '6', '17', 'A32565', '2025-10-30 06:00:00', '1', '7727M114772', '', '21640', 'N/A', NULL, NULL, NULL, NULL, '232240', 'archivos/LAISA/2025/10/232240IPH140130GE7', 'archivos/LAISA/2025/10/EA_I107_232240_251031', NULL, NULL, NULL, NULL, NULL, NULL, NULL, NULL, 'LAISA', '18422', '5', '1', '0', '0', '0', '0', '0', '0'),
(343, '0282', '2025-10-31 06:00:00', '1', '1', '11', '3', '30', NULL, '6', '17', 'A32566', '2025-10-30 06:00:00', '1', '7727M114732', '', '7750', 'N/A', NULL, NULL, NULL, NULL, '232218', 'archivos/LAISA/2025/10/232218IPH140130GE7', 'archivos/LAISA/2025/10/EA_I107_232218_251031', NULL, NULL, NULL, NULL, NULL, NULL, NULL, NULL, 'LAISA', '18422', '5', '1', '0', '0', '0', '0', '0', '0'),
(344, '0283', '2025-10-31 06:00:00', '1', '1', '3', '3', '154', NULL, '6', '17', 'A32567', '2025-10-30 06:00:00', '1', '1099', '', '22752', 'N/A', NULL, NULL, NULL, NULL, NULL, NULL, NULL, NULL, NULL, NULL, NULL, NULL, NULL, NULL, NULL, NULL, NULL, '5', '1', '0', '0', '0', '0', '0', '0'),
(345, '0284', '2025-10-31 06:00:00', '1', '1', '6', '3', '135', NULL, '6', '17', 'A32568', '2025-10-30 06:00:00', '1', '1149-1151', '', '8758', 'N/A', NULL, NULL, NULL, NULL, NULL, NULL, NULL, NULL, NULL, NULL, NULL, NULL, NULL, NULL, NULL, NULL, NULL, '5', '1', '0', '0', '0', '0', '0', '0'),
(346, '0285', '2025-10-31 06:00:00', '1', '1', '5', '15', '17', NULL, '3', '14', 'A32569', '2025-10-30 06:00:00', '1', '7538M20996', '', '26990', '7166', '26990', NULL, NULL, NULL, '185847', 'archivos/LAISA/2025/10/185847IPH140130GE7', 'archivos/LAISA/2025/10/EA_I107_185847_251028', 'archivos/LAISA/2025/10/7166SIL210405VD1', '', '8334.510', '2083.630', '52090.700', '58341.580', NULL, NULL, 'LAISA', '18422', '5', '1', '0', '0', '0', '0', '0', '0'),
(347, '0286', '2025-10-31 06:00:00', '1', '1', '5', '20', '36', NULL, '3', '14', 'A32570', '2025-10-30 06:00:00', '1', '7538M21006', '', '23820', '22687', '23820', NULL, NULL, NULL, '185923', 'archivos/LAISA/2025/10/185923IPH140130GE7', 'archivos/LAISA/2025/10/EA_I107_185923_251030', 'archivos/LAISA/2025/11/22687TMT930202335', '', '7355.620', '1838.900', '45972.600', '51489.320', NULL, NULL, 'LAISA', '18422', '5', '1', '0', '0', '0', '0', '0', '0'),
(348, '0287', '2025-10-31 06:00:00', '1', '1', '5', '15', '17', NULL, '3', '14', 'A32571', '2025-10-30 06:00:00', '1', '7538M21007', '', '24990', '7181', '24990', '76BC4G', 'ALEJANDRO MARTINEZ PUENTES', 'TRAILER', '185924', 'archivos/LAISA/2025/10/185924IPH140130GE7', 'archivos/LAISA/2025/10/EA_I107_185924_251030', NULL, NULL, NULL, NULL, NULL, NULL, NULL, NULL, 'LAISA', '18422', '5', '1', '0', '0', '0', '0', '0', '0'),
(349, '0288', '2025-10-31 06:00:00', '1', '1', '5', '27', '26', NULL, '3', '14', 'A32572', '2025-10-30 06:00:00', '1', '7538M21008', '', '26860', '15138', '26860', NULL, NULL, NULL, NULL, NULL, NULL, 'archivos/LAISA/2025/10/15138HEGM421018131', '', '8294.370', '2073.590', '51839.800', '58060.580', NULL, NULL, NULL, NULL, '5', '1', '0', '0', '0', '0', '0', '0'),
(350, '0001', '2025-11-05 06:00:00', '2', '2', '22', '35', '182', NULL, '9', '24', '96806', '2025-07-15 06:00:00', '0', '34280', '', '19210', '8684', '19210', '416-AL-9', 'ALAN MARTELL BOBILLA', 'TRAILER', '1017647', 'archivos/DESA/2025/10/1017647CCM080101IL8', '', 'archivos/DESA/2025/08/8684AERR770225RC0', 'archivos/DESA/2025/08/EA_A420_8684_250804', '1209.600', '302.400', '7560.000', '8467.200', 'DESA', '335', 'DESA', '1240', '1', '1', '0', '0', '0', '0', '0', '0'),
(351, '0002', '2025-11-05 06:00:00', '2', '2', '22', '35', '182', NULL, '9', '24', '96807', '2025-07-21 06:00:00', '0', '34371', '', '18710', NULL, NULL, NULL, NULL, NULL, '1017648', 'archivos/DESA/2025/10/1017648CCM080101IL8', '', NULL, NULL, NULL, NULL, NULL, NULL, NULL, NULL, 'DESA', '1240', '1', '1', '0', '0', '0', '0', '0', '0'),
(352, '0003', '2025-11-05 06:00:00', '2', '2', '22', '35', '182', NULL, '9', '24', '96808', '2025-07-23 06:00:00', '0', '34420', '', '19000', '8599', '19000', NULL, NULL, NULL, '1017649', 'archivos/DESA/2025/10/1017649CCM080101IL8', '', 'archivos/DESA/2025/07/8599AERR770225RC0', 'archivos/DESA/2025/07/EA_A420_8599_250723', '1209.600', '302.400', '7560.000', '8467.200', 'DESA', '301', 'DESA', '1240', '1', '1', '0', '0', '0', '0', '0', '0'),
(353, '0004', '2025-11-05 06:00:00', '2', '2', '22', '35', '182', NULL, '9', '24', 'A04838', '2025-07-28 06:00:00', '1', '34497', '', '19340', '8616', '19340', NULL, NULL, NULL, '1017652', 'archivos/DESA/2025/10/1017652CCM080101IL8', '', 'archivos/DESA/2025/07/8616AERR770225RC0', 'archivos/DESA/2025/07/EA_A420_8616_250728', '1209.600', '302.400', '7560.000', '8467.200', 'DESA', '301', 'DESA', '1240', '1', '1', '0', '0', '0', '0', '0', '0'),
(354, '0005', '2025-11-05 06:00:00', '2', '2', '22', '35', '182', NULL, '9', '24', 'A04839', '2025-07-29 06:00:00', '1', '34500', '', '17510', '8695', '17510', '34-BG-7R', 'JUAN GABRIEL ARREOLA RUBIO', 'TRAILER', '1017650', 'archivos/DESA/2025/10/1017650CCM080101IL8', '', 'archivos/DESA/2025/08/8695AERR770225RC0', 'archivos/DESA/2025/08/EA_A420_8695_250806', '1209.600', '302.400', '7560.000', '8467.200', 'DESA', '418', 'DESA', '1240', '1', '1', '0', '0', '0', '0', '0', '0'),
(355, '0006', '2025-11-05 06:00:00', '2', '2', '22', '35', '182', NULL, '9', '24', 'A04911', '2025-08-09 06:00:00', '1', '34558', '', '17200', '8663', '17200', NULL, NULL, NULL, '1017603', 'archivos/DESA/2025/10/1017603CCM080101IL8', '', 'archivos/DESA/2025/08/8663AERR770225RC0', 'archivos/DESA/2025/08/EA_A420_8663_250803', '1209.600', '302.400', '7560.000', '8467.200', 'DESA', '418', 'DESA', '1240', '1', '1', '0', '0', '0', '0', '0', '0'),
(356, '0007', '2025-11-05 06:00:00', '2', '2', '22', '35', '182', NULL, '9', '24', 'A04961', '2025-08-14 06:00:00', '1', '34727', '', '17100', '8730', '17100', '34-BG-7R', 'JUAN GABRIEL ARREOLA RUBIO', 'TRAILER', '1017601', 'archivos/DESA/2025/10/1017601CCM080101IL8', '', 'archivos/DESA/2025/08/8730AERR770225RC0', 'archivos/DESA/2025/08/EA_A420_8730_250814', '1209.600', '302.400', '7560.000', '8467.200', 'DESA', '429', 'DESA', '1240', '1', '1', '0', '0', '0', '0', '0', '0'),
(357, '0008', '2025-11-05 06:00:00', '2', '2', '22', '35', '182', NULL, '9', '24', 'A05000', '2025-08-19 06:00:00', '1', '34815', '', '16810', '8747', '16810', '34-BG-7R', 'JUAN GABRIEL ARREOLA RUBIO', 'TRAILER', '1017628', 'archivos/DESA/2025/10/1017628CCM080101IL8', '', 'archivos/DESA/2025/08/8747AERR770225RC0', 'archivos/DESA/2025/08/EA_A420_8747_250819', '1209.600', '302.400', '7560.000', '8467.200', 'DESA', '513', 'DESA', '1240', '1', '1', '0', '0', '0', '0', '0', '0'),
(358, '0009', '2025-11-05 06:00:00', '2', '2', '22', '35', '182', NULL, '9', '24', 'A05017', '2025-08-24 06:00:00', '1', '34881', '', '15970', '8762', '15970', '34-BG-7R', 'JUAN GABRIEL ARREOLA RUBIO', 'TRAILER', '1017630', 'archivos/DESA/2025/10/1017630CCM080101IL8', '', 'archivos/DESA/2025/08/8762AERR770225RC0', 'archivos/DESA/2025/08/EA_A420_8762_250824', '1209.600', '302.400', '7560.000', '8467.200', 'DESA', '559', 'DESA', '1240', '1', '1', '0', '0', '0', '0', '0', '0'),
(359, '0010', '2025-11-05 06:00:00', '2', '2', '22', '35', '182', NULL, '9', '24', 'A05060', '2025-08-28 06:00:00', '1', '34937', '', '17020', '8781', '17020', '34-BG-7R', 'JUAN GABRIEL ARREOLA RUBIO', 'TRAILER', '1017668', 'archivos/DESA/2025/10/1017668CCM080101IL8', '', 'archivos/DESA/2025/09/8781AERR770225RC0', 'archivos/DESA/2025/09/EA_A420_8781_250901', '1209.600', '302.400', '7560.000', '8467.200', 'DESA', '596', 'DESA', '1240', '1', '1', '0', '0', '0', '0', '0', '0'),
(360, '0011', '2025-11-05 06:00:00', '2', '2', '22', '35', '182', NULL, '9', '24', 'A05074', '2025-09-01 06:00:00', '1', '34984', '', '18510', '8809', '18510', '34-BG-7R', 'JUAN GABRIEL ARREOLA RUBIO', 'TRAILER', '1017660', 'archivos/DESA/2025/10/1017660CCM080101IL8', '', 'archivos/DESA/2025/09/8809AERR770225RC0', 'archivos/DESA/2025/09/EA_A420_8809_250904', '1209.600', '302.400', '7560.000', '8467.200', 'DESA', '682', 'DESA', '1240', '1', '1', '0', '0', '0', '0', '0', '0'),
(361, '0012', '2025-11-05 06:00:00', '2', '2', '22', '35', '182', NULL, '9', '24', 'A05094', '2025-09-07 06:00:00', '1', '35079', '', '18130', '8824', '18130', '34-BG-7R', 'JUAN GABRIEL ARREOLA RUBIO', 'TRAILER', '1017661', 'archivos/DESA/2025/10/1017661CCM080101IL8', '', 'archivos/DESA/2025/09/8824AERR770225RC0', 'archivos/DESA/2025/09/EA_A420_8824_250907', '1209.600', '302.400', '7560.000', '8467.200', 'DESA', '682', 'DESA', '1240', '1', '1', '0', '0', '0', '0', '0', '0'),
(362, '0013', '2025-11-05 06:00:00', '2', '2', '22', '35', '182', NULL, '9', '24', 'A05110', '2025-09-08 06:00:00', '1', '35118', '', '17720', '8830', '17770', '664-ER-7', 'CESAR ARIAS GARCIA', 'TRAILER', '1017633', 'archivos/DESA/2025/10/1017633CCM080101IL8', '', 'archivos/DESA/2025/09/8830AERR770225RC0', 'archivos/DESA/2025/09/EA_A420_8830_250909', '1209.600', '302.400', '7560.000', '8467.200', 'DESA', '702', 'DESA', '1240', '1', '1', '0', '0', '0', '0', '0', '0'),
(363, '0014', '2025-11-05 06:00:00', '2', '2', '22', '35', '182', NULL, '9', '24', 'A05119', '2025-09-09 06:00:00', '1', '35139', '', '13830', '8831', '13830', NULL, NULL, NULL, '1017636', 'archivos/DESA/2025/10/1017636CCM080101IL8', '', 'archivos/DESA/2025/09/8831AERR770225RC0', 'archivos/DESA/2025/09/EA_A420_8831_250909', '1209.600', '302.400', '7560.000', '8467.200', 'DESA', '702', 'DESA', '1240', '1', '1', '0', '0', '0', '0', '0', '0'),
(364, '0015', '2025-11-05 06:00:00', '2', '2', '22', '35', '182', NULL, '9', '24', 'A05223', '2025-09-12 06:00:00', '1', '35184', '', '21280', NULL, NULL, NULL, NULL, NULL, '1017666', 'archivos/DESA/2025/10/1017666CCM080101IL8', '', NULL, NULL, NULL, NULL, NULL, NULL, NULL, NULL, 'DESA', '1240', '1', '1', '0', '0', '0', '0', '0', '0'),
(365, '0016', '2025-11-05 06:00:00', '2', '2', '22', '35', '182', NULL, '9', '24', 'A05183', '2025-09-17 06:00:00', '1', '35201', '', '18100', '8861', '18100', '664-ER-7', 'JUAN GABRIEL ARREOLA RUBIO', 'TRAILER', '1017595', 'archivos/DESA/2025/10/1017595CCM080101IL8', '', 'archivos/DESA/2025/09/8861AERR770225RC0', 'archivos/DESA/2025/09/EA_A420_8861_250918', '1209.600', '302.400', '7560.000', '8467.200', 'DESA', '738', 'DESA', '1240', '1', '1', '0', '0', '0', '0', '0', '0'),
(366, '0017', '2025-11-05 06:00:00', '2', '2', '22', '35', '182', NULL, '9', '24', 'A05184', '2025-09-17 06:00:00', '1', '35218', '', '13120', '8862', '13120', '416-AL-9', 'ALAN MARTELL BOBILLA', 'TRAILER', '1017622', 'archivos/DESA/2025/10/1017622CCM080101IL8', '', 'archivos/DESA/2025/09/8862AERR770225RC0', 'archivos/DESA/2025/09/EA_A420_8862_250918', '1209.600', '302.400', '7560.000', '8467.200', 'DESA', '738', 'DESA', '1240', '1', '1', '0', '0', '0', '0', '0', '0'),
(367, '0018', '2025-11-05 06:00:00', '2', '2', '22', '35', '182', NULL, '9', '24', 'A05235', '2025-09-24 06:00:00', '1', '35324', '', '17190', '8879', '17190', '34-BG-7R', 'JUAN GABRIEL ARREOLA RUBIO', 'TRAILER', '1017623', 'archivos/DESA/2025/10/1017623CCM080101IL8', '', 'archivos/DESA/2025/09/8879AERR770225RC0', 'archivos/DESA/2025/09/EA_A420_8879_250924', '1209.600', '302.400', '7560.000', '8467.200', 'DESA', '879', 'DESA', '1240', '1', '1', '0', '0', '0', '0', '0', '0');
INSERT INTO `recoleccion` (`id_recol`, `folio`, `fecha_r`, `zona`, `id_prov`, `id_direc_prov`, `id_transp`, `pre_flete`, `id_prd_rec`, `id_cli`, `id_direc_cli`, `factura_v`, `fecha_v`, `factus_v_corr`, `remision`, `remixtac`, `peso_prov`, `factura_fle`, `peso_fle`, `placas_fle`, `nom_fle`, `tipo_fle`, `factura_pro`, `doc_pro`, `d_f_p`, `doc_fle`, `d_f_f`, `im_tras_inv`, `im_rete_inv`, `sub_tot_inv`, `total_inv`, `alias_inv_fle`, `folio_inv_fle`, `alias_inv_pro`, `folio_inv_pro`, `id_user`, `status`, `acciones`, `ex`, `FacCexis`, `CRcomexis`, `FacFexis`, `CRfleexis`) VALUES
(368, '0019', '2025-11-05 06:00:00', '2', '2', '22', '35', '182', NULL, '9', '24', 'A05275', '2025-09-26 06:00:00', '1', '35357', '', '18130', '8884', '18130', '34-BG-7R', 'JUAN GABRIEL ARREOLA RUBIO', 'TRAILER', '1017624', 'archivos/DESA/2025/10/1017624CCM080101IL8', '', 'archivos/DESA/2025/09/8884AERR770225RC0', 'archivos/DESA/2025/09/EA_A420_8884_250926', '1209.600', '302.400', '7560.000', '8467.200', 'DESA', '879', 'DESA', '1240', '1', '1', '0', '0', '0', '0', '0', '0'),
(369, '0020', '2025-11-05 06:00:00', '2', '2', '22', '35', '182', NULL, '9', '24', 'A05294', '2025-10-01 06:00:00', '1', '35415', '', '18330', '8902', '18330', '664-ER-7', 'CESAR ARIAS GARCIA', 'TRAILER', '1017664', 'archivos/DESA/2025/10/1017664CCM080101IL8', '', 'archivos/DESA/2025/10/8902AERR770225RC0', 'archivos/DESA/2025/10/EA_A420_8902_251001', '1209.600', '302.400', '7560.000', '8467.200', 'DESA', '936', 'DESA', '1240', '1', '1', '0', '0', '0', '0', '0', '0'),
(370, '0021', '2025-11-05 06:00:00', '2', '2', '22', '35', '182', NULL, '9', '24', 'A05317', '2025-10-02 06:00:00', '1', '35456', '', '18390', '8907', '18390', '34-BG-7R', 'JUAN GABRIEL ARREOLA RUBIO', 'TRAILER', '1017642', 'archivos/DESA/2025/10/1017642CCM080101IL8', '', 'archivos/DESA/2025/10/8907AERR770225RC0', 'archivos/DESA/2025/10/EA_A420_8907_251002', '1209.600', '302.400', '7560.000', '8467.200', 'DESA', '936', 'DESA', '1240', '1', '1', '0', '0', '0', '0', '0', '0'),
(371, '0022', '2025-11-05 06:00:00', '2', '2', '22', '35', '182', NULL, '9', '24', 'A05348', '2025-10-06 06:00:00', '1', '35521', '', '17850', '8919', '17850', '664-ER-7', 'CESAR ARIAS GARCIA', 'TRAILER', '1017625', 'archivos/DESA/2025/10/1017625CCM080101IL8', '', 'archivos/DESA/2025/10/8919AERR770225RC0', 'archivos/DESA/2025/10/EA_A420_8919_251006', '1209.600', '302.400', '7560.000', '8467.200', 'DESA', '936', 'DESA', '1240', '1', '1', '0', '0', '0', '0', '0', '0'),
(372, '0023', '2025-11-05 06:00:00', '2', '2', '22', '35', '182', NULL, '9', '24', 'A05357', '2025-10-08 06:00:00', '1', '35553', '', '17770', '8929', '17770', '664-ER-7', 'CESAR ARIAS GARCIA', 'TRAILER', '1017670', 'archivos/DESA/2025/10/1017670CCM080101IL8', '', 'archivos/DESA/2025/10/8929AERR770225RC0', 'archivos/DESA/2025/10/EA_A420_8929_251008', '1209.600', '302.400', '7560.000', '8467.200', 'DESA', '1081', 'DESA', '1240', '1', '1', '0', '0', '0', '0', '0', '0'),
(373, '0024', '2025-11-05 06:00:00', '2', '2', '22', '35', '182', NULL, '9', '24', 'A05391', '2025-10-14 06:00:00', '1', '35640', '', '17490', '8948', '17490', '664-ER-7', 'CESAR ARIAS GARCIA', 'TRAILER', '1017626', 'archivos/DESA/2025/10/1017626CCM080101IL8', '', 'archivos/DESA/2025/10/8948AERR770225RC0', 'archivos/DESA/2025/10/EA_A420_8948_251014', '1209.600', '302.400', '7560.000', '8467.200', 'DESA', '1065', 'DESA', '1240', '1', '1', '0', '0', '0', '0', '0', '0'),
(374, '0025', '2025-11-05 06:00:00', '2', '2', '22', '35', '182', NULL, '9', '24', 'A05417', '2025-10-16 06:00:00', '1', '35669', '', '18670', '8956', '18670', '664-ER-7', 'CESAR ARIAS GARCIA', 'TRAILER', '1017627', 'archivos/DESA/2025/10/1017627CCM080101IL8', '', 'archivos/DESA/2025/10/8956AERR770225RC0', 'archivos/DESA/2025/10/EA_A420_8956_251017', '1209.600', '302.400', '7560.000', '8467.200', 'DESA', '1065', 'DESA', '1240', '1', '1', '0', '0', '0', '0', '0', '0'),
(375, '0026', '2025-11-05 06:00:00', '2', '2', '22', '35', '182', NULL, '9', '24', 'A05418', '2025-10-17 06:00:00', '1', '35691', '', '18370', '8960', '18370', '664-ER-7', 'CESAR ARIAS GARCIA', 'TRAILER', '1017646', 'archivos/DESA/2025/10/1017646CCM080101IL8', '', 'archivos/DESA/2025/10/8960AERR770225RC0', 'archivos/DESA/2025/10/EA_A420_8960_251017', '1209.600', '302.400', '7560.000', '8467.200', 'DESA', '1086', 'DESA', '1240', '1', '1', '0', '0', '0', '0', '0', '0'),
(376, '0001', '2025-11-07 06:00:00', '1', '1', '5', '31', '144', NULL, '2', '13', 'A32591', '2025-10-31 06:00:00', '1', '7538M21012', '', '24590', NULL, NULL, NULL, NULL, NULL, NULL, NULL, NULL, NULL, NULL, NULL, NULL, NULL, NULL, NULL, NULL, NULL, NULL, '5', '1', '0', '0', '0', '0', '0', '0'),
(377, '0002', '2025-11-07 06:00:00', '1', '1', '11', '4', '134', NULL, '2', '13', 'A32592', '2025-10-31 06:00:00', '1', '7727M114776', '', '21570', NULL, NULL, NULL, NULL, NULL, '232242', 'archivos/LAISA/2025/10/232242IPH140130GE7', 'archivos/LAISA/2025/10/EA_I107_232242_251031', NULL, NULL, NULL, NULL, NULL, NULL, NULL, NULL, 'LAISA', '18422', '5', '1', '0', '0', '0', '0', '0', '0');

-- --------------------------------------------------------

--
-- Estructura de tabla para la tabla `transportes`
--

CREATE TABLE `transportes` (
  `id_transp` int NOT NULL,
  `placas` varchar(255) DEFAULT NULL,
  `razon_so` varchar(255) DEFAULT NULL,
  `linea` varchar(255) DEFAULT NULL,
  `tipo` varchar(255) DEFAULT NULL,
  `chofer` varchar(255) DEFAULT NULL,
  `placas_caja` varchar(255) DEFAULT NULL,
  `correo` varchar(255) DEFAULT NULL,
  `fecha` timestamp NOT NULL DEFAULT CURRENT_TIMESTAMP,
  `id_user` varchar(255) DEFAULT NULL,
  `status` varchar(255) DEFAULT NULL,
  `zona` varchar(255) DEFAULT NULL
) ENGINE=MyISAM DEFAULT CHARSET=utf8mb4 COLLATE=utf8mb4_0900_ai_ci;

--
-- Volcado de datos para la tabla `transportes`
--

INSERT INTO `transportes` (`id_transp`, `placas`, `razon_so`, `linea`, `tipo`, `chofer`, `placas_caja`, `correo`, `fecha`, `id_user`, `status`, `zona`) VALUES
(1, '123ABC', NULL, 'PROPIA', 'TRAILER', 'N/S', '456DEF', NULL, '2025-07-29 00:04:03', '1', '0', '1'),
(2, '1256AA', NULL, 'PROPIA', 'TORTON', 'N/S', '', NULL, '2025-08-14 18:53:07', '1', '0', '1'),
(3, 'N/A', 'N/A', 'N/A', 'TRAILER', 'N/A', '', 'ssilva@dexalapa.com.mx', '2025-08-18 21:41:37', '1', '1', '1'),
(4, 'A-420', 'ARREOLA RUBIO RIGOBERTO', 'PROPIA', 'TRAILER', '', '', 'trans.spf@rarreolar.com.mx', '2025-08-20 18:18:14', '1', '1', '1'),
(5, 'S-408', 'SALAZAR GONZALEZ ALFONSO', 'PROPIA', 'TRAILER', '', '', 'alfonso-negro1@outlook.com', '2025-08-20 18:34:26', '1', '1', '1'),
(6, 'M-454', 'MORALES MUNOZ MARIANA', 'PROPIA', 'TRAILER', '', '', 'e.guzman@momm.com.mx', '2025-08-20 18:34:26', '1', '1', '1'),
(7, 'M-446', 'MUNGUIA VASQUEZ MARIA DEL CARMEN', 'PROPIA', 'TRAILER', '', '', 'ssilva@dexalapa.com.mx', '2025-08-20 18:34:26', '1', '1', '1'),
(8, 'T-232', 'TRANSPOMARE SA DE CV', 'PROPIA', 'TRAILER', '', '', 'ssilva@dexalapa.com.mx', '2025-08-20 18:34:26', '1', '1', '1'),
(9, 'T-229', 'TRANSPORTES VIGNOLA SA DE CV', 'PROPIA', 'TRAILER', '', '', 'ssilva@dexalapa.com.mx', '2025-08-20 18:34:26', '1', '1', '1'),
(10, 'T-230', 'TEMM TRUCK SA DE CV', 'PROPIA', 'TRAILER', '', '', 'esthefania.martinez@temm.com.mx', '2025-08-20 18:34:26', '1', '1', '1'),
(11, 'T-235', 'TRANSPORTE Y LOGISTICA BUZMYR DE MEXICO SA DE CV', 'PROPIA', 'TRAILER', '', '', 'ssilva@dexalapa.com.mx', '2025-08-20 18:34:26', '1', '1', '1'),
(12, 'T-236', 'TRANSPORTES BENDOL SA DE CV', 'PROPIA', 'TRAILER', '', '', 'ssilva@dexalapa.com.mx', '2025-08-20 18:34:26', '1', '1', '1'),
(13, 'T-233', 'TRANSPORCART SA DE CV', 'PROPIA', 'TRAILER', '', '', 'ssilva@dexalapa.com.mx', '2025-08-20 18:34:26', '1', '1', '1'),
(14, 'T-234', 'TRANSPORTADORA LOGISTICA DE COACALCO SA DE CV', 'PROPIA', 'TRAILER', '', '', 'ssilva@dexalapa.com.mx', '2025-08-20 18:34:26', '1', '1', '1'),
(15, 'S-421', 'SERVICIOS INTEGRALES DE LOGISTICA NURIB SA DE CV', 'PROPIA', 'TRAILER', '', '', 'cuentasporcobrar@nurib.com.mx', '2025-08-20 18:34:26', '1', '1', '1'),
(16, 'S-422', 'SOLUCIONES EN TRANSPORTE ROMA SA DE CV', 'PROPIA', 'TRAILER', '', '', 'operaciones1@romalogistics.com.mx', '2025-08-20 18:34:26', '1', '1', '1'),
(17, 'T-040', 'TRANSPORTES ALIANO SA DE CV', 'PROPIA', 'TRAILER', '', '', 'ssilva@dexalapa.com.mx', '2025-08-20 18:34:26', '1', '1', '1'),
(18, 'T-239', 'TRANSPORTES PIGASA SA DE CV', 'PROPIA', 'TRAILER', '', '', 'ssilva@dexalapa.com.mx', '2025-08-20 18:34:26', '1', '1', '1'),
(19, 'T-240', 'TRANSPORTES RAMIREZ MARQUEZ SA DE CV', 'PROPIA', 'TRAILER', '', '', 'ssilva@dexalapa.com.mx', '2025-08-20 18:34:26', '1', '1', '1'),
(20, 'T-237', 'TRANSPORTES MARQUEZ DE TEPOTZOTLAN SA DE CV', 'PROPIA', 'TRAILER', '', '', 'facturaciontmt19@gmail.com', '2025-08-20 18:34:26', '1', '1', '1'),
(21, 'S-407', 'SALAZAR ESCOBAR JULIO CESAR', 'PROPIA', 'TRAILER', '', '', 'berthacolin@transportes-salazar1.com', '2025-08-20 18:34:26', '1', '1', '1'),
(22, 'S-409', 'SANCHEZ SANCHEZ JUANA', 'PROPIA', 'TRAILER', '', '', 'transportes_alhas@hotmail.com', '2025-08-20 18:34:26', '1', '1', '1'),
(23, 'C-600', 'COLOSOS TRANSPORTES SA DE CV', 'PROPIA', 'TRAILER', '', '', 'conta.colosos1@hotmail.com', '2025-08-20 18:34:26', '1', '1', '1'),
(24, 'C-598', 'CHAIRES BARRIENTOS OSCAR', 'PROPIA', 'TRAILER', '', '', 'oscarchaires1698@gmail.com', '2025-08-20 18:34:26', '1', '1', '1'),
(25, 'A-424', 'AUTOTRANSPORTES NEW PICK SA DE CV', 'PROPIA', 'TRAILER', '', '', 'finanzas1@dexalapa.com.mx', '2025-08-20 18:34:26', '1', '0', '1'),
(26, 'A-434', 'AUTOTRANSPORTES DEL REAL SA DE CV', 'PROPIA', 'TRAILER', '', '', 'finanzas1@dexalapa.com.mx', '2025-08-20 18:34:26', '1', '0', '1'),
(27, 'H-165', 'HERNANDEZ GARRIDO MANUEL MARCELINO', 'PROPIA', 'TRAILER', '', '', 'hjfacturacion@gmail.com', '2025-08-20 18:34:26', '1', '1', '1'),
(28, 'D-227', 'DAVILA PALOMINO RAUL', 'PROPIA', 'TRAILER', '', '', 'transportesdavila@prodigy.net.mx', '2025-08-20 18:34:26', '1', '1', '1'),
(29, 'B-186', 'BASALDUA ORTEGA ELOY', 'PROPIA', 'TRAILER', 'N/S', 'N/S', 'eloybasalduaortega@hotmail.com', '2025-08-21 17:42:16', '1', '1', '1'),
(30, 'G-481', 'JACOBO GONZALES FRAGOSO', 'PROPIA', 'TRAILER', 'N/S', 'N/S', 'Jacobo_gof@hotmail.com', '2025-09-03 22:58:12', '1', '1', '1'),
(31, 'E-246', 'ENLACES TERRESTRES RAFAGA SA DE CV', 'PROPIA', 'TRAILER', 'N/S', 'N/S', 'contacto@rafaga.mx', '2025-09-03 22:58:36', '1', '1', '1'),
(32, 'S-425', 'SERVICIO TERRESTRE NACIONAL', 'PROPIA', 'TRAILER', 'N/S', 'N/S', 'hdavila.stn2022@gmail.com', '2025-09-03 22:58:51', '1', '1', '1'),
(33, 'A-327', 'AUTOTRANSPORTES DEL REAL', 'PROPIA', 'TRAILER', 'N/S', 'N/S', 'atr.juarez@autodelreal.com', '2025-09-23 22:48:43', '1', '1', '1'),
(34, 'N/A', 'N/A', 'N/A', 'TRAILER', 'N/S', 'N/S', 'ssilva@dexalapa.com.mx', '2025-10-30 19:16:41', '1', '1', '2'),
(35, 'A-420', 'ARREOLA RUBIO RIGOBERTO', 'PROPIA', 'TRAILER', 'N/S', 'N/S', 'trans.spf@rarreolar.com.mx', '2025-11-05 22:23:53', '1', '1', '2'),
(36, 'T-237', 'TRANSPORTES MARQUEZ DE TEPOTZOTLAN SA DE CV', 'PROPIA', 'TRAILER', 'N/S', 'N/S', 'facturaciontmt19@gmail.com', '2025-11-06 15:56:59', '1', '1', '2'),
(37, 'T-230', 'TEMM TRUCK SA DE CV', 'PROPIA', 'TRAILER', 'N/S', 'N/S', 'esthefania.martinez@temm.com.mx', '2025-11-06 15:58:07', '1', '1', '2'),
(38, 'S-408', 'SALAZAR GONZALEZ ALFONSO', 'PROPIA', 'TRAILER', 'N/S', 'N/S', 'alfonso-negro1@outlook.com', '2025-11-06 15:58:41', '1', '1', '2'),
(39, 'P-382', 'PACHECO LOPEZ GRACIELA', 'PROPIA', 'CAMIONETA 3 1/2', 'N/S', 'N/S', '', '2025-11-06 15:59:48', '1', '1', '2'),
(40, 'R-356', 'REFRIGERADOS MOYA S DE RL DE CV', 'PROPIA', 'TRAILER', 'N/S', 'N/S', '', '2025-11-06 16:00:15', '1', '1', '2'),
(41, 'M-454', 'MORALES MUNOZ MARIANA', 'PROPIA', 'TRAILER', 'N/S', 'N/S', 'e.guzman@momm.com.mx', '2025-11-06 16:01:31', '1', '1', '2'),
(42, 'S-421', 'SERVICIOS INTEGRALES DE LOGISTICA NURIB SA DE CV', 'PROPIA', 'TRAILER', 'N/S', 'N/S', 'cuentasporcobrar@nurib.com.mx', '2025-11-06 16:02:23', '1', '1', '2'),
(43, 'S-422', 'SOLUCIONES EN TRANSPORTE ROMA SA DE CV', 'PROPIA', 'TRAILER', 'N/S', 'N/S', 'operaciones1@romalogistics.com.mx', '2025-11-06 16:03:00', '1', '1', '2'),
(44, 'C-598', 'CHAIRES BARRIENTOS OSCAR', 'PROPIA', 'TRAILER', 'N/S', 'N/S', 'oscarchaires1698@gmail.com', '2025-11-06 16:03:34', '1', '1', '2'),
(45, 'A-422', 'ASTPSA ASOCIACION DE SEMILLAS Y TRANSPORTES DEL PACIFICO SA DE CV', 'PROPIA', 'TRAILER', 'N/S', 'N/S', '', '2025-11-06 16:04:46', '1', '1', '2'),
(46, 'B-186', 'BASALDUA ORTEGA ELOY', 'PROPIA', 'TRAILER', 'N/S', 'N/S', 'eloybasalduaortega@hotmail.com', '2025-11-06 16:05:44', '1', '1', '2'),
(47, 'H-165', 'HERNANDEZ GARRIDO MANUEL MARCELINO', 'PROPIA', 'TRAILER', 'N/S', 'N/S', 'hjfacturacion@gmail.com', '2025-11-06 16:06:22', '1', '1', '2'),
(48, 'E-246', 'ENLACES TERRESTRES RAFAGA SA DE CV', 'PROPIA', 'TRAILER', 'N/S', 'N/S', 'contacto@rafaga.mx', '2025-11-06 16:06:55', '1', '1', '2');

-- --------------------------------------------------------

--
-- Estructura de tabla para la tabla `user_activity_logs`
--

CREATE TABLE `user_activity_logs` (
  `id` int NOT NULL,
  `user_id` int DEFAULT NULL,
  `username` varchar(100) DEFAULT NULL,
  `action` varchar(255) DEFAULT NULL,
  `description` text,
  `ip_address` varchar(45) DEFAULT NULL,
  `user_agent` text,
  `created_at` timestamp NULL DEFAULT CURRENT_TIMESTAMP
) ENGINE=InnoDB DEFAULT CHARSET=utf8mb4 COLLATE=utf8mb4_0900_ai_ci;

--
-- Volcado de datos para la tabla `user_activity_logs`
--

INSERT INTO `user_activity_logs` (`id`, `user_id`, `username`, `action`, `description`, `ip_address`, `user_agent`, `created_at`) VALUES
(1320, 3, 'MASTER', 'LOGIN', 'Inicio de sesión exitoso', '187.190.154.120', 'Mozilla/5.0 (Windows NT 10.0; Win64; x64) AppleWebKit/537.36 (KHTML, like Gecko) Chrome/141.0.0.0 Safari/537.36', '2025-11-03 02:26:36'),
(1321, 1, 'ADMIN', 'LOGIN', 'Inicio de sesión exitoso', '186.96.54.230', 'Mozilla/5.0 (Windows NT 10.0; Win64; x64) AppleWebKit/537.36 (KHTML, like Gecko) Chrome/142.0.0.0 Safari/537.36', '2025-11-03 15:30:02'),
(1322, 1, 'ADMIN', 'INV', ' Se buscaron facturas en invoice ', '186.96.54.230', 'Mozilla/5.0 (Windows NT 10.0; Win64; x64) AppleWebKit/537.36 (KHTML, like Gecko) Chrome/142.0.0.0 Safari/537.36', '2025-11-03 15:30:35'),
(1323, 1, 'ADMIN', 'INV', ' Se buscaron contra recibos en invoice ', '186.96.54.230', 'Mozilla/5.0 (Windows NT 10.0; Win64; x64) AppleWebKit/537.36 (KHTML, like Gecko) Chrome/142.0.0.0 Safari/537.36', '2025-11-03 15:31:19'),
(1324, 1, 'ADMIN', 'EXCEL', 'Descargo el EXCEL de recolecciones', '186.96.54.230', 'Mozilla/5.0 (Windows NT 10.0; Win64; x64) AppleWebKit/537.36 (KHTML, like Gecko) Chrome/142.0.0.0 Safari/537.36', '2025-11-03 15:46:19'),
(1325, 1, 'ADMIN', 'REC', 'Actualizo los datos del fletero en la recolección 349', '186.96.54.230', 'Mozilla/5.0 (Windows NT 10.0; Win64; x64) AppleWebKit/537.36 (KHTML, like Gecko) Chrome/142.0.0.0 Safari/537.36', '2025-11-03 16:06:32'),
(1326, 1, 'ADMIN', 'REC', 'Actualizo los datos del fletero en la recolección 347', '186.96.54.230', 'Mozilla/5.0 (Windows NT 10.0; Win64; x64) AppleWebKit/537.36 (KHTML, like Gecko) Chrome/142.0.0.0 Safari/537.36', '2025-11-03 16:06:58'),
(1327, 1, 'ADMIN', 'REC', 'Actualizo los datos del fletero en la recolección 346', '186.96.54.230', 'Mozilla/5.0 (Windows NT 10.0; Win64; x64) AppleWebKit/537.36 (KHTML, like Gecko) Chrome/142.0.0.0 Safari/537.36', '2025-11-03 16:07:32'),
(1328, 1, 'ADMIN', 'REC', 'Actualizo los datos del fletero en la recolección 337', '186.96.54.230', 'Mozilla/5.0 (Windows NT 10.0; Win64; x64) AppleWebKit/537.36 (KHTML, like Gecko) Chrome/142.0.0.0 Safari/537.36', '2025-11-03 16:07:56'),
(1329, 1, 'ADMIN', 'REC', 'Actualizo los datos del fletero en la recolección 266', '186.96.54.230', 'Mozilla/5.0 (Windows NT 10.0; Win64; x64) AppleWebKit/537.36 (KHTML, like Gecko) Chrome/142.0.0.0 Safari/537.36', '2025-11-03 16:08:21'),
(1330, 1, 'ADMIN', 'REC', 'Actualizo los datos del fletero en la recolección 230', '186.96.54.230', 'Mozilla/5.0 (Windows NT 10.0; Win64; x64) AppleWebKit/537.36 (KHTML, like Gecko) Chrome/142.0.0.0 Safari/537.36', '2025-11-03 16:08:51'),
(1331, 1, 'ADMIN', 'REC', 'Actualizo los datos del fletero en la recolección 43', '186.96.54.230', 'Mozilla/5.0 (Windows NT 10.0; Win64; x64) AppleWebKit/537.36 (KHTML, like Gecko) Chrome/142.0.0.0 Safari/537.36', '2025-11-03 16:09:17'),
(1332, 1, 'ADMIN', 'INV', ' Se buscaron facturas en invoice ', '186.96.54.230', 'Mozilla/5.0 (Windows NT 10.0; Win64; x64) AppleWebKit/537.36 (KHTML, like Gecko) Chrome/142.0.0.0 Safari/537.36', '2025-11-03 16:09:40'),
(1333, 1, 'ADMIN', 'INV', ' Se buscaron contra recibos en invoice ', '186.96.54.230', 'Mozilla/5.0 (Windows NT 10.0; Win64; x64) AppleWebKit/537.36 (KHTML, like Gecko) Chrome/142.0.0.0 Safari/537.36', '2025-11-03 16:10:11'),
(1334, 1, 'ADMIN', 'INV', ' Se buscaron facturas en invoice ', '186.96.54.230', 'Mozilla/5.0 (Windows NT 10.0; Win64; x64) AppleWebKit/537.36 (KHTML, like Gecko) Chrome/142.0.0.0 Safari/537.36', '2025-11-03 16:27:27'),
(1335, 1, 'ADMIN', 'INV', ' Se buscaron facturas en invoice ', '186.96.54.230', 'Mozilla/5.0 (Windows NT 10.0; Win64; x64) AppleWebKit/537.36 (KHTML, like Gecko) Chrome/142.0.0.0 Safari/537.36', '2025-11-03 16:28:19'),
(1336, 1, 'ADMIN', 'INV', ' Se buscaron contra recibos en invoice ', '186.96.54.230', 'Mozilla/5.0 (Windows NT 10.0; Win64; x64) AppleWebKit/537.36 (KHTML, like Gecko) Chrome/142.0.0.0 Safari/537.36', '2025-11-03 16:28:58'),
(1337, 1, 'ADMIN', 'REC', 'Actualizó las remisiones y el peso de la recolección 312', '186.96.54.230', 'Mozilla/5.0 (Windows NT 10.0; Win64; x64) AppleWebKit/537.36 (KHTML, like Gecko) Chrome/142.0.0.0 Safari/537.36', '2025-11-03 17:06:48'),
(1338, 1, 'ADMIN', 'REC', 'Actualizó las remisiones y el peso de la recolección 252', '186.96.54.230', 'Mozilla/5.0 (Windows NT 10.0; Win64; x64) AppleWebKit/537.36 (KHTML, like Gecko) Chrome/142.0.0.0 Safari/537.36', '2025-11-03 17:24:26'),
(1339, 1, 'ADMIN', 'REC', 'Actualizó las remisiones y el peso de la recolección 248', '186.96.54.230', 'Mozilla/5.0 (Windows NT 10.0; Win64; x64) AppleWebKit/537.36 (KHTML, like Gecko) Chrome/142.0.0.0 Safari/537.36', '2025-11-03 17:25:35'),
(1340, 1, 'ADMIN', 'REC', 'Actualizó las remisiones y el peso de la recolección 245', '186.96.54.230', 'Mozilla/5.0 (Windows NT 10.0; Win64; x64) AppleWebKit/537.36 (KHTML, like Gecko) Chrome/142.0.0.0 Safari/537.36', '2025-11-03 17:30:10'),
(1341, 1, 'ADMIN', 'REC', 'Actualizó las remisiones y el peso de la recolección 229', '186.96.54.230', 'Mozilla/5.0 (Windows NT 10.0; Win64; x64) AppleWebKit/537.36 (KHTML, like Gecko) Chrome/142.0.0.0 Safari/537.36', '2025-11-03 17:33:57'),
(1342, 1, 'ADMIN', 'REC', 'Actualizó las remisiones y el peso de la recolección 229', '186.96.54.230', 'Mozilla/5.0 (Windows NT 10.0; Win64; x64) AppleWebKit/537.36 (KHTML, like Gecko) Chrome/142.0.0.0 Safari/537.36', '2025-11-03 17:34:08'),
(1343, 1, 'ADMIN', 'REC', 'Actualizó las remisiones y el peso de la recolección 64', '186.96.54.230', 'Mozilla/5.0 (Windows NT 10.0; Win64; x64) AppleWebKit/537.36 (KHTML, like Gecko) Chrome/142.0.0.0 Safari/537.36', '2025-11-03 17:44:39'),
(1344, 1, 'ADMIN', 'INV', ' Se buscaron facturas en invoice ', '186.96.54.230', 'Mozilla/5.0 (Windows NT 10.0; Win64; x64) AppleWebKit/537.36 (KHTML, like Gecko) Chrome/142.0.0.0 Safari/537.36', '2025-11-03 17:47:30'),
(1345, 1, 'ADMIN', 'INV', ' Se buscaron facturas en invoice ', '186.96.54.230', 'Mozilla/5.0 (Windows NT 10.0; Win64; x64) AppleWebKit/537.36 (KHTML, like Gecko) Chrome/142.0.0.0 Safari/537.36', '2025-11-03 17:48:03'),
(1346, 1, 'ADMIN', 'INV', ' Se buscaron contra recibos en invoice ', '186.96.54.230', 'Mozilla/5.0 (Windows NT 10.0; Win64; x64) AppleWebKit/537.36 (KHTML, like Gecko) Chrome/142.0.0.0 Safari/537.36', '2025-11-03 17:48:48'),
(1347, 1, 'ADMIN', 'REC', 'Actualizó las remisiones y el peso de la recolección 43', '186.96.54.230', 'Mozilla/5.0 (Windows NT 10.0; Win64; x64) AppleWebKit/537.36 (KHTML, like Gecko) Chrome/142.0.0.0 Safari/537.36', '2025-11-03 18:46:21'),
(1348, 1, 'ADMIN', 'INV', ' Se buscaron facturas en invoice ', '186.96.54.230', 'Mozilla/5.0 (Windows NT 10.0; Win64; x64) AppleWebKit/537.36 (KHTML, like Gecko) Chrome/142.0.0.0 Safari/537.36', '2025-11-03 18:46:35'),
(1349, 1, 'ADMIN', 'INV', ' Se buscaron facturas en invoice ', '186.96.54.230', 'Mozilla/5.0 (Windows NT 10.0; Win64; x64) AppleWebKit/537.36 (KHTML, like Gecko) Chrome/142.0.0.0 Safari/537.36', '2025-11-03 18:46:52'),
(1350, 1, 'ADMIN', 'INV', ' Se buscaron contra recibos en invoice ', '186.96.54.230', 'Mozilla/5.0 (Windows NT 10.0; Win64; x64) AppleWebKit/537.36 (KHTML, like Gecko) Chrome/142.0.0.0 Safari/537.36', '2025-11-03 18:47:11'),
(1351, 1, 'ADMIN', 'INV', ' Se buscaron contra recibos en invoice ', '186.96.54.230', 'Mozilla/5.0 (Windows NT 10.0; Win64; x64) AppleWebKit/537.36 (KHTML, like Gecko) Chrome/142.0.0.0 Safari/537.36', '2025-11-03 18:47:26'),
(1352, 1, 'ADMIN', 'REC', 'Actualizó las remisiones y el peso de la recolección 43', '186.96.54.230', 'Mozilla/5.0 (Windows NT 10.0; Win64; x64) AppleWebKit/537.36 (KHTML, like Gecko) Chrome/142.0.0.0 Safari/537.36', '2025-11-03 18:48:01'),
(1353, 1, 'ADMIN', 'REC', 'Actualizó las remisiones y el peso de la recolección 43', '186.96.54.230', 'Mozilla/5.0 (Windows NT 10.0; Win64; x64) AppleWebKit/537.36 (KHTML, like Gecko) Chrome/142.0.0.0 Safari/537.36', '2025-11-03 19:04:00'),
(1354, 1, 'ADMIN', 'INV', ' Se buscaron facturas en invoice ', '186.96.54.230', 'Mozilla/5.0 (Windows NT 10.0; Win64; x64) AppleWebKit/537.36 (KHTML, like Gecko) Chrome/142.0.0.0 Safari/537.36', '2025-11-03 19:44:00'),
(1355, 1, 'ADMIN', 'INV', ' Se buscaron facturas en invoice ', '186.96.54.230', 'Mozilla/5.0 (Windows NT 10.0; Win64; x64) AppleWebKit/537.36 (KHTML, like Gecko) Chrome/142.0.0.0 Safari/537.36', '2025-11-03 19:44:26'),
(1356, 1, 'ADMIN', 'INV', ' Se buscaron contra recibos en invoice ', '186.96.54.230', 'Mozilla/5.0 (Windows NT 10.0; Win64; x64) AppleWebKit/537.36 (KHTML, like Gecko) Chrome/142.0.0.0 Safari/537.36', '2025-11-03 19:45:57'),
(1357, 1, 'ADMIN', 'INV', ' Se buscaron contra recibos en invoice ', '186.96.54.230', 'Mozilla/5.0 (Windows NT 10.0; Win64; x64) AppleWebKit/537.36 (KHTML, like Gecko) Chrome/142.0.0.0 Safari/537.36', '2025-11-03 19:46:07'),
(1358, 1, 'ADMIN', 'LOGIN', 'Inicio de sesión exitoso', '186.96.54.230', 'Mozilla/5.0 (Windows NT 10.0; Win64; x64) AppleWebKit/537.36 (KHTML, like Gecko) Chrome/142.0.0.0 Safari/537.36', '2025-11-03 22:05:41'),
(1359, 1, 'ADMIN', 'INV', ' Se buscaron facturas en invoice ', '186.96.54.230', 'Mozilla/5.0 (Windows NT 10.0; Win64; x64) AppleWebKit/537.36 (KHTML, like Gecko) Chrome/142.0.0.0 Safari/537.36', '2025-11-03 22:11:38'),
(1360, 1, 'ADMIN', 'INV', ' Se buscaron facturas en invoice ', '186.96.54.230', 'Mozilla/5.0 (Windows NT 10.0; Win64; x64) AppleWebKit/537.36 (KHTML, like Gecko) Chrome/142.0.0.0 Safari/537.36', '2025-11-03 22:12:01'),
(1361, 1, 'ADMIN', 'INV', ' Se buscaron contra recibos en invoice ', '186.96.54.230', 'Mozilla/5.0 (Windows NT 10.0; Win64; x64) AppleWebKit/537.36 (KHTML, like Gecko) Chrome/142.0.0.0 Safari/537.36', '2025-11-03 22:12:29'),
(1362, 1, 'ADMIN', 'LOGIN', 'Inicio de sesión exitoso', '186.96.54.230', 'Mozilla/5.0 (Windows NT 10.0; Win64; x64) AppleWebKit/537.36 (KHTML, like Gecko) Chrome/142.0.0.0 Safari/537.36', '2025-11-03 23:33:29'),
(1363, 1, 'ADMIN', 'LOGIN', 'Inicio de sesión exitoso', '186.96.54.230', 'Mozilla/5.0 (Windows NT 10.0; Win64; x64) AppleWebKit/537.36 (KHTML, like Gecko) Chrome/142.0.0.0 Safari/537.36', '2025-11-04 15:44:42'),
(1364, 1, 'ADMIN', 'INV', ' Se buscaron facturas en invoice ', '186.96.54.230', 'Mozilla/5.0 (Windows NT 10.0; Win64; x64) AppleWebKit/537.36 (KHTML, like Gecko) Chrome/142.0.0.0 Safari/537.36', '2025-11-04 15:48:45'),
(1365, 1, 'ADMIN', 'INV', ' Se buscaron facturas en invoice ', '186.96.54.230', 'Mozilla/5.0 (Windows NT 10.0; Win64; x64) AppleWebKit/537.36 (KHTML, like Gecko) Chrome/142.0.0.0 Safari/537.36', '2025-11-04 15:49:02'),
(1366, 1, 'ADMIN', 'INV', ' Se buscaron contra recibos en invoice ', '186.96.54.230', 'Mozilla/5.0 (Windows NT 10.0; Win64; x64) AppleWebKit/537.36 (KHTML, like Gecko) Chrome/142.0.0.0 Safari/537.36', '2025-11-04 15:49:28'),
(1367, 1, 'ADMIN', 'INV', ' Se buscaron facturas en invoice ', '186.96.54.230', 'Mozilla/5.0 (Windows NT 10.0; Win64; x64) AppleWebKit/537.36 (KHTML, like Gecko) Chrome/142.0.0.0 Safari/537.36', '2025-11-04 15:49:40'),
(1368, 1, 'ADMIN', 'INV', ' Se buscaron facturas en invoice ', '186.96.54.230', 'Mozilla/5.0 (Windows NT 10.0; Win64; x64) AppleWebKit/537.36 (KHTML, like Gecko) Chrome/142.0.0.0 Safari/537.36', '2025-11-04 15:49:49'),
(1369, 1, 'ADMIN', 'INV', ' Se buscaron facturas en invoice ', '186.96.54.230', 'Mozilla/5.0 (Windows NT 10.0; Win64; x64) AppleWebKit/537.36 (KHTML, like Gecko) Chrome/142.0.0.0 Safari/537.36', '2025-11-04 15:50:02'),
(1370, 1, 'ADMIN', 'INV', ' Se buscaron contra recibos en invoice ', '186.96.54.230', 'Mozilla/5.0 (Windows NT 10.0; Win64; x64) AppleWebKit/537.36 (KHTML, like Gecko) Chrome/142.0.0.0 Safari/537.36', '2025-11-04 15:50:13'),
(1371, 1, 'ADMIN', 'EDITAR', 'Actualizo el usuario 1', '186.96.54.230', 'Mozilla/5.0 (Windows NT 10.0; Win64; x64) AppleWebKit/537.36 (KHTML, like Gecko) Chrome/142.0.0.0 Safari/537.36', '2025-11-04 15:59:12'),
(1372, 1, 'ADMIN', 'LOGIN', 'Inicio de sesión exitoso', '186.96.54.230', 'Mozilla/5.0 (iPhone; CPU iPhone OS 18_5 like Mac OS X) AppleWebKit/605.1.15 (KHTML, like Gecko) Version/18.5 Mobile/15E148 Safari/604.1', '2025-11-04 17:05:55'),
(1373, 1, 'ADMIN', 'LOGOUT', 'Usuario cerró sesión', '186.96.54.230', 'Mozilla/5.0 (Windows NT 10.0; Win64; x64) AppleWebKit/537.36 (KHTML, like Gecko) Chrome/142.0.0.0 Safari/537.36', '2025-11-04 17:06:58'),
(1374, 1, 'ADMIN', 'LOGIN', 'Inicio de sesión exitoso', '186.96.54.230', 'Mozilla/5.0 (Windows NT 10.0; Win64; x64) AppleWebKit/537.36 (KHTML, like Gecko) Chrome/142.0.0.0 Safari/537.36', '2025-11-04 17:07:00'),
(1375, 1, 'ADMIN', 'LOGIN', 'Inicio de sesión exitoso', '186.96.54.230', 'Mozilla/5.0 (Windows NT 10.0; Win64; x64) AppleWebKit/537.36 (KHTML, like Gecko) Chrome/142.0.0.0 Safari/537.36', '2025-11-04 18:23:29'),
(1376, 3, 'MASTER', 'LOGIN', 'Inicio de sesión exitoso', '201.106.120.118', 'Mozilla/5.0 (Windows NT 10.0; Win64; x64) AppleWebKit/537.36 (KHTML, like Gecko) Chrome/142.0.0.0 Safari/537.36', '2025-11-04 19:27:28'),
(1377, 1, 'ADMIN', 'LOGIN', 'Inicio de sesión exitoso', '186.96.54.230', 'Mozilla/5.0 (Windows NT 10.0; Win64; x64) AppleWebKit/537.36 (KHTML, like Gecko) Chrome/142.0.0.0 Safari/537.36', '2025-11-04 20:05:22'),
(1378, 1, 'ADMIN', 'INV', ' Se buscaron facturas en invoice ', '186.96.54.230', 'Mozilla/5.0 (Windows NT 10.0; Win64; x64) AppleWebKit/537.36 (KHTML, like Gecko) Chrome/142.0.0.0 Safari/537.36', '2025-11-04 20:28:19'),
(1379, 1, 'ADMIN', 'INV', ' Se buscaron facturas en invoice ', '186.96.54.230', 'Mozilla/5.0 (Windows NT 10.0; Win64; x64) AppleWebKit/537.36 (KHTML, like Gecko) Chrome/142.0.0.0 Safari/537.36', '2025-11-04 20:28:39'),
(1380, 1, 'ADMIN', 'INV', ' Se buscaron contra recibos en invoice ', '186.96.54.230', 'Mozilla/5.0 (Windows NT 10.0; Win64; x64) AppleWebKit/537.36 (KHTML, like Gecko) Chrome/142.0.0.0 Safari/537.36', '2025-11-04 20:29:27'),
(1381, 1, 'ADMIN', 'INV', ' Se buscaron contra recibos en invoice ', '186.96.54.230', 'Mozilla/5.0 (Windows NT 10.0; Win64; x64) AppleWebKit/537.36 (KHTML, like Gecko) Chrome/142.0.0.0 Safari/537.36', '2025-11-04 20:29:33'),
(1382, 1, 'ADMIN', 'EXCEL', 'Descargo el EXCEL de recolecciones', '186.96.54.230', 'Mozilla/5.0 (Windows NT 10.0; Win64; x64) AppleWebKit/537.36 (KHTML, like Gecko) Chrome/142.0.0.0 Safari/537.36', '2025-11-04 20:30:52'),
(1383, 1, 'ADMIN', 'LOGIN', 'Inicio de sesión exitoso', '186.96.54.230', 'Mozilla/5.0 (Windows NT 10.0; Win64; x64) AppleWebKit/537.36 (KHTML, like Gecko) Chrome/142.0.0.0 Safari/537.36', '2025-11-04 22:22:49'),
(1384, 5, 'RECOLECCION2', 'LOGIN', 'Inicio de sesión exitoso', '187.190.223.31', 'Mozilla/5.0 (Windows NT 10.0; Win64; x64) AppleWebKit/537.36 (KHTML, like Gecko) Chrome/142.0.0.0 Safari/537.36 Edg/142.0.0.0', '2025-11-05 03:26:42'),
(1385, 5, 'RECOLECCION2', 'LOGOUT', 'Usuario cerró sesión', '187.190.223.31', 'Mozilla/5.0 (Windows NT 10.0; Win64; x64) AppleWebKit/537.36 (KHTML, like Gecko) Chrome/142.0.0.0 Safari/537.36 Edg/142.0.0.0', '2025-11-05 03:29:25'),
(1386, 5, 'RECOLECCION2', 'LOGIN', 'Inicio de sesión exitoso', '187.190.223.31', 'Mozilla/5.0 (Windows NT 10.0; Win64; x64) AppleWebKit/537.36 (KHTML, like Gecko) Chrome/142.0.0.0 Safari/537.36 Edg/142.0.0.0', '2025-11-05 03:29:28'),
(1387, 5, 'RECOLECCION2', 'LOGOUT', 'Usuario cerró sesión', '187.190.223.31', 'Mozilla/5.0 (Windows NT 10.0; Win64; x64) AppleWebKit/537.36 (KHTML, like Gecko) Chrome/142.0.0.0 Safari/537.36 Edg/142.0.0.0', '2025-11-05 03:33:24'),
(1388, 1, 'ADMIN', 'LOGIN', 'Inicio de sesión exitoso', '186.96.54.230', 'Mozilla/5.0 (Windows NT 10.0; Win64; x64) AppleWebKit/537.36 (KHTML, like Gecko) Chrome/142.0.0.0 Safari/537.36', '2025-11-05 15:31:46'),
(1389, 1, 'ADMIN', 'INV', ' Se buscaron facturas en invoice ', '186.96.54.230', 'Mozilla/5.0 (Windows NT 10.0; Win64; x64) AppleWebKit/537.36 (KHTML, like Gecko) Chrome/142.0.0.0 Safari/537.36', '2025-11-05 15:32:01'),
(1390, 1, 'ADMIN', 'INV', ' Se buscaron contra recibos en invoice ', '186.96.54.230', 'Mozilla/5.0 (Windows NT 10.0; Win64; x64) AppleWebKit/537.36 (KHTML, like Gecko) Chrome/142.0.0.0 Safari/537.36', '2025-11-05 15:32:46'),
(1391, 1, 'ADMIN', 'LOGIN', 'Inicio de sesión exitoso', '186.96.54.230', 'Mozilla/5.0 (Windows NT 10.0; Win64; x64) AppleWebKit/537.36 (KHTML, like Gecko) Chrome/142.0.0.0 Safari/537.36', '2025-11-05 16:05:51'),
(1392, 1, 'ADMIN', 'LOGIN', 'Inicio de sesión exitoso', '186.96.54.230', 'Mozilla/5.0 (Windows NT 10.0; Win64; x64) AppleWebKit/537.36 (KHTML, like Gecko) Chrome/142.0.0.0 Safari/537.36', '2025-11-05 16:59:57'),
(1393, 4, 'RECOLECCION1', 'SUDO_LOGIN', 'Admin ADMIN inició sesión como usuario: RECOLECCION1', '186.96.54.230', 'Mozilla/5.0 (Windows NT 10.0; Win64; x64) AppleWebKit/537.36 (KHTML, like Gecko) Chrome/142.0.0.0 Safari/537.36', '2025-11-05 17:00:19'),
(1394, 1, 'ADMIN', 'SUDO_LOGOUT', 'Admin ADMIN regresó a su sesión desde: RECOLECCION1', '186.96.54.230', 'Mozilla/5.0 (Windows NT 10.0; Win64; x64) AppleWebKit/537.36 (KHTML, like Gecko) Chrome/142.0.0.0 Safari/537.36', '2025-11-05 17:00:24'),
(1395, 1, 'ADMIN', 'EDITAR', 'Actualizo el usuario 4', '186.96.54.230', 'Mozilla/5.0 (Windows NT 10.0; Win64; x64) AppleWebKit/537.36 (KHTML, like Gecko) Chrome/142.0.0.0 Safari/537.36', '2025-11-05 17:01:08'),
(1396, 4, 'RECOLECCION1', 'SUDO_LOGIN', 'Admin ADMIN inició sesión como usuario: RECOLECCION1', '186.96.54.230', 'Mozilla/5.0 (Windows NT 10.0; Win64; x64) AppleWebKit/537.36 (KHTML, like Gecko) Chrome/142.0.0.0 Safari/537.36', '2025-11-05 17:01:11'),
(1397, 1, 'ADMIN', 'SUDO_LOGOUT', 'Admin ADMIN regresó a su sesión desde: RECOLECCION1', '186.96.54.230', 'Mozilla/5.0 (Windows NT 10.0; Win64; x64) AppleWebKit/537.36 (KHTML, like Gecko) Chrome/142.0.0.0 Safari/537.36', '2025-11-05 17:01:43'),
(1398, 4, 'RECOLECCION1', 'SUDO_LOGIN', 'Admin ADMIN inició sesión como usuario: RECOLECCION1', '186.96.54.230', 'Mozilla/5.0 (Windows NT 10.0; Win64; x64) AppleWebKit/537.36 (KHTML, like Gecko) Chrome/142.0.0.0 Safari/537.36', '2025-11-05 17:01:57'),
(1399, 1, 'ADMIN', 'SUDO_LOGOUT', 'Admin ADMIN regresó a su sesión desde: RECOLECCION1', '186.96.54.230', 'Mozilla/5.0 (Windows NT 10.0; Win64; x64) AppleWebKit/537.36 (KHTML, like Gecko) Chrome/142.0.0.0 Safari/537.36', '2025-11-05 17:02:03'),
(1400, 4, 'RECOLECCION1', 'LOGIN', 'Inicio de sesión exitoso', '187.190.223.242', 'Mozilla/5.0 (Windows NT 10.0; Win64; x64) AppleWebKit/537.36 (KHTML, like Gecko) Chrome/142.0.0.0 Safari/537.36 Edg/142.0.0.0', '2025-11-05 17:03:46'),
(1401, 4, 'RECOLECCION1', 'SUDO_LOGIN', 'Admin ADMIN inició sesión como usuario: RECOLECCION1', '186.96.54.230', 'Mozilla/5.0 (Windows NT 10.0; Win64; x64) AppleWebKit/537.36 (KHTML, like Gecko) Chrome/142.0.0.0 Safari/537.36', '2025-11-05 17:04:20'),
(1402, 1, 'ADMIN', 'SUDO_LOGOUT', 'Admin ADMIN regresó a su sesión desde: RECOLECCION1', '186.96.54.230', 'Mozilla/5.0 (Windows NT 10.0; Win64; x64) AppleWebKit/537.36 (KHTML, like Gecko) Chrome/142.0.0.0 Safari/537.36', '2025-11-05 17:06:18'),
(1403, 1, 'ADMIN', 'EDITAR', 'Actualizo el usuario 5', '186.96.54.230', 'Mozilla/5.0 (Windows NT 10.0; Win64; x64) AppleWebKit/537.36 (KHTML, like Gecko) Chrome/142.0.0.0 Safari/537.36', '2025-11-05 17:08:28'),
(1404, 5, 'RECOLECCION2', 'SUDO_LOGIN', 'Admin ADMIN inició sesión como usuario: RECOLECCION2', '186.96.54.230', 'Mozilla/5.0 (Windows NT 10.0; Win64; x64) AppleWebKit/537.36 (KHTML, like Gecko) Chrome/142.0.0.0 Safari/537.36', '2025-11-05 17:08:35'),
(1405, 1, 'ADMIN', 'SUDO_LOGOUT', 'Admin ADMIN regresó a su sesión desde: RECOLECCION2', '186.96.54.230', 'Mozilla/5.0 (Windows NT 10.0; Win64; x64) AppleWebKit/537.36 (KHTML, like Gecko) Chrome/142.0.0.0 Safari/537.36', '2025-11-05 17:08:40'),
(1406, 1, 'ADMIN', 'INV', ' Se buscaron facturas en invoice ', '186.96.54.230', 'Mozilla/5.0 (Windows NT 10.0; Win64; x64) AppleWebKit/537.36 (KHTML, like Gecko) Chrome/142.0.0.0 Safari/537.36', '2025-11-05 17:12:46'),
(1407, 1, 'ADMIN', 'INV', ' Se buscaron contra recibos en invoice ', '186.96.54.230', 'Mozilla/5.0 (Windows NT 10.0; Win64; x64) AppleWebKit/537.36 (KHTML, like Gecko) Chrome/142.0.0.0 Safari/537.36', '2025-11-05 17:13:10'),
(1408, 1, 'ADMIN', 'LOGIN', 'Inicio de sesión exitoso', '186.96.54.230', 'Mozilla/5.0 (Windows NT 10.0; Win64; x64) AppleWebKit/537.36 (KHTML, like Gecko) Chrome/142.0.0.0 Safari/537.36', '2025-11-05 18:01:36'),
(1409, 1, 'ADMIN', 'EDITAR', 'Edito la bodega 20 Para el proveedor 2', '186.96.54.230', 'Mozilla/5.0 (Windows NT 10.0; Win64; x64) AppleWebKit/537.36 (KHTML, like Gecko) Chrome/142.0.0.0 Safari/537.36', '2025-11-05 18:03:00'),
(1410, 1, 'ADMIN', 'CREAR', 'Dio de alta una nueva bodega para el proveedor 2', '186.96.54.230', 'Mozilla/5.0 (Windows NT 10.0; Win64; x64) AppleWebKit/537.36 (KHTML, like Gecko) Chrome/142.0.0.0 Safari/537.36', '2025-11-05 18:03:38'),
(1411, 1, 'ADMIN', 'PRECIO', 'Registro precio de flete para el fletero 34', '186.96.54.230', 'Mozilla/5.0 (Windows NT 10.0; Win64; x64) AppleWebKit/537.36 (KHTML, like Gecko) Chrome/142.0.0.0 Safari/537.36', '2025-11-05 18:04:02'),
(1412, 1, 'ADMIN', 'EDITAR', 'Edito la recoleccion 274', '186.96.54.230', 'Mozilla/5.0 (Windows NT 10.0; Win64; x64) AppleWebKit/537.36 (KHTML, like Gecko) Chrome/142.0.0.0 Safari/537.36', '2025-11-05 18:06:06'),
(1413, 1, 'ADMIN', 'EDITAR', 'Edito la recoleccion 275', '186.96.54.230', 'Mozilla/5.0 (Windows NT 10.0; Win64; x64) AppleWebKit/537.36 (KHTML, like Gecko) Chrome/142.0.0.0 Safari/537.36', '2025-11-05 18:09:46'),
(1414, 1, 'ADMIN', 'EDITAR', 'Edito la recoleccion 276', '186.96.54.230', 'Mozilla/5.0 (Windows NT 10.0; Win64; x64) AppleWebKit/537.36 (KHTML, like Gecko) Chrome/142.0.0.0 Safari/537.36', '2025-11-05 18:10:31'),
(1415, 1, 'ADMIN', 'EDITAR', 'Edito la recoleccion 294', '186.96.54.230', 'Mozilla/5.0 (Windows NT 10.0; Win64; x64) AppleWebKit/537.36 (KHTML, like Gecko) Chrome/142.0.0.0 Safari/537.36', '2025-11-05 18:13:26'),
(1416, 1, 'ADMIN', 'EDITAR', 'Edito la recoleccion 293', '186.96.54.230', 'Mozilla/5.0 (Windows NT 10.0; Win64; x64) AppleWebKit/537.36 (KHTML, like Gecko) Chrome/142.0.0.0 Safari/537.36', '2025-11-05 18:13:55'),
(1417, 1, 'ADMIN', 'EDITAR', 'Edito la recoleccion 292', '186.96.54.230', 'Mozilla/5.0 (Windows NT 10.0; Win64; x64) AppleWebKit/537.36 (KHTML, like Gecko) Chrome/142.0.0.0 Safari/537.36', '2025-11-05 18:14:15'),
(1418, 1, 'ADMIN', 'EDITAR', 'Edito la recoleccion 290', '186.96.54.230', 'Mozilla/5.0 (Windows NT 10.0; Win64; x64) AppleWebKit/537.36 (KHTML, like Gecko) Chrome/142.0.0.0 Safari/537.36', '2025-11-05 18:14:51'),
(1419, 1, 'ADMIN', 'EDITAR', 'Edito la recoleccion 288', '186.96.54.230', 'Mozilla/5.0 (Windows NT 10.0; Win64; x64) AppleWebKit/537.36 (KHTML, like Gecko) Chrome/142.0.0.0 Safari/537.36', '2025-11-05 18:15:23'),
(1420, 1, 'ADMIN', 'EDITAR', 'Edito la recoleccion 287', '186.96.54.230', 'Mozilla/5.0 (Windows NT 10.0; Win64; x64) AppleWebKit/537.36 (KHTML, like Gecko) Chrome/142.0.0.0 Safari/537.36', '2025-11-05 18:15:39'),
(1421, 1, 'ADMIN', 'EDITAR', 'Edito la recoleccion 286', '186.96.54.230', 'Mozilla/5.0 (Windows NT 10.0; Win64; x64) AppleWebKit/537.36 (KHTML, like Gecko) Chrome/142.0.0.0 Safari/537.36', '2025-11-05 18:16:04'),
(1422, 1, 'ADMIN', 'EDITAR', 'Edito la recoleccion 285', '186.96.54.230', 'Mozilla/5.0 (Windows NT 10.0; Win64; x64) AppleWebKit/537.36 (KHTML, like Gecko) Chrome/142.0.0.0 Safari/537.36', '2025-11-05 18:16:20'),
(1423, 1, 'ADMIN', 'EDITAR', 'Edito la recoleccion 284', '186.96.54.230', 'Mozilla/5.0 (Windows NT 10.0; Win64; x64) AppleWebKit/537.36 (KHTML, like Gecko) Chrome/142.0.0.0 Safari/537.36', '2025-11-05 18:16:47'),
(1424, 1, 'ADMIN', 'EDITAR', 'Edito la recoleccion 283', '186.96.54.230', 'Mozilla/5.0 (Windows NT 10.0; Win64; x64) AppleWebKit/537.36 (KHTML, like Gecko) Chrome/142.0.0.0 Safari/537.36', '2025-11-05 18:20:28'),
(1425, 1, 'ADMIN', 'EDITAR', 'Edito la recoleccion 282', '186.96.54.230', 'Mozilla/5.0 (Windows NT 10.0; Win64; x64) AppleWebKit/537.36 (KHTML, like Gecko) Chrome/142.0.0.0 Safari/537.36', '2025-11-05 18:20:41'),
(1426, 1, 'ADMIN', 'EDITAR', 'Edito la recoleccion 281', '186.96.54.230', 'Mozilla/5.0 (Windows NT 10.0; Win64; x64) AppleWebKit/537.36 (KHTML, like Gecko) Chrome/142.0.0.0 Safari/537.36', '2025-11-05 18:20:54'),
(1427, 1, 'ADMIN', 'EDITAR', 'Edito la recoleccion 280', '186.96.54.230', 'Mozilla/5.0 (Windows NT 10.0; Win64; x64) AppleWebKit/537.36 (KHTML, like Gecko) Chrome/142.0.0.0 Safari/537.36', '2025-11-05 18:21:07'),
(1428, 1, 'ADMIN', 'EDITAR', 'Edito la recoleccion 279', '186.96.54.230', 'Mozilla/5.0 (Windows NT 10.0; Win64; x64) AppleWebKit/537.36 (KHTML, like Gecko) Chrome/142.0.0.0 Safari/537.36', '2025-11-05 18:21:26'),
(1429, 1, 'ADMIN', 'EDITAR', 'Edito la recoleccion 278', '186.96.54.230', 'Mozilla/5.0 (Windows NT 10.0; Win64; x64) AppleWebKit/537.36 (KHTML, like Gecko) Chrome/142.0.0.0 Safari/537.36', '2025-11-05 18:21:38'),
(1430, 1, 'ADMIN', 'EDITAR', 'Edito la recoleccion 291', '186.96.54.230', 'Mozilla/5.0 (Windows NT 10.0; Win64; x64) AppleWebKit/537.36 (KHTML, like Gecko) Chrome/142.0.0.0 Safari/537.36', '2025-11-05 18:21:53'),
(1431, 1, 'ADMIN', 'EDITAR', 'Edito la recoleccion 277', '186.96.54.230', 'Mozilla/5.0 (Windows NT 10.0; Win64; x64) AppleWebKit/537.36 (KHTML, like Gecko) Chrome/142.0.0.0 Safari/537.36', '2025-11-05 18:22:38'),
(1432, 1, 'ADMIN', 'EDITAR', 'Edito la recoleccion 289', '186.96.54.230', 'Mozilla/5.0 (Windows NT 10.0; Win64; x64) AppleWebKit/537.36 (KHTML, like Gecko) Chrome/142.0.0.0 Safari/537.36', '2025-11-05 18:22:55'),
(1433, 1, 'ADMIN', 'INV', 'Error de conexión en buscar facturas', '186.96.54.230', 'Mozilla/5.0 (Windows NT 10.0; Win64; x64) AppleWebKit/537.36 (KHTML, like Gecko) Chrome/142.0.0.0 Safari/537.36', '2025-11-05 18:28:16'),
(1434, 1, 'ADMIN', 'INV', 'Error de conexión en buscar facturas', '186.96.54.230', 'Mozilla/5.0 (Windows NT 10.0; Win64; x64) AppleWebKit/537.36 (KHTML, like Gecko) Chrome/142.0.0.0 Safari/537.36', '2025-11-05 18:29:30'),
(1435, 1, 'ADMIN', 'INV', 'Error de conexión en buscar contras', '186.96.54.230', 'Mozilla/5.0 (Windows NT 10.0; Win64; x64) AppleWebKit/537.36 (KHTML, like Gecko) Chrome/142.0.0.0 Safari/537.36', '2025-11-05 18:30:40'),
(1436, 1, 'ADMIN', 'INV', 'Error de conexión en buscar facturas', '186.96.54.230', 'Mozilla/5.0 (Windows NT 10.0; Win64; x64) AppleWebKit/537.36 (KHTML, like Gecko) Chrome/142.0.0.0 Safari/537.36', '2025-11-05 18:31:57'),
(1437, 1, 'ADMIN', 'INV', 'Error de conexión en buscar facturas', '186.96.54.230', 'Mozilla/5.0 (Windows NT 10.0; Win64; x64) AppleWebKit/537.36 (KHTML, like Gecko) Chrome/142.0.0.0 Safari/537.36', '2025-11-05 18:34:10'),
(1438, 1, 'ADMIN', 'INV', 'Error de conexión en buscar facturas', '186.96.54.230', 'Mozilla/5.0 (Windows NT 10.0; Win64; x64) AppleWebKit/537.36 (KHTML, like Gecko) Chrome/142.0.0.0 Safari/537.36', '2025-11-05 18:37:02'),
(1439, 1, 'ADMIN', 'LOGIN', 'Inicio de sesión exitoso', '189.219.149.69', 'Mozilla/5.0 (Linux; Android 10; K) AppleWebKit/537.36 (KHTML, like Gecko) Chrome/142.0.0.0 Mobile Safari/537.36', '2025-11-05 18:37:15'),
(1440, 1, 'ADMIN', 'LOGOUT', 'Usuario cerró sesión', '186.96.54.230', 'Mozilla/5.0 (Windows NT 10.0; Win64; x64) AppleWebKit/537.36 (KHTML, like Gecko) Chrome/142.0.0.0 Safari/537.36', '2025-11-05 18:38:42'),
(1441, 1, 'ADMIN', 'LOGIN', 'Inicio de sesión exitoso', '186.96.54.230', 'Mozilla/5.0 (Windows NT 10.0; Win64; x64) AppleWebKit/537.36 (KHTML, like Gecko) Chrome/142.0.0.0 Safari/537.36', '2025-11-05 18:38:43'),
(1442, 1, 'ADMIN', 'INV', 'Error de conexión en buscar facturas', '189.219.149.69', 'Mozilla/5.0 (Linux; Android 10; K) AppleWebKit/537.36 (KHTML, like Gecko) Chrome/142.0.0.0 Mobile Safari/537.36', '2025-11-05 18:38:45'),
(1443, 1, 'ADMIN', 'INV', 'Error de conexión en buscar facturas', '186.96.54.230', 'Mozilla/5.0 (Windows NT 10.0; Win64; x64) AppleWebKit/537.36 (KHTML, like Gecko) Chrome/142.0.0.0 Safari/537.36', '2025-11-05 18:39:52'),
(1444, 1, 'ADMIN', 'INV', 'Error de conexión en buscar facturas', '186.96.54.230', 'Mozilla/5.0 (Windows NT 10.0; Win64; x64) AppleWebKit/537.36 (KHTML, like Gecko) Chrome/142.0.0.0 Safari/537.36', '2025-11-05 18:44:50'),
(1445, 1, 'ADMIN', 'INV', 'Error de conexión en buscar facturas', '186.96.54.230', 'Mozilla/5.0 (Windows NT 10.0; Win64; x64) AppleWebKit/537.36 (KHTML, like Gecko) Chrome/142.0.0.0 Safari/537.36', '2025-11-05 18:45:54'),
(1446, 1, 'ADMIN', 'INV', 'Error de conexión en buscar facturas', '186.96.54.230', 'Mozilla/5.0 (Windows NT 10.0; Win64; x64) AppleWebKit/537.36 (KHTML, like Gecko) Chrome/142.0.0.0 Safari/537.36', '2025-11-05 18:51:01'),
(1447, 1, 'ADMIN', 'INV', 'Error de conexión en buscar facturas', '186.96.54.230', 'Mozilla/5.0 (Windows NT 10.0; Win64; x64) AppleWebKit/537.36 (KHTML, like Gecko) Chrome/142.0.0.0 Safari/537.36', '2025-11-05 18:53:54'),
(1448, 1, 'ADMIN', 'INV', 'Error de conexión en buscar facturas', '186.96.54.230', 'Mozilla/5.0 (Windows NT 10.0; Win64; x64) AppleWebKit/537.36 (KHTML, like Gecko) Chrome/142.0.0.0 Safari/537.36', '2025-11-05 18:55:46'),
(1449, 1, 'ADMIN', 'INV', 'Error de conexión en buscar facturas', '186.96.54.230', 'Mozilla/5.0 (Windows NT 10.0; Win64; x64) AppleWebKit/537.36 (KHTML, like Gecko) Chrome/142.0.0.0 Safari/537.36', '2025-11-05 18:59:34'),
(1450, 1, 'ADMIN', 'INV', 'Error de conexión en buscar facturas', '186.96.54.230', 'Mozilla/5.0 (Windows NT 10.0; Win64; x64) AppleWebKit/537.36 (KHTML, like Gecko) Chrome/142.0.0.0 Safari/537.36', '2025-11-05 19:03:55'),
(1451, 1, 'ADMIN', 'INV', 'Error de conexión en buscar facturas', '186.96.54.230', 'Mozilla/5.0 (Windows NT 10.0; Win64; x64) AppleWebKit/537.36 (KHTML, like Gecko) Chrome/142.0.0.0 Safari/537.36', '2025-11-05 19:08:24'),
(1452, 1, 'ADMIN', 'INV', 'Error de conexión en buscar facturas', '186.96.54.230', 'Mozilla/5.0 (Windows NT 10.0; Win64; x64) AppleWebKit/537.36 (KHTML, like Gecko) Chrome/142.0.0.0 Safari/537.36', '2025-11-05 19:12:08'),
(1453, 1, 'ADMIN', 'INV', 'Error de conexión en buscar facturas', '186.96.54.230', 'Mozilla/5.0 (Windows NT 10.0; Win64; x64) AppleWebKit/537.36 (KHTML, like Gecko) Chrome/142.0.0.0 Safari/537.36', '2025-11-05 19:13:48'),
(1454, 1, 'ADMIN', 'INV', 'Error de conexión en buscar facturas', '186.96.54.230', 'Mozilla/5.0 (Windows NT 10.0; Win64; x64) AppleWebKit/537.36 (KHTML, like Gecko) Chrome/142.0.0.0 Safari/537.36', '2025-11-05 19:20:13'),
(1455, 1, 'ADMIN', 'INV', 'Error de conexión en buscar facturas', '186.96.54.230', 'Mozilla/5.0 (Windows NT 10.0; Win64; x64) AppleWebKit/537.36 (KHTML, like Gecko) Chrome/142.0.0.0 Safari/537.36', '2025-11-05 19:21:26'),
(1456, 1, 'ADMIN', 'INV', 'Error de conexión en buscar facturas', '189.219.149.69', 'Mozilla/5.0 (Linux; Android 10; K) AppleWebKit/537.36 (KHTML, like Gecko) Chrome/142.0.0.0 Mobile Safari/537.36', '2025-11-05 19:22:59'),
(1457, 1, 'ADMIN', 'INV', 'Error de conexión en buscar facturas', '186.96.54.230', 'Mozilla/5.0 (Windows NT 10.0; Win64; x64) AppleWebKit/537.36 (KHTML, like Gecko) Chrome/142.0.0.0 Safari/537.36', '2025-11-05 19:31:32'),
(1458, 1, 'ADMIN', 'INV', 'Error de conexión en buscar facturas', '186.96.54.230', 'Mozilla/5.0 (Windows NT 10.0; Win64; x64) AppleWebKit/537.36 (KHTML, like Gecko) Chrome/142.0.0.0 Safari/537.36', '2025-11-05 19:32:39'),
(1459, 1, 'ADMIN', 'INV', 'Error de conexión en buscar facturas', '186.96.54.230', 'Mozilla/5.0 (Windows NT 10.0; Win64; x64) AppleWebKit/537.36 (KHTML, like Gecko) Chrome/142.0.0.0 Safari/537.36', '2025-11-05 19:34:09'),
(1460, 1, 'ADMIN', 'INV', 'Error de conexión en buscar facturas', '186.96.54.230', 'Mozilla/5.0 (Windows NT 10.0; Win64; x64) AppleWebKit/537.36 (KHTML, like Gecko) Chrome/142.0.0.0 Safari/537.36', '2025-11-05 19:35:54'),
(1461, 1, 'ADMIN', 'INV', 'Error de conexión en buscar facturas', '186.96.54.230', 'Mozilla/5.0 (Windows NT 10.0; Win64; x64) AppleWebKit/537.36 (KHTML, like Gecko) Chrome/142.0.0.0 Safari/537.36', '2025-11-05 19:37:34'),
(1462, 1, 'ADMIN', 'INV', 'Error de conexión en buscar facturas', '186.96.54.230', 'Mozilla/5.0 (Windows NT 10.0; Win64; x64) AppleWebKit/537.36 (KHTML, like Gecko) Chrome/142.0.0.0 Safari/537.36', '2025-11-05 19:38:57'),
(1463, 1, 'ADMIN', 'LOGIN', 'Inicio de sesión exitoso', '189.225.223.185', 'Mozilla/5.0 (Windows NT 10.0; Win64; x64) AppleWebKit/537.36 (KHTML, like Gecko) Chrome/142.0.0.0 Safari/537.36', '2025-11-05 19:51:43'),
(1464, 1, 'ADMIN', 'INV', ' Se buscaron facturas en invoice ', '189.225.223.185', 'Mozilla/5.0 (Windows NT 10.0; Win64; x64) AppleWebKit/537.36 (KHTML, like Gecko) Chrome/142.0.0.0 Safari/537.36', '2025-11-05 19:51:53'),
(1465, 1, 'ADMIN', 'INV', ' Se buscaron facturas en invoice ', '186.96.54.230', 'Mozilla/5.0 (Windows NT 10.0; Win64; x64) AppleWebKit/537.36 (KHTML, like Gecko) Chrome/142.0.0.0 Safari/537.36', '2025-11-05 19:52:51'),
(1466, 1, 'ADMIN', 'INV', ' Se buscaron facturas en invoice ', '186.96.54.230', 'Mozilla/5.0 (Windows NT 10.0; Win64; x64) AppleWebKit/537.36 (KHTML, like Gecko) Chrome/142.0.0.0 Safari/537.36', '2025-11-05 19:53:40'),
(1467, 1, 'ADMIN', 'INV', ' Se buscaron facturas en invoice ', '186.96.54.230', 'Mozilla/5.0 (Windows NT 10.0; Win64; x64) AppleWebKit/537.36 (KHTML, like Gecko) Chrome/142.0.0.0 Safari/537.36', '2025-11-05 19:54:25'),
(1468, 1, 'ADMIN', 'INV', ' Se buscaron facturas en invoice ', '186.96.54.230', 'Mozilla/5.0 (Windows NT 10.0; Win64; x64) AppleWebKit/537.36 (KHTML, like Gecko) Chrome/142.0.0.0 Safari/537.36', '2025-11-05 19:55:21'),
(1469, 1, 'ADMIN', 'INV', ' Se buscaron contra recibos en invoice ', '186.96.54.230', 'Mozilla/5.0 (Windows NT 10.0; Win64; x64) AppleWebKit/537.36 (KHTML, like Gecko) Chrome/142.0.0.0 Safari/537.36', '2025-11-05 19:55:51'),
(1470, 1, 'ADMIN', 'INV', ' Se buscaron contra recibos en invoice ', '186.96.54.230', 'Mozilla/5.0 (Windows NT 10.0; Win64; x64) AppleWebKit/537.36 (KHTML, like Gecko) Chrome/142.0.0.0 Safari/537.36', '2025-11-05 19:56:03'),
(1471, 1, 'ADMIN', 'INV', ' Se buscaron facturas en invoice ', '186.96.54.230', 'Mozilla/5.0 (Windows NT 10.0; Win64; x64) AppleWebKit/537.36 (KHTML, like Gecko) Chrome/142.0.0.0 Safari/537.36', '2025-11-05 20:22:55'),
(1472, 1, 'ADMIN', 'INV', ' Se buscaron contra recibos en invoice ', '186.96.54.230', 'Mozilla/5.0 (Windows NT 10.0; Win64; x64) AppleWebKit/537.36 (KHTML, like Gecko) Chrome/142.0.0.0 Safari/537.36', '2025-11-05 20:23:08'),
(1473, 4, 'RECOLECCION1', 'LOGIN', 'Inicio de sesión exitoso', '187.190.223.242', 'Mozilla/5.0 (Windows NT 10.0; Win64; x64) AppleWebKit/537.36 (KHTML, like Gecko) Chrome/142.0.0.0 Safari/537.36 Edg/142.0.0.0', '2025-11-05 20:35:36'),
(1474, 4, 'RECOLECCION1', 'EXCEL', 'Descargo el EXCEL de recolecciones', '187.190.223.242', 'Mozilla/5.0 (Windows NT 10.0; Win64; x64) AppleWebKit/537.36 (KHTML, like Gecko) Chrome/142.0.0.0 Safari/537.36 Edg/142.0.0.0', '2025-11-05 20:57:17'),
(1475, 4, 'RECOLECCION1', 'EXCEL', 'Descargo el EXCEL de recolecciones', '187.190.223.242', 'Mozilla/5.0 (Windows NT 10.0; Win64; x64) AppleWebKit/537.36 (KHTML, like Gecko) Chrome/142.0.0.0 Safari/537.36 Edg/142.0.0.0', '2025-11-05 20:57:53'),
(1476, 4, 'RECOLECCION1', 'SUDO_LOGIN', 'Admin ADMIN inició sesión como usuario: RECOLECCION1', '186.96.54.230', 'Mozilla/5.0 (Windows NT 10.0; Win64; x64) AppleWebKit/537.36 (KHTML, like Gecko) Chrome/142.0.0.0 Safari/537.36', '2025-11-05 20:58:39'),
(1477, 4, 'RECOLECCION1', 'EXCEL', 'Descargo el EXCEL de recolecciones', '187.190.223.242', 'Mozilla/5.0 (Windows NT 10.0; Win64; x64) AppleWebKit/537.36 (KHTML, like Gecko) Chrome/142.0.0.0 Safari/537.36 Edg/142.0.0.0', '2025-11-05 20:58:39'),
(1478, 4, 'RECOLECCION1', 'EXCEL', 'Descargo el EXCEL de recolecciones', '186.96.54.230', 'Mozilla/5.0 (Windows NT 10.0; Win64; x64) AppleWebKit/537.36 (KHTML, like Gecko) Chrome/142.0.0.0 Safari/537.36', '2025-11-05 20:58:50'),
(1479, 1, 'ADMIN', 'LOGIN', 'Inicio de sesión exitoso', '186.96.54.230', 'Mozilla/5.0 (Windows NT 10.0; Win64; x64) AppleWebKit/537.36 (KHTML, like Gecko) Chrome/142.0.0.0 Safari/537.36', '2025-11-05 21:49:57'),
(1480, 1, 'ADMIN', 'INV', ' Se buscaron contra recibos en invoice ', '186.96.54.230', 'Mozilla/5.0 (Windows NT 10.0; Win64; x64) AppleWebKit/537.36 (KHTML, like Gecko) Chrome/142.0.0.0 Safari/537.36', '2025-11-05 21:52:36'),
(1481, 1, 'ADMIN', 'CREAR', 'Dio de alta una nueva bodega para el proveedor 2', '186.96.54.230', 'Mozilla/5.0 (Windows NT 10.0; Win64; x64) AppleWebKit/537.36 (KHTML, like Gecko) Chrome/142.0.0.0 Safari/537.36', '2025-11-05 22:11:39'),
(1482, 1, 'ADMIN', 'EDITAR', 'Edito la bodega 20 Para el proveedor 2', '186.96.54.230', 'Mozilla/5.0 (Windows NT 10.0; Win64; x64) AppleWebKit/537.36 (KHTML, like Gecko) Chrome/142.0.0.0 Safari/537.36', '2025-11-05 22:11:55'),
(1483, 1, 'ADMIN', 'CREAR', 'Dio de alta una nuevo producto', '186.96.54.230', 'Mozilla/5.0 (Windows NT 10.0; Win64; x64) AppleWebKit/537.36 (KHTML, like Gecko) Chrome/142.0.0.0 Safari/537.36', '2025-11-05 22:13:52'),
(1484, 1, 'ADMIN', 'PRECIO', 'Precio registrado con éxito Para el producto 29', '186.96.54.230', 'Mozilla/5.0 (Windows NT 10.0; Win64; x64) AppleWebKit/537.36 (KHTML, like Gecko) Chrome/142.0.0.0 Safari/537.36', '2025-11-05 22:16:23'),
(1485, 1, 'ADMIN', 'PRECIO', 'Precio registrado con éxito Para el producto 29', '186.96.54.230', 'Mozilla/5.0 (Windows NT 10.0; Win64; x64) AppleWebKit/537.36 (KHTML, like Gecko) Chrome/142.0.0.0 Safari/537.36', '2025-11-05 22:16:35'),
(1486, 1, 'ADMIN', 'CREAR', 'Dio de alta un nuevo cliente 3', '186.96.54.230', 'Mozilla/5.0 (Windows NT 10.0; Win64; x64) AppleWebKit/537.36 (KHTML, like Gecko) Chrome/142.0.0.0 Safari/537.36', '2025-11-05 22:18:14'),
(1487, 1, 'ADMIN', 'CREAR', 'Dio de alta una nueva bodega para el cliente 9', '186.96.54.230', 'Mozilla/5.0 (Windows NT 10.0; Win64; x64) AppleWebKit/537.36 (KHTML, like Gecko) Chrome/142.0.0.0 Safari/537.36', '2025-11-05 22:19:20'),
(1488, 1, 'ADMIN', 'EDITAR', 'Edito la bodega 24 Para el cliente 9', '186.96.54.230', 'Mozilla/5.0 (Windows NT 10.0; Win64; x64) AppleWebKit/537.36 (KHTML, like Gecko) Chrome/142.0.0.0 Safari/537.36', '2025-11-05 22:19:26'),
(1489, 1, 'ADMIN', 'ACT/DEC', 'Elimino la direccion 23', '186.96.54.230', 'Mozilla/5.0 (Windows NT 10.0; Win64; x64) AppleWebKit/537.36 (KHTML, like Gecko) Chrome/142.0.0.0 Safari/537.36', '2025-11-05 22:19:58'),
(1490, 1, 'ADMIN', 'PRECIO', 'Precio registrado con éxito Para el producto 29', '186.96.54.230', 'Mozilla/5.0 (Windows NT 10.0; Win64; x64) AppleWebKit/537.36 (KHTML, like Gecko) Chrome/142.0.0.0 Safari/537.36', '2025-11-05 22:21:44'),
(1491, 1, 'ADMIN', 'PRECIO', 'Precio registrado con éxito Para el producto 29', '186.96.54.230', 'Mozilla/5.0 (Windows NT 10.0; Win64; x64) AppleWebKit/537.36 (KHTML, like Gecko) Chrome/142.0.0.0 Safari/537.36', '2025-11-05 22:22:02'),
(1492, 1, 'ADMIN', 'PRECIO', 'Elimino el precio 29', '186.96.54.230', 'Mozilla/5.0 (Windows NT 10.0; Win64; x64) AppleWebKit/537.36 (KHTML, like Gecko) Chrome/142.0.0.0 Safari/537.36', '2025-11-05 22:22:21'),
(1493, 1, 'ADMIN', 'PRECIO', 'Precio registrado con éxito Para el producto 29', '186.96.54.230', 'Mozilla/5.0 (Windows NT 10.0; Win64; x64) AppleWebKit/537.36 (KHTML, like Gecko) Chrome/142.0.0.0 Safari/537.36', '2025-11-05 22:22:36'),
(1494, 1, 'ADMIN', 'CREAR', 'Dio de alta un nuevo fletero', '186.96.54.230', 'Mozilla/5.0 (Windows NT 10.0; Win64; x64) AppleWebKit/537.36 (KHTML, like Gecko) Chrome/142.0.0.0 Safari/537.36', '2025-11-05 22:23:53'),
(1495, 1, 'ADMIN', 'PRECIO', 'Registro precio de flete para el fletero 35', '186.96.54.230', 'Mozilla/5.0 (Windows NT 10.0; Win64; x64) AppleWebKit/537.36 (KHTML, like Gecko) Chrome/142.0.0.0 Safari/537.36', '2025-11-05 22:24:38'),
(1496, 1, 'ADMIN', 'CREAR', 'Dio de alta una nueva recolección 350', '186.96.54.230', 'Mozilla/5.0 (Windows NT 10.0; Win64; x64) AppleWebKit/537.36 (KHTML, like Gecko) Chrome/142.0.0.0 Safari/537.36', '2025-11-05 22:33:24'),
(1497, 1, 'ADMIN', 'REC', 'Actualizó las remisiones y el peso de la recolección 350', '186.96.54.230', 'Mozilla/5.0 (Windows NT 10.0; Win64; x64) AppleWebKit/537.36 (KHTML, like Gecko) Chrome/142.0.0.0 Safari/537.36', '2025-11-05 22:33:43'),
(1498, 1, 'ADMIN', 'CREAR', 'Dio de alta una nueva recolección 351', '186.96.54.230', 'Mozilla/5.0 (Windows NT 10.0; Win64; x64) AppleWebKit/537.36 (KHTML, like Gecko) Chrome/142.0.0.0 Safari/537.36', '2025-11-05 22:34:28'),
(1499, 1, 'ADMIN', 'REC', 'Actualizó las remisiones y el peso de la recolección 351', '186.96.54.230', 'Mozilla/5.0 (Windows NT 10.0; Win64; x64) AppleWebKit/537.36 (KHTML, like Gecko) Chrome/142.0.0.0 Safari/537.36', '2025-11-05 22:34:38'),
(1500, 1, 'ADMIN', 'CREAR', 'Dio de alta una nueva recolección 352', '186.96.54.230', 'Mozilla/5.0 (Windows NT 10.0; Win64; x64) AppleWebKit/537.36 (KHTML, like Gecko) Chrome/142.0.0.0 Safari/537.36', '2025-11-05 22:35:42'),
(1501, 1, 'ADMIN', 'REC', 'Actualizó las remisiones y el peso de la recolección 352', '186.96.54.230', 'Mozilla/5.0 (Windows NT 10.0; Win64; x64) AppleWebKit/537.36 (KHTML, like Gecko) Chrome/142.0.0.0 Safari/537.36', '2025-11-05 22:35:54'),
(1502, 1, 'ADMIN', 'CREAR', 'Dio de alta una nueva recolección 353', '186.96.54.230', 'Mozilla/5.0 (Windows NT 10.0; Win64; x64) AppleWebKit/537.36 (KHTML, like Gecko) Chrome/142.0.0.0 Safari/537.36', '2025-11-05 22:36:47'),
(1503, 1, 'ADMIN', 'REC', 'Actualizó las remisiones y el peso de la recolección 353', '186.96.54.230', 'Mozilla/5.0 (Windows NT 10.0; Win64; x64) AppleWebKit/537.36 (KHTML, like Gecko) Chrome/142.0.0.0 Safari/537.36', '2025-11-05 22:37:02'),
(1504, 1, 'ADMIN', 'CREAR', 'Dio de alta una nueva recolección 354', '186.96.54.230', 'Mozilla/5.0 (Windows NT 10.0; Win64; x64) AppleWebKit/537.36 (KHTML, like Gecko) Chrome/142.0.0.0 Safari/537.36', '2025-11-05 22:37:38'),
(1505, 1, 'ADMIN', 'REC', 'Actualizó las remisiones y el peso de la recolección 354', '186.96.54.230', 'Mozilla/5.0 (Windows NT 10.0; Win64; x64) AppleWebKit/537.36 (KHTML, like Gecko) Chrome/142.0.0.0 Safari/537.36', '2025-11-05 22:37:46'),
(1506, 1, 'ADMIN', 'CREAR', 'Dio de alta una nueva recolección 355', '186.96.54.230', 'Mozilla/5.0 (Windows NT 10.0; Win64; x64) AppleWebKit/537.36 (KHTML, like Gecko) Chrome/142.0.0.0 Safari/537.36', '2025-11-05 22:38:35'),
(1507, 1, 'ADMIN', 'REC', 'Actualizó las remisiones y el peso de la recolección 355', '186.96.54.230', 'Mozilla/5.0 (Windows NT 10.0; Win64; x64) AppleWebKit/537.36 (KHTML, like Gecko) Chrome/142.0.0.0 Safari/537.36', '2025-11-05 22:38:47'),
(1508, 1, 'ADMIN', 'CREAR', 'Dio de alta una nueva recolección 356', '186.96.54.230', 'Mozilla/5.0 (Windows NT 10.0; Win64; x64) AppleWebKit/537.36 (KHTML, like Gecko) Chrome/142.0.0.0 Safari/537.36', '2025-11-05 22:39:24'),
(1509, 1, 'ADMIN', 'REC', 'Actualizó las remisiones y el peso de la recolección 356', '186.96.54.230', 'Mozilla/5.0 (Windows NT 10.0; Win64; x64) AppleWebKit/537.36 (KHTML, like Gecko) Chrome/142.0.0.0 Safari/537.36', '2025-11-05 22:39:32'),
(1510, 1, 'ADMIN', 'CREAR', 'Dio de alta una nueva recolección 357', '186.96.54.230', 'Mozilla/5.0 (Windows NT 10.0; Win64; x64) AppleWebKit/537.36 (KHTML, like Gecko) Chrome/142.0.0.0 Safari/537.36', '2025-11-05 22:40:12'),
(1511, 1, 'ADMIN', 'REC', 'Actualizó las remisiones y el peso de la recolección 357', '186.96.54.230', 'Mozilla/5.0 (Windows NT 10.0; Win64; x64) AppleWebKit/537.36 (KHTML, like Gecko) Chrome/142.0.0.0 Safari/537.36', '2025-11-05 22:40:26'),
(1512, 1, 'ADMIN', 'CREAR', 'Dio de alta una nueva recolección 358', '186.96.54.230', 'Mozilla/5.0 (Windows NT 10.0; Win64; x64) AppleWebKit/537.36 (KHTML, like Gecko) Chrome/142.0.0.0 Safari/537.36', '2025-11-05 22:41:05'),
(1513, 1, 'ADMIN', 'REC', 'Actualizó las remisiones y el peso de la recolección 358', '186.96.54.230', 'Mozilla/5.0 (Windows NT 10.0; Win64; x64) AppleWebKit/537.36 (KHTML, like Gecko) Chrome/142.0.0.0 Safari/537.36', '2025-11-05 22:41:16'),
(1514, 1, 'ADMIN', 'CREAR', 'Dio de alta una nueva recolección 359', '186.96.54.230', 'Mozilla/5.0 (Windows NT 10.0; Win64; x64) AppleWebKit/537.36 (KHTML, like Gecko) Chrome/142.0.0.0 Safari/537.36', '2025-11-05 22:42:21'),
(1515, 1, 'ADMIN', 'REC', 'Actualizó las remisiones y el peso de la recolección 359', '186.96.54.230', 'Mozilla/5.0 (Windows NT 10.0; Win64; x64) AppleWebKit/537.36 (KHTML, like Gecko) Chrome/142.0.0.0 Safari/537.36', '2025-11-05 22:42:32'),
(1516, 1, 'ADMIN', 'CREAR', 'Dio de alta una nueva recolección 360', '186.96.54.230', 'Mozilla/5.0 (Windows NT 10.0; Win64; x64) AppleWebKit/537.36 (KHTML, like Gecko) Chrome/142.0.0.0 Safari/537.36', '2025-11-05 22:43:17'),
(1517, 1, 'ADMIN', 'REC', 'Actualizó las remisiones y el peso de la recolección 360', '186.96.54.230', 'Mozilla/5.0 (Windows NT 10.0; Win64; x64) AppleWebKit/537.36 (KHTML, like Gecko) Chrome/142.0.0.0 Safari/537.36', '2025-11-05 22:43:26'),
(1518, 1, 'ADMIN', 'CREAR', 'Dio de alta una nueva recolección 361', '186.96.54.230', 'Mozilla/5.0 (Windows NT 10.0; Win64; x64) AppleWebKit/537.36 (KHTML, like Gecko) Chrome/142.0.0.0 Safari/537.36', '2025-11-05 22:44:04'),
(1519, 1, 'ADMIN', 'REC', 'Actualizó las remisiones y el peso de la recolección 361', '186.96.54.230', 'Mozilla/5.0 (Windows NT 10.0; Win64; x64) AppleWebKit/537.36 (KHTML, like Gecko) Chrome/142.0.0.0 Safari/537.36', '2025-11-05 22:44:14'),
(1520, 1, 'ADMIN', 'CREAR', 'Dio de alta una nueva recolección 362', '186.96.54.230', 'Mozilla/5.0 (Windows NT 10.0; Win64; x64) AppleWebKit/537.36 (KHTML, like Gecko) Chrome/142.0.0.0 Safari/537.36', '2025-11-05 22:45:02'),
(1521, 1, 'ADMIN', 'REC', 'Actualizó las remisiones y el peso de la recolección 362', '186.96.54.230', 'Mozilla/5.0 (Windows NT 10.0; Win64; x64) AppleWebKit/537.36 (KHTML, like Gecko) Chrome/142.0.0.0 Safari/537.36', '2025-11-05 22:45:14'),
(1522, 1, 'ADMIN', 'CREAR', 'Dio de alta una nueva recolección 363', '186.96.54.230', 'Mozilla/5.0 (Windows NT 10.0; Win64; x64) AppleWebKit/537.36 (KHTML, like Gecko) Chrome/142.0.0.0 Safari/537.36', '2025-11-05 22:45:56'),
(1523, 1, 'ADMIN', 'REC', 'Actualizó las remisiones y el peso de la recolección 363', '186.96.54.230', 'Mozilla/5.0 (Windows NT 10.0; Win64; x64) AppleWebKit/537.36 (KHTML, like Gecko) Chrome/142.0.0.0 Safari/537.36', '2025-11-05 22:46:04'),
(1524, 1, 'ADMIN', 'CREAR', 'Dio de alta una nueva recolección 364', '186.96.54.230', 'Mozilla/5.0 (Windows NT 10.0; Win64; x64) AppleWebKit/537.36 (KHTML, like Gecko) Chrome/142.0.0.0 Safari/537.36', '2025-11-05 22:47:36'),
(1525, 1, 'ADMIN', 'REC', 'Actualizó las remisiones y el peso de la recolección 364', '186.96.54.230', 'Mozilla/5.0 (Windows NT 10.0; Win64; x64) AppleWebKit/537.36 (KHTML, like Gecko) Chrome/142.0.0.0 Safari/537.36', '2025-11-05 22:47:45'),
(1526, 1, 'ADMIN', 'CREAR', 'Dio de alta una nueva recolección 365', '186.96.54.230', 'Mozilla/5.0 (Windows NT 10.0; Win64; x64) AppleWebKit/537.36 (KHTML, like Gecko) Chrome/142.0.0.0 Safari/537.36', '2025-11-05 22:50:02'),
(1527, 1, 'ADMIN', 'REC', 'Actualizó las remisiones y el peso de la recolección 365', '186.96.54.230', 'Mozilla/5.0 (Windows NT 10.0; Win64; x64) AppleWebKit/537.36 (KHTML, like Gecko) Chrome/142.0.0.0 Safari/537.36', '2025-11-05 22:50:14'),
(1528, 1, 'ADMIN', 'EDITAR', 'Edito la recoleccion 365', '186.96.54.230', 'Mozilla/5.0 (Windows NT 10.0; Win64; x64) AppleWebKit/537.36 (KHTML, like Gecko) Chrome/142.0.0.0 Safari/537.36', '2025-11-05 22:50:29'),
(1529, 1, 'ADMIN', 'EDITAR', 'Edito la recoleccion 365', '186.96.54.230', 'Mozilla/5.0 (Windows NT 10.0; Win64; x64) AppleWebKit/537.36 (KHTML, like Gecko) Chrome/142.0.0.0 Safari/537.36', '2025-11-05 22:50:56'),
(1530, 1, 'ADMIN', 'EDITAR', 'Edito la recoleccion 360', '186.96.54.230', 'Mozilla/5.0 (Windows NT 10.0; Win64; x64) AppleWebKit/537.36 (KHTML, like Gecko) Chrome/142.0.0.0 Safari/537.36', '2025-11-05 22:51:24'),
(1531, 1, 'ADMIN', 'CREAR', 'Dio de alta una nueva recolección 366', '186.96.54.230', 'Mozilla/5.0 (Windows NT 10.0; Win64; x64) AppleWebKit/537.36 (KHTML, like Gecko) Chrome/142.0.0.0 Safari/537.36', '2025-11-05 22:52:36'),
(1532, 1, 'ADMIN', 'REC', 'Actualizó las remisiones y el peso de la recolección 366', '186.96.54.230', 'Mozilla/5.0 (Windows NT 10.0; Win64; x64) AppleWebKit/537.36 (KHTML, like Gecko) Chrome/142.0.0.0 Safari/537.36', '2025-11-05 22:52:45'),
(1533, 1, 'ADMIN', 'CREAR', 'Dio de alta una nueva recolección 367', '186.96.54.230', 'Mozilla/5.0 (Windows NT 10.0; Win64; x64) AppleWebKit/537.36 (KHTML, like Gecko) Chrome/142.0.0.0 Safari/537.36', '2025-11-05 22:53:19'),
(1534, 1, 'ADMIN', 'REC', 'Actualizó las remisiones y el peso de la recolección 367', '186.96.54.230', 'Mozilla/5.0 (Windows NT 10.0; Win64; x64) AppleWebKit/537.36 (KHTML, like Gecko) Chrome/142.0.0.0 Safari/537.36', '2025-11-05 22:53:30'),
(1535, 1, 'ADMIN', 'CREAR', 'Dio de alta una nueva recolección 368', '186.96.54.230', 'Mozilla/5.0 (Windows NT 10.0; Win64; x64) AppleWebKit/537.36 (KHTML, like Gecko) Chrome/142.0.0.0 Safari/537.36', '2025-11-05 22:54:14'),
(1536, 1, 'ADMIN', 'REC', 'Actualizó las remisiones y el peso de la recolección 368', '186.96.54.230', 'Mozilla/5.0 (Windows NT 10.0; Win64; x64) AppleWebKit/537.36 (KHTML, like Gecko) Chrome/142.0.0.0 Safari/537.36', '2025-11-05 22:54:24'),
(1537, 1, 'ADMIN', 'CREAR', 'Dio de alta una nueva recolección 369', '186.96.54.230', 'Mozilla/5.0 (Windows NT 10.0; Win64; x64) AppleWebKit/537.36 (KHTML, like Gecko) Chrome/142.0.0.0 Safari/537.36', '2025-11-05 22:55:29'),
(1538, 1, 'ADMIN', 'REC', 'Actualizó las remisiones y el peso de la recolección 369', '186.96.54.230', 'Mozilla/5.0 (Windows NT 10.0; Win64; x64) AppleWebKit/537.36 (KHTML, like Gecko) Chrome/142.0.0.0 Safari/537.36', '2025-11-05 22:55:40'),
(1539, 1, 'ADMIN', 'CREAR', 'Dio de alta una nueva recolección 370', '186.96.54.230', 'Mozilla/5.0 (Windows NT 10.0; Win64; x64) AppleWebKit/537.36 (KHTML, like Gecko) Chrome/142.0.0.0 Safari/537.36', '2025-11-05 22:56:59'),
(1540, 1, 'ADMIN', 'REC', 'Actualizó las remisiones y el peso de la recolección 370', '186.96.54.230', 'Mozilla/5.0 (Windows NT 10.0; Win64; x64) AppleWebKit/537.36 (KHTML, like Gecko) Chrome/142.0.0.0 Safari/537.36', '2025-11-05 22:57:10'),
(1541, 1, 'ADMIN', 'CREAR', 'Dio de alta una nueva recolección 371', '186.96.54.230', 'Mozilla/5.0 (Windows NT 10.0; Win64; x64) AppleWebKit/537.36 (KHTML, like Gecko) Chrome/142.0.0.0 Safari/537.36', '2025-11-05 22:57:49');
INSERT INTO `user_activity_logs` (`id`, `user_id`, `username`, `action`, `description`, `ip_address`, `user_agent`, `created_at`) VALUES
(1542, 1, 'ADMIN', 'REC', 'Actualizó las remisiones y el peso de la recolección 371', '186.96.54.230', 'Mozilla/5.0 (Windows NT 10.0; Win64; x64) AppleWebKit/537.36 (KHTML, like Gecko) Chrome/142.0.0.0 Safari/537.36', '2025-11-05 22:58:02'),
(1543, 1, 'ADMIN', 'CREAR', 'Dio de alta una nueva recolección 372', '186.96.54.230', 'Mozilla/5.0 (Windows NT 10.0; Win64; x64) AppleWebKit/537.36 (KHTML, like Gecko) Chrome/142.0.0.0 Safari/537.36', '2025-11-05 22:58:55'),
(1544, 1, 'ADMIN', 'REC', 'Actualizó las remisiones y el peso de la recolección 372', '186.96.54.230', 'Mozilla/5.0 (Windows NT 10.0; Win64; x64) AppleWebKit/537.36 (KHTML, like Gecko) Chrome/142.0.0.0 Safari/537.36', '2025-11-05 22:59:05'),
(1545, 1, 'ADMIN', 'CREAR', 'Dio de alta una nueva recolección 373', '186.96.54.230', 'Mozilla/5.0 (Windows NT 10.0; Win64; x64) AppleWebKit/537.36 (KHTML, like Gecko) Chrome/142.0.0.0 Safari/537.36', '2025-11-05 22:59:42'),
(1546, 1, 'ADMIN', 'REC', 'Actualizó las remisiones y el peso de la recolección 373', '186.96.54.230', 'Mozilla/5.0 (Windows NT 10.0; Win64; x64) AppleWebKit/537.36 (KHTML, like Gecko) Chrome/142.0.0.0 Safari/537.36', '2025-11-05 22:59:52'),
(1547, 1, 'ADMIN', 'CREAR', 'Dio de alta una nueva recolección 374', '186.96.54.230', 'Mozilla/5.0 (Windows NT 10.0; Win64; x64) AppleWebKit/537.36 (KHTML, like Gecko) Chrome/142.0.0.0 Safari/537.36', '2025-11-05 23:00:31'),
(1548, 1, 'ADMIN', 'REC', 'Actualizó las remisiones y el peso de la recolección 374', '186.96.54.230', 'Mozilla/5.0 (Windows NT 10.0; Win64; x64) AppleWebKit/537.36 (KHTML, like Gecko) Chrome/142.0.0.0 Safari/537.36', '2025-11-05 23:00:39'),
(1549, 1, 'ADMIN', 'CREAR', 'Dio de alta una nueva recolección 375', '186.96.54.230', 'Mozilla/5.0 (Windows NT 10.0; Win64; x64) AppleWebKit/537.36 (KHTML, like Gecko) Chrome/142.0.0.0 Safari/537.36', '2025-11-05 23:01:14'),
(1550, 1, 'ADMIN', 'REC', 'Actualizó las remisiones y el peso de la recolección 375', '186.96.54.230', 'Mozilla/5.0 (Windows NT 10.0; Win64; x64) AppleWebKit/537.36 (KHTML, like Gecko) Chrome/142.0.0.0 Safari/537.36', '2025-11-05 23:01:23'),
(1551, 1, 'ADMIN', 'EDITAR', 'Edito la recoleccion 369', '186.96.54.230', 'Mozilla/5.0 (Windows NT 10.0; Win64; x64) AppleWebKit/537.36 (KHTML, like Gecko) Chrome/142.0.0.0 Safari/537.36', '2025-11-05 23:02:11'),
(1552, 1, 'ADMIN', 'INV', ' Se buscaron facturas en invoice ', '186.96.54.230', 'Mozilla/5.0 (Windows NT 10.0; Win64; x64) AppleWebKit/537.36 (KHTML, like Gecko) Chrome/142.0.0.0 Safari/537.36', '2025-11-05 23:02:23'),
(1553, 1, 'ADMIN', 'INV', ' Se buscaron facturas en invoice ', '186.96.54.230', 'Mozilla/5.0 (Windows NT 10.0; Win64; x64) AppleWebKit/537.36 (KHTML, like Gecko) Chrome/142.0.0.0 Safari/537.36', '2025-11-05 23:02:40'),
(1554, 1, 'ADMIN', 'INV', ' Se buscaron contra recibos en invoice ', '186.96.54.230', 'Mozilla/5.0 (Windows NT 10.0; Win64; x64) AppleWebKit/537.36 (KHTML, like Gecko) Chrome/142.0.0.0 Safari/537.36', '2025-11-05 23:03:39'),
(1555, 1, 'ADMIN', 'INV', ' Se buscaron contra recibos en invoice ', '186.96.54.230', 'Mozilla/5.0 (Windows NT 10.0; Win64; x64) AppleWebKit/537.36 (KHTML, like Gecko) Chrome/142.0.0.0 Safari/537.36', '2025-11-05 23:03:46'),
(1556, 4, 'RECOLECCION1', 'LOGIN', 'Inicio de sesión exitoso', '187.190.223.242', 'Mozilla/5.0 (Windows NT 10.0; Win64; x64) AppleWebKit/537.36 (KHTML, like Gecko) Chrome/142.0.0.0 Safari/537.36 Edg/142.0.0.0', '2025-11-05 23:05:20'),
(1557, 1, 'ADMIN', 'LOGIN', 'Inicio de sesión exitoso', '186.96.54.230', 'Mozilla/5.0 (Windows NT 10.0; Win64; x64) AppleWebKit/537.36 (KHTML, like Gecko) Chrome/142.0.0.0 Safari/537.36', '2025-11-05 23:58:52'),
(1558, 1, 'ADMIN', 'INV', ' Se buscaron contra recibos en invoice ', '186.96.54.230', 'Mozilla/5.0 (Windows NT 10.0; Win64; x64) AppleWebKit/537.36 (KHTML, like Gecko) Chrome/142.0.0.0 Safari/537.36', '2025-11-06 00:07:07'),
(1559, 1, 'ADMIN', 'INV', ' Se buscaron facturas en invoice ', '186.96.54.230', 'Mozilla/5.0 (Windows NT 10.0; Win64; x64) AppleWebKit/537.36 (KHTML, like Gecko) Chrome/142.0.0.0 Safari/537.36', '2025-11-06 00:07:15'),
(1560, 1, 'ADMIN', 'INV', ' Se buscaron facturas en invoice ', '186.96.54.230', 'Mozilla/5.0 (Windows NT 10.0; Win64; x64) AppleWebKit/537.36 (KHTML, like Gecko) Chrome/142.0.0.0 Safari/537.36', '2025-11-06 00:07:39'),
(1561, 1, 'ADMIN', 'INV', ' Se buscaron facturas en invoice ', '186.96.54.230', 'Mozilla/5.0 (Windows NT 10.0; Win64; x64) AppleWebKit/537.36 (KHTML, like Gecko) Chrome/142.0.0.0 Safari/537.36', '2025-11-06 00:08:19'),
(1562, 1, 'ADMIN', 'INV', ' Se buscaron contra recibos en invoice ', '186.96.54.230', 'Mozilla/5.0 (Windows NT 10.0; Win64; x64) AppleWebKit/537.36 (KHTML, like Gecko) Chrome/142.0.0.0 Safari/537.36', '2025-11-06 00:08:37'),
(1563, 1, 'ADMIN', 'INV', ' Se buscaron contra recibos en invoice ', '186.96.54.230', 'Mozilla/5.0 (Windows NT 10.0; Win64; x64) AppleWebKit/537.36 (KHTML, like Gecko) Chrome/142.0.0.0 Safari/537.36', '2025-11-06 00:08:45'),
(1564, 1, 'ADMIN', 'LOGIN', 'Inicio de sesión exitoso', '186.96.54.230', 'Mozilla/5.0 (Windows NT 10.0; Win64; x64) AppleWebKit/537.36 (KHTML, like Gecko) Chrome/142.0.0.0 Safari/537.36', '2025-11-06 15:38:29'),
(1565, 1, 'ADMIN', 'INV', ' Se buscaron facturas en invoice ', '186.96.54.230', 'Mozilla/5.0 (Windows NT 10.0; Win64; x64) AppleWebKit/537.36 (KHTML, like Gecko) Chrome/142.0.0.0 Safari/537.36', '2025-11-06 15:42:30'),
(1566, 1, 'ADMIN', 'INV', ' Se buscaron contra recibos en invoice ', '186.96.54.230', 'Mozilla/5.0 (Windows NT 10.0; Win64; x64) AppleWebKit/537.36 (KHTML, like Gecko) Chrome/142.0.0.0 Safari/537.36', '2025-11-06 15:45:36'),
(1567, 1, 'ADMIN', 'CREAR', 'Dio de alta una nueva bodega para el proveedor 2', '186.96.54.230', 'Mozilla/5.0 (Windows NT 10.0; Win64; x64) AppleWebKit/537.36 (KHTML, like Gecko) Chrome/142.0.0.0 Safari/537.36', '2025-11-06 15:54:29'),
(1568, 1, 'ADMIN', 'CREAR', 'Dio de alta un nuevo fletero', '186.96.54.230', 'Mozilla/5.0 (Windows NT 10.0; Win64; x64) AppleWebKit/537.36 (KHTML, like Gecko) Chrome/142.0.0.0 Safari/537.36', '2025-11-06 15:56:59'),
(1569, 1, 'ADMIN', 'CREAR', 'Dio de alta un nuevo fletero', '186.96.54.230', 'Mozilla/5.0 (Windows NT 10.0; Win64; x64) AppleWebKit/537.36 (KHTML, like Gecko) Chrome/142.0.0.0 Safari/537.36', '2025-11-06 15:58:07'),
(1570, 1, 'ADMIN', 'CREAR', 'Dio de alta un nuevo fletero', '186.96.54.230', 'Mozilla/5.0 (Windows NT 10.0; Win64; x64) AppleWebKit/537.36 (KHTML, like Gecko) Chrome/142.0.0.0 Safari/537.36', '2025-11-06 15:58:41'),
(1571, 1, 'ADMIN', 'CREAR', 'Dio de alta un nuevo fletero', '186.96.54.230', 'Mozilla/5.0 (Windows NT 10.0; Win64; x64) AppleWebKit/537.36 (KHTML, like Gecko) Chrome/142.0.0.0 Safari/537.36', '2025-11-06 15:59:48'),
(1572, 1, 'ADMIN', 'CREAR', 'Dio de alta un nuevo fletero', '186.96.54.230', 'Mozilla/5.0 (Windows NT 10.0; Win64; x64) AppleWebKit/537.36 (KHTML, like Gecko) Chrome/142.0.0.0 Safari/537.36', '2025-11-06 16:00:15'),
(1573, 1, 'ADMIN', 'CREAR', 'Dio de alta un nuevo fletero', '186.96.54.230', 'Mozilla/5.0 (Windows NT 10.0; Win64; x64) AppleWebKit/537.36 (KHTML, like Gecko) Chrome/142.0.0.0 Safari/537.36', '2025-11-06 16:01:31'),
(1574, 1, 'ADMIN', 'CREAR', 'Dio de alta un nuevo fletero', '186.96.54.230', 'Mozilla/5.0 (Windows NT 10.0; Win64; x64) AppleWebKit/537.36 (KHTML, like Gecko) Chrome/142.0.0.0 Safari/537.36', '2025-11-06 16:02:23'),
(1575, 1, 'ADMIN', 'CREAR', 'Dio de alta un nuevo fletero', '186.96.54.230', 'Mozilla/5.0 (Windows NT 10.0; Win64; x64) AppleWebKit/537.36 (KHTML, like Gecko) Chrome/142.0.0.0 Safari/537.36', '2025-11-06 16:03:00'),
(1576, 1, 'ADMIN', 'CREAR', 'Dio de alta un nuevo fletero', '186.96.54.230', 'Mozilla/5.0 (Windows NT 10.0; Win64; x64) AppleWebKit/537.36 (KHTML, like Gecko) Chrome/142.0.0.0 Safari/537.36', '2025-11-06 16:03:34'),
(1577, 1, 'ADMIN', 'CREAR', 'Dio de alta un nuevo fletero', '186.96.54.230', 'Mozilla/5.0 (Windows NT 10.0; Win64; x64) AppleWebKit/537.36 (KHTML, like Gecko) Chrome/142.0.0.0 Safari/537.36', '2025-11-06 16:04:46'),
(1578, 1, 'ADMIN', 'CREAR', 'Dio de alta un nuevo fletero', '186.96.54.230', 'Mozilla/5.0 (Windows NT 10.0; Win64; x64) AppleWebKit/537.36 (KHTML, like Gecko) Chrome/142.0.0.0 Safari/537.36', '2025-11-06 16:05:44'),
(1579, 1, 'ADMIN', 'CREAR', 'Dio de alta un nuevo fletero', '186.96.54.230', 'Mozilla/5.0 (Windows NT 10.0; Win64; x64) AppleWebKit/537.36 (KHTML, like Gecko) Chrome/142.0.0.0 Safari/537.36', '2025-11-06 16:06:22'),
(1580, 1, 'ADMIN', 'CREAR', 'Dio de alta un nuevo fletero', '186.96.54.230', 'Mozilla/5.0 (Windows NT 10.0; Win64; x64) AppleWebKit/537.36 (KHTML, like Gecko) Chrome/142.0.0.0 Safari/537.36', '2025-11-06 16:06:55'),
(1581, 1, 'ADMIN', 'PRECIO', 'Registro precio de flete para el fletero 36', '186.96.54.230', 'Mozilla/5.0 (Windows NT 10.0; Win64; x64) AppleWebKit/537.36 (KHTML, like Gecko) Chrome/142.0.0.0 Safari/537.36', '2025-11-06 16:08:50'),
(1582, 1, 'ADMIN', 'PRECIO', 'Registro precio de flete para el fletero 37', '186.96.54.230', 'Mozilla/5.0 (Windows NT 10.0; Win64; x64) AppleWebKit/537.36 (KHTML, like Gecko) Chrome/142.0.0.0 Safari/537.36', '2025-11-06 16:10:00'),
(1583, 1, 'ADMIN', 'PRECIO', 'Registro precio de flete para el fletero 38', '186.96.54.230', 'Mozilla/5.0 (Windows NT 10.0; Win64; x64) AppleWebKit/537.36 (KHTML, like Gecko) Chrome/142.0.0.0 Safari/537.36', '2025-11-06 16:11:41'),
(1584, 1, 'ADMIN', 'PRECIO', 'Elimino el precio del fletero 38', '186.96.54.230', 'Mozilla/5.0 (Windows NT 10.0; Win64; x64) AppleWebKit/537.36 (KHTML, like Gecko) Chrome/142.0.0.0 Safari/537.36', '2025-11-06 16:11:48'),
(1585, 1, 'ADMIN', 'PRECIO', 'Registro precio de flete para el fletero 38', '186.96.54.230', 'Mozilla/5.0 (Windows NT 10.0; Win64; x64) AppleWebKit/537.36 (KHTML, like Gecko) Chrome/142.0.0.0 Safari/537.36', '2025-11-06 16:13:37'),
(1586, 1, 'ADMIN', 'PRECIO', 'Registro precio de flete para el fletero 35', '186.96.54.230', 'Mozilla/5.0 (Windows NT 10.0; Win64; x64) AppleWebKit/537.36 (KHTML, like Gecko) Chrome/142.0.0.0 Safari/537.36', '2025-11-06 16:14:08'),
(1587, 1, 'ADMIN', 'PRECIO', 'Registro precio de flete para el fletero 39', '186.96.54.230', 'Mozilla/5.0 (Windows NT 10.0; Win64; x64) AppleWebKit/537.36 (KHTML, like Gecko) Chrome/142.0.0.0 Safari/537.36', '2025-11-06 16:14:43'),
(1588, 1, 'ADMIN', 'PRECIO', 'Registro precio de flete para el fletero 40', '186.96.54.230', 'Mozilla/5.0 (Windows NT 10.0; Win64; x64) AppleWebKit/537.36 (KHTML, like Gecko) Chrome/142.0.0.0 Safari/537.36', '2025-11-06 16:15:15'),
(1589, 1, 'ADMIN', 'PRECIO', 'Registro precio de flete para el fletero 41', '186.96.54.230', 'Mozilla/5.0 (Windows NT 10.0; Win64; x64) AppleWebKit/537.36 (KHTML, like Gecko) Chrome/142.0.0.0 Safari/537.36', '2025-11-06 16:15:42'),
(1590, 1, 'ADMIN', 'PRECIO', 'Registro precio de flete para el fletero 42', '186.96.54.230', 'Mozilla/5.0 (Windows NT 10.0; Win64; x64) AppleWebKit/537.36 (KHTML, like Gecko) Chrome/142.0.0.0 Safari/537.36', '2025-11-06 16:16:07'),
(1591, 1, 'ADMIN', 'PRECIO', 'Registro precio de flete para el fletero 43', '186.96.54.230', 'Mozilla/5.0 (Windows NT 10.0; Win64; x64) AppleWebKit/537.36 (KHTML, like Gecko) Chrome/142.0.0.0 Safari/537.36', '2025-11-06 16:16:33'),
(1592, 1, 'ADMIN', 'PRECIO', 'Registro precio de flete para el fletero 44', '186.96.54.230', 'Mozilla/5.0 (Windows NT 10.0; Win64; x64) AppleWebKit/537.36 (KHTML, like Gecko) Chrome/142.0.0.0 Safari/537.36', '2025-11-06 16:16:59'),
(1593, 1, 'ADMIN', 'PRECIO', 'Registro precio de flete para el fletero 45', '186.96.54.230', 'Mozilla/5.0 (Windows NT 10.0; Win64; x64) AppleWebKit/537.36 (KHTML, like Gecko) Chrome/142.0.0.0 Safari/537.36', '2025-11-06 16:17:28'),
(1594, 1, 'ADMIN', 'PRECIO', 'Registro precio de flete para el fletero 46', '186.96.54.230', 'Mozilla/5.0 (Windows NT 10.0; Win64; x64) AppleWebKit/537.36 (KHTML, like Gecko) Chrome/142.0.0.0 Safari/537.36', '2025-11-06 16:17:58'),
(1595, 1, 'ADMIN', 'PRECIO', 'Registro precio de flete para el fletero 47', '186.96.54.230', 'Mozilla/5.0 (Windows NT 10.0; Win64; x64) AppleWebKit/537.36 (KHTML, like Gecko) Chrome/142.0.0.0 Safari/537.36', '2025-11-06 16:18:25'),
(1596, 1, 'ADMIN', 'PRECIO', 'Registro precio de flete para el fletero 48', '186.96.54.230', 'Mozilla/5.0 (Windows NT 10.0; Win64; x64) AppleWebKit/537.36 (KHTML, like Gecko) Chrome/142.0.0.0 Safari/537.36', '2025-11-06 16:18:49'),
(1597, 1, 'ADMIN', 'CREAR', 'Dio de alta una nuevo producto', '186.96.54.230', 'Mozilla/5.0 (Windows NT 10.0; Win64; x64) AppleWebKit/537.36 (KHTML, like Gecko) Chrome/142.0.0.0 Safari/537.36', '2025-11-06 16:20:27'),
(1598, 1, 'ADMIN', 'PRECIO', 'Precio registrado con éxito Para el producto 30', '186.96.54.230', 'Mozilla/5.0 (Windows NT 10.0; Win64; x64) AppleWebKit/537.36 (KHTML, like Gecko) Chrome/142.0.0.0 Safari/537.36', '2025-11-06 16:20:47'),
(1599, 1, 'ADMIN', 'PRECIO', 'Precio registrado con éxito Para el producto 30', '186.96.54.230', 'Mozilla/5.0 (Windows NT 10.0; Win64; x64) AppleWebKit/537.36 (KHTML, like Gecko) Chrome/142.0.0.0 Safari/537.36', '2025-11-06 16:21:20'),
(1600, 1, 'ADMIN', 'REC', 'Actualizo los datos del fletero en la recolección 352', '186.96.54.230', 'Mozilla/5.0 (Windows NT 10.0; Win64; x64) AppleWebKit/537.36 (KHTML, like Gecko) Chrome/142.0.0.0 Safari/537.36', '2025-11-06 16:33:08'),
(1601, 1, 'ADMIN', 'REC', 'Actualizo los datos del fletero en la recolección 353', '186.96.54.230', 'Mozilla/5.0 (Windows NT 10.0; Win64; x64) AppleWebKit/537.36 (KHTML, like Gecko) Chrome/142.0.0.0 Safari/537.36', '2025-11-06 16:35:15'),
(1602, 1, 'ADMIN', 'REC', 'Actualizo los datos del fletero en la recolección 355', '186.96.54.230', 'Mozilla/5.0 (Windows NT 10.0; Win64; x64) AppleWebKit/537.36 (KHTML, like Gecko) Chrome/142.0.0.0 Safari/537.36', '2025-11-06 16:36:12'),
(1603, 1, 'ADMIN', 'REC', 'Actualizo los datos del fletero en la recolección 363', '186.96.54.230', 'Mozilla/5.0 (Windows NT 10.0; Win64; x64) AppleWebKit/537.36 (KHTML, like Gecko) Chrome/142.0.0.0 Safari/537.36', '2025-11-06 16:36:33'),
(1604, 1, 'ADMIN', 'INV', ' Se buscaron facturas en invoice ', '186.96.54.230', 'Mozilla/5.0 (Windows NT 10.0; Win64; x64) AppleWebKit/537.36 (KHTML, like Gecko) Chrome/142.0.0.0 Safari/537.36', '2025-11-06 16:39:09'),
(1605, 1, 'ADMIN', 'INV', ' Se buscaron contra recibos en invoice ', '186.96.54.230', 'Mozilla/5.0 (Windows NT 10.0; Win64; x64) AppleWebKit/537.36 (KHTML, like Gecko) Chrome/142.0.0.0 Safari/537.36', '2025-11-06 16:39:24'),
(1606, 1, 'ADMIN', 'EXCEL', 'Descargo el EXCEL de recolecciones', '186.96.54.230', 'Mozilla/5.0 (Windows NT 10.0; Win64; x64) AppleWebKit/537.36 (KHTML, like Gecko) Chrome/142.0.0.0 Safari/537.36', '2025-11-06 16:55:35'),
(1607, 1, 'ADMIN', 'INV', ' Se buscaron facturas en invoice ', '186.96.54.230', 'Mozilla/5.0 (Windows NT 10.0; Win64; x64) AppleWebKit/537.36 (KHTML, like Gecko) Chrome/142.0.0.0 Safari/537.36', '2025-11-06 17:16:50'),
(1608, 1, 'ADMIN', 'INV', ' Se buscaron contra recibos en invoice ', '186.96.54.230', 'Mozilla/5.0 (Windows NT 10.0; Win64; x64) AppleWebKit/537.36 (KHTML, like Gecko) Chrome/142.0.0.0 Safari/537.36', '2025-11-06 17:17:11'),
(1609, 1, 'ADMIN', 'LOGIN', 'Inicio de sesión exitoso', '186.96.54.230', 'Mozilla/5.0 (Windows NT 10.0; Win64; x64) AppleWebKit/537.36 (KHTML, like Gecko) Chrome/142.0.0.0 Safari/537.36', '2025-11-06 18:02:19'),
(1610, 1, 'ADMIN', 'LOGIN', 'Inicio de sesión exitoso', '186.96.54.230', 'Mozilla/5.0 (Windows NT 10.0; Win64; x64) AppleWebKit/537.36 (KHTML, like Gecko) Chrome/142.0.0.0 Safari/537.36', '2025-11-06 19:05:11'),
(1611, 4, 'RECOLECCION1', 'LOGIN', 'Inicio de sesión exitoso', '187.190.223.242', 'Mozilla/5.0 (Windows NT 10.0; Win64; x64) AppleWebKit/537.36 (KHTML, like Gecko) Chrome/142.0.0.0 Safari/537.36 Edg/142.0.0.0', '2025-11-06 19:09:39'),
(1612, 1, 'ADMIN', 'INV', ' Se buscaron facturas en invoice ', '186.96.54.230', 'Mozilla/5.0 (Windows NT 10.0; Win64; x64) AppleWebKit/537.36 (KHTML, like Gecko) Chrome/142.0.0.0 Safari/537.36', '2025-11-06 19:14:35'),
(1613, 1, 'ADMIN', 'INV', ' Se buscaron facturas en invoice ', '186.96.54.230', 'Mozilla/5.0 (Windows NT 10.0; Win64; x64) AppleWebKit/537.36 (KHTML, like Gecko) Chrome/142.0.0.0 Safari/537.36', '2025-11-06 19:14:52'),
(1614, 1, 'ADMIN', 'INV', ' Se buscaron contra recibos en invoice ', '186.96.54.230', 'Mozilla/5.0 (Windows NT 10.0; Win64; x64) AppleWebKit/537.36 (KHTML, like Gecko) Chrome/142.0.0.0 Safari/537.36', '2025-11-06 19:15:20'),
(1615, 1, 'ADMIN', 'INV', ' Se buscaron contra recibos en invoice ', '186.96.54.230', 'Mozilla/5.0 (Windows NT 10.0; Win64; x64) AppleWebKit/537.36 (KHTML, like Gecko) Chrome/142.0.0.0 Safari/537.36', '2025-11-06 19:15:34'),
(1616, 1, 'ADMIN', 'LOGIN', 'Inicio de sesión exitoso', '186.96.54.230', 'Mozilla/5.0 (Windows NT 10.0; Win64; x64) AppleWebKit/537.36 (KHTML, like Gecko) Chrome/142.0.0.0 Safari/537.36', '2025-11-06 20:10:51'),
(1617, 1, 'ADMIN', 'INV', ' Se buscaron facturas en invoice ', '186.96.54.230', 'Mozilla/5.0 (Windows NT 10.0; Win64; x64) AppleWebKit/537.36 (KHTML, like Gecko) Chrome/142.0.0.0 Safari/537.36', '2025-11-06 20:11:13'),
(1618, 1, 'ADMIN', 'INV', ' Se buscaron facturas en invoice ', '186.96.54.230', 'Mozilla/5.0 (Windows NT 10.0; Win64; x64) AppleWebKit/537.36 (KHTML, like Gecko) Chrome/142.0.0.0 Safari/537.36', '2025-11-06 20:12:15'),
(1619, 1, 'ADMIN', 'INV', ' Se buscaron contra recibos en invoice ', '186.96.54.230', 'Mozilla/5.0 (Windows NT 10.0; Win64; x64) AppleWebKit/537.36 (KHTML, like Gecko) Chrome/142.0.0.0 Safari/537.36', '2025-11-06 20:12:42'),
(1620, 1, 'ADMIN', 'INV', ' Se buscaron facturas en invoice ', '186.96.54.230', 'Mozilla/5.0 (Windows NT 10.0; Win64; x64) AppleWebKit/537.36 (KHTML, like Gecko) Chrome/142.0.0.0 Safari/537.36', '2025-11-06 20:33:45'),
(1621, 1, 'ADMIN', 'INV', ' Se buscaron facturas en invoice ', '186.96.54.230', 'Mozilla/5.0 (Windows NT 10.0; Win64; x64) AppleWebKit/537.36 (KHTML, like Gecko) Chrome/142.0.0.0 Safari/537.36', '2025-11-06 20:34:11'),
(1622, 1, 'ADMIN', 'INV', ' Se buscaron contra recibos en invoice ', '186.96.54.230', 'Mozilla/5.0 (Windows NT 10.0; Win64; x64) AppleWebKit/537.36 (KHTML, like Gecko) Chrome/142.0.0.0 Safari/537.36', '2025-11-06 20:35:19'),
(1623, 1, 'ADMIN', 'LOGIN', 'Inicio de sesión exitoso', '186.96.54.230', 'Mozilla/5.0 (Windows NT 10.0; Win64; x64) AppleWebKit/537.36 (KHTML, like Gecko) Chrome/142.0.0.0 Safari/537.36', '2025-11-06 22:05:06'),
(1624, 1, 'ADMIN', 'INV', ' Se buscaron facturas en invoice ', '186.96.54.230', 'Mozilla/5.0 (Windows NT 10.0; Win64; x64) AppleWebKit/537.36 (KHTML, like Gecko) Chrome/142.0.0.0 Safari/537.36', '2025-11-06 22:05:44'),
(1625, 1, 'ADMIN', 'INV', ' Se buscaron contra recibos en invoice ', '186.96.54.230', 'Mozilla/5.0 (Windows NT 10.0; Win64; x64) AppleWebKit/537.36 (KHTML, like Gecko) Chrome/142.0.0.0 Safari/537.36', '2025-11-06 22:06:11'),
(1626, 5, 'RECOLECCION2', 'LOGIN', 'Inicio de sesión exitoso', '177.241.246.234', 'Mozilla/5.0 (Windows NT 10.0; Win64; x64) AppleWebKit/537.36 (KHTML, like Gecko) Chrome/142.0.0.0 Safari/537.36 Edg/142.0.0.0', '2025-11-06 22:09:07'),
(1627, 3, 'MASTER', 'LOGIN', 'Inicio de sesión exitoso', '80.169.235.110', 'Mozilla/5.0 (Windows NT 10.0; Win64; x64) AppleWebKit/537.36 (KHTML, like Gecko) Chrome/141.0.0.0 Safari/537.36', '2025-11-07 06:58:29'),
(1628, 5, 'RECOLECCION2', 'LOGIN', 'Inicio de sesión exitoso', '177.241.246.234', 'Mozilla/5.0 (Windows NT 10.0; Win64; x64) AppleWebKit/537.36 (KHTML, like Gecko) Chrome/142.0.0.0 Safari/537.36 Edg/142.0.0.0', '2025-11-07 14:40:18'),
(1629, 5, 'RECOLECCION2', 'CREAR', 'Dio de alta una nueva recolección 376', '177.241.246.234', 'Mozilla/5.0 (Windows NT 10.0; Win64; x64) AppleWebKit/537.36 (KHTML, like Gecko) Chrome/142.0.0.0 Safari/537.36 Edg/142.0.0.0', '2025-11-07 14:43:58'),
(1630, 5, 'RECOLECCION2', 'REC', 'Actualizó las remisiones y el peso de la recolección 376', '177.241.246.234', 'Mozilla/5.0 (Windows NT 10.0; Win64; x64) AppleWebKit/537.36 (KHTML, like Gecko) Chrome/142.0.0.0 Safari/537.36 Edg/142.0.0.0', '2025-11-07 14:44:33'),
(1631, 5, 'RECOLECCION2', 'CREAR', 'Dio de alta una nueva recolección 377', '177.241.246.234', 'Mozilla/5.0 (Windows NT 10.0; Win64; x64) AppleWebKit/537.36 (KHTML, like Gecko) Chrome/142.0.0.0 Safari/537.36 Edg/142.0.0.0', '2025-11-07 14:45:39'),
(1632, 5, 'RECOLECCION2', 'REC', 'Intentó usar una remisión existente en el sistema en la recolección 377', '177.241.246.234', 'Mozilla/5.0 (Windows NT 10.0; Win64; x64) AppleWebKit/537.36 (KHTML, like Gecko) Chrome/142.0.0.0 Safari/537.36 Edg/142.0.0.0', '2025-11-07 14:46:45'),
(1633, 5, 'RECOLECCION2', 'EDITAR', 'Edito la recoleccion 376', '177.241.246.234', 'Mozilla/5.0 (Windows NT 10.0; Win64; x64) AppleWebKit/537.36 (KHTML, like Gecko) Chrome/142.0.0.0 Safari/537.36 Edg/142.0.0.0', '2025-11-07 14:49:04'),
(1634, 5, 'RECOLECCION2', 'REC', 'Actualizó las remisiones y el peso de la recolección 376', '177.241.246.234', 'Mozilla/5.0 (Windows NT 10.0; Win64; x64) AppleWebKit/537.36 (KHTML, like Gecko) Chrome/142.0.0.0 Safari/537.36 Edg/142.0.0.0', '2025-11-07 14:49:32'),
(1635, 5, 'RECOLECCION2', 'REC', 'Actualizó las remisiones y el peso de la recolección 377', '177.241.246.234', 'Mozilla/5.0 (Windows NT 10.0; Win64; x64) AppleWebKit/537.36 (KHTML, like Gecko) Chrome/142.0.0.0 Safari/537.36 Edg/142.0.0.0', '2025-11-07 14:50:54'),
(1636, 1, 'ADMIN', 'LOGIN', 'Inicio de sesión exitoso', '186.96.54.230', 'Mozilla/5.0 (Windows NT 10.0; Win64; x64) AppleWebKit/537.36 (KHTML, like Gecko) Chrome/142.0.0.0 Safari/537.36', '2025-11-07 15:30:39'),
(1637, 1, 'ADMIN', 'INV', ' Se buscaron facturas en invoice ', '186.96.54.230', 'Mozilla/5.0 (Windows NT 10.0; Win64; x64) AppleWebKit/537.36 (KHTML, like Gecko) Chrome/142.0.0.0 Safari/537.36', '2025-11-07 15:39:04'),
(1638, 1, 'ADMIN', 'INV', ' Se buscaron facturas en invoice ', '186.96.54.230', 'Mozilla/5.0 (Windows NT 10.0; Win64; x64) AppleWebKit/537.36 (KHTML, like Gecko) Chrome/142.0.0.0 Safari/537.36', '2025-11-07 15:39:55'),
(1639, 1, 'ADMIN', 'INV', ' Se buscaron contra recibos en invoice ', '186.96.54.230', 'Mozilla/5.0 (Windows NT 10.0; Win64; x64) AppleWebKit/537.36 (KHTML, like Gecko) Chrome/142.0.0.0 Safari/537.36', '2025-11-07 15:40:36'),
(1640, 1, 'ADMIN', 'INV', ' Se buscaron facturas en invoice ', '186.96.54.230', 'Mozilla/5.0 (Windows NT 10.0; Win64; x64) AppleWebKit/537.36 (KHTML, like Gecko) Chrome/142.0.0.0 Safari/537.36', '2025-11-07 15:40:59'),
(1641, 1, 'ADMIN', 'INV', ' Se buscaron contra recibos en invoice ', '186.96.54.230', 'Mozilla/5.0 (Windows NT 10.0; Win64; x64) AppleWebKit/537.36 (KHTML, like Gecko) Chrome/142.0.0.0 Safari/537.36', '2025-11-07 15:41:13'),
(1642, 1, 'ADMIN', 'INV', ' Se buscaron contra recibos en invoice ', '186.96.54.230', 'Mozilla/5.0 (Windows NT 10.0; Win64; x64) AppleWebKit/537.36 (KHTML, like Gecko) Chrome/142.0.0.0 Safari/537.36', '2025-11-07 15:41:19');

-- --------------------------------------------------------

--
-- Estructura de tabla para la tabla `usuarios`
--

CREATE TABLE `usuarios` (
  `id_user` int NOT NULL,
  `nombre` varchar(255) DEFAULT NULL,
  `correo` varchar(255) DEFAULT NULL,
  `usuario` varchar(255) DEFAULT NULL,
  `pass` varchar(255) DEFAULT NULL,
  `tipo` varchar(255) DEFAULT NULL,
  `fecha` timestamp NOT NULL DEFAULT CURRENT_TIMESTAMP,
  `a` varchar(255) DEFAULT '0',
  `b` varchar(255) NOT NULL DEFAULT '0',
  `c` varchar(255) NOT NULL DEFAULT '0',
  `d` varchar(255) NOT NULL DEFAULT '0',
  `e` varchar(255) NOT NULL DEFAULT '0',
  `f` varchar(255) NOT NULL DEFAULT '0',
  `a1` varchar(255) NOT NULL DEFAULT '0',
  `b1` varchar(255) NOT NULL DEFAULT '0',
  `c1` varchar(255) NOT NULL DEFAULT '0',
  `d1` varchar(255) NOT NULL DEFAULT '0',
  `e1` varchar(255) NOT NULL DEFAULT '0',
  `f1` varchar(255) NOT NULL DEFAULT '0',
  `zona` varchar(255) DEFAULT NULL,
  `af` varchar(255) NOT NULL DEFAULT '0',
  `acr` varchar(255) NOT NULL DEFAULT '0',
  `acc` varchar(255) NOT NULL DEFAULT '0',
  `en_correo` varchar(255) NOT NULL DEFAULT '0',
  `prec` varchar(255) NOT NULL DEFAULT '0',
  `zona_adm` varchar(255) NOT NULL DEFAULT '0',
  `status` varchar(255) NOT NULL DEFAULT '1'
) ENGINE=MyISAM DEFAULT CHARSET=utf8mb4 COLLATE=utf8mb4_0900_ai_ci;

--
-- Volcado de datos para la tabla `usuarios`
--

INSERT INTO `usuarios` (`id_user`, `nombre`, `correo`, `usuario`, `pass`, `tipo`, `fecha`, `a`, `b`, `c`, `d`, `e`, `f`, `a1`, `b1`, `c1`, `d1`, `e1`, `f1`, `zona`, `af`, `acr`, `acc`, `en_correo`, `prec`, `zona_adm`, `status`) VALUES
(1, 'Jorge Victorio', 'sistemas2@glama.com.mx', 'ADMIN', '06af401c13fb904e491347d1a55feac3', '100', '2025-07-22 17:54:42', '1', '1', '1', '1', '1', '1', '1', '1', '1', '1', '1', '1', '0', '1', '1', '1', '1', '1', '1', '1'),
(2, 'Daniel Arroyo', 'jorge.d.victorio11@gmail.com', 'DANIEL', '827ccb0eea8a706c4c34a16891f84e7b', '10', '2025-07-23 22:23:07', '1', '1', '1', '1', '1', '1', '1', '1', '1', '1', '1', '1', '1', '1', '1', '1', '0', '0', '0', '1'),
(3, 'Arturo Islas', 'aislas@glama.com.mx', 'MASTER', '2b56c292ea9856b33766eca6f934fc48', '100', '2025-07-26 05:58:28', '1', '1', '1', '1', '1', '1', '1', '1', '1', '1', '1', '1', '0', '1', '1', '0', '1', '1', '0', '1'),
(4, 'Leticia', 'finanzas1@dexalapa.com.mx', 'RECOLECCION1', 'a51b8bac7fb042f417c7354e0d849a6c', '30', '2025-10-06 15:29:42', '0', '0', '0', '0', '0', '0', '0', '0', '0', '0', '0', '0', '0', '0', '0', '0', '0', '0', '0', '1'),
(5, 'Saul Silva', 'ssilva@dexalapa.com.mx', 'RECOLECCION2', '441a781f29300b6d980ded598107c56f', '30', '2025-10-06 15:30:37', '0', '0', '0', '0', '0', '1', '0', '0', '0', '0', '0', '1', '0', '0', '0', '0', '1', '0', '0', '1');

-- --------------------------------------------------------

--
-- Estructura de tabla para la tabla `ventas`
--

CREATE TABLE `ventas` (
  `id_venta` int NOT NULL,
  `fact` varchar(255) DEFAULT NULL,
  `factura` varchar(255) DEFAULT NULL,
  `d_prov` varchar(255) DEFAULT NULL,
  `nombre` varchar(255) DEFAULT NULL,
  `id_cli` varchar(255) CHARACTER SET utf8mb4 COLLATE utf8mb4_0900_ai_ci DEFAULT NULL,
  `id_direc` varchar(255) DEFAULT NULL,
  `id_compra` varchar(255) DEFAULT NULL,
  `id_prod` varchar(255) DEFAULT NULL,
  `costo_flete` varchar(255) DEFAULT NULL,
  `flete` varchar(255) CHARACTER SET utf8mb4 COLLATE utf8mb4_0900_ai_ci DEFAULT NULL,
  `fact_fle` varchar(255) DEFAULT NULL,
  `d_fletero` varchar(255) DEFAULT NULL,
  `tara` varchar(255) DEFAULT NULL,
  `bruto` varchar(255) DEFAULT NULL,
  `Neto` varchar(255) DEFAULT NULL,
  `peso_cliente` varchar(255) DEFAULT NULL,
  `precio` varchar(255) DEFAULT NULL,
  `im_tras_inv` varchar(255) DEFAULT NULL,
  `im_rete_inv` varchar(255) DEFAULT NULL,
  `total_inv` varchar(255) DEFAULT NULL,
  `rfc_inv` varchar(255) DEFAULT NULL,
  `aliasInv` varchar(255) DEFAULT NULL,
  `folio_contra` varchar(255) DEFAULT NULL,
  `fecha` timestamp NOT NULL DEFAULT CURRENT_TIMESTAMP,
  `id_user` varchar(255) DEFAULT NULL,
  `status` varchar(255) DEFAULT '1',
  `acciones` varchar(255) NOT NULL DEFAULT '0',
  `zona` varchar(255) DEFAULT NULL,
  `ex` varchar(255) NOT NULL DEFAULT '0'
) ENGINE=MyISAM DEFAULT CHARSET=utf8mb4 COLLATE=utf8mb4_0900_ai_ci;

--
-- Volcado de datos para la tabla `ventas`
--

INSERT INTO `ventas` (`id_venta`, `fact`, `factura`, `d_prov`, `nombre`, `id_cli`, `id_direc`, `id_compra`, `id_prod`, `costo_flete`, `flete`, `fact_fle`, `d_fletero`, `tara`, `bruto`, `Neto`, `peso_cliente`, `precio`, `im_tras_inv`, `im_rete_inv`, `total_inv`, `rfc_inv`, `aliasInv`, `folio_contra`, `fecha`, `id_user`, `status`, `acciones`, `zona`, `ex`) VALUES
(1, '23652', 'A30914', NULL, 'SAN PABLO', '7', '18', '1', '4', '0', '1', NULL, NULL, NULL, NULL, NULL, '24740', '4.50', NULL, NULL, NULL, NULL, NULL, NULL, '2025-07-09 06:00:00', '1', '1', '0', '1', '0'),
(2, '11955/167000', 'A30898', NULL, 'BIO PAPPEL', '2', '13', '2', '11', '15005', '29', '935', 'archivos/LAISA/2025/07/EA_B186_935_250728', NULL, NULL, NULL, '21300', '5.29', '2400.800', '600.200', '16805.600', 'LAI4802211H2', 'LAISA', '17876', '2025-07-25 06:00:00', '1', '1', '0', '1', '0'),
(13, '20767', NULL, NULL, '20767', '3', '14', '16', '3', '50701.1', '28', '19775', 'archivos/LAISA/2025/07/EA_D227_19775_250730', NULL, NULL, NULL, '26270', '5.3', '8112.180', '2028.040', '56785.240', 'LAI4802211H2', 'LAISA', '17865', '2025-07-30 06:00:00', '1', '1', '0', '1', '2'),
(14, '114376', '', NULL, '114376', '7', '18', '17', '9', '7505', '4', '8671', 'archivos/LAISA/2025/08/EA_A420_8671_250804', NULL, NULL, NULL, '17660', '5.37', '1200.800', '300.200', '8405.600', 'LAI4802211H2', 'LAISA', '17654', '2025-07-25 06:00:00', '1', '1', '0', '1', '2'),
(15, '20758', 'A30915', NULL, '20758', '3', '14', '18', '3', '1930', '10', NULL, NULL, NULL, NULL, NULL, '26040', '5.3', NULL, NULL, NULL, NULL, NULL, NULL, '2025-07-25 06:00:00', '1', '1', '0', '1', '2'),
(16, '11959-167134', 'A30918', NULL, '11959-167134', '3', '14', '19', '11', '14350', '10', NULL, NULL, NULL, NULL, NULL, '22700', '5.3', NULL, NULL, NULL, NULL, NULL, NULL, '2025-07-28 06:00:00', '1', '1', '0', '1', '2'),
(17, '114378', 'A30931', NULL, '114378', '7', '18', '20', '9', '7505', '4', NULL, NULL, NULL, NULL, NULL, '21140', '5.37', NULL, NULL, NULL, NULL, NULL, NULL, '2025-07-25 06:00:00', '1', '1', '0', '1', '2'),
(18, '11965-167336', 'A30932', NULL, '11965-167336', '3', '14', '21', '11', '14350', '10', NULL, NULL, NULL, NULL, NULL, '24400', '5.3', NULL, NULL, NULL, NULL, NULL, NULL, '2025-07-30 06:00:00', '1', '1', '0', '1', '2'),
(19, '10135', 'A30945', NULL, '10135', '2', '13', '22', '9', '15005', '29', NULL, NULL, NULL, NULL, NULL, '20055', '5.29', NULL, NULL, NULL, NULL, NULL, NULL, '2025-07-30 06:00:00', '1', '1', '0', '1', '2'),
(20, '20768', 'A30992', NULL, '20768', '3', '14', '23', '3', '1930', '10', NULL, NULL, NULL, NULL, NULL, '29430', '5.3', NULL, NULL, NULL, NULL, NULL, NULL, '2025-07-31 06:00:00', '1', '1', '0', '1', '2'),
(21, '11966-167514', 'A30993', NULL, '11966-167514', '3', '14', '24', '11', '14350', '10', NULL, NULL, NULL, NULL, NULL, '23200', '5.3', NULL, NULL, NULL, NULL, NULL, NULL, '2025-07-31 06:00:00', '1', '1', '0', '1', '2'),
(22, '11957-167076', 'A31230', NULL, '11957-167076', '3', '14', '25', '20', '14350', '30', NULL, NULL, NULL, NULL, NULL, '21600', '5.3', NULL, NULL, NULL, NULL, NULL, NULL, '2025-07-26 06:00:00', '1', '1', '0', '1', '2'),
(23, '20765', 'A31088', NULL, '20765', '3', '14', '26', '3', '50759', '28', NULL, NULL, NULL, NULL, NULL, '26300', '5.3', NULL, NULL, NULL, NULL, NULL, NULL, '2025-07-29 06:00:00', '1', '1', '0', '1', '2'),
(24, '114388', 'A31095', NULL, '114388', '6', '17', '27', '9', '0', '3', NULL, NULL, NULL, NULL, NULL, '21190', '3.8', NULL, NULL, NULL, NULL, NULL, NULL, '2025-08-08 06:00:00', '1', '1', '0', '1', '2'),
(25, '20766', 'A31164', NULL, '20766', '3', '14', '28', '3', '49369.4', '20', NULL, NULL, NULL, NULL, NULL, '25580', '5.3', NULL, NULL, NULL, NULL, NULL, NULL, '2025-07-30 06:00:00', '1', '1', '0', '1', '2'),
(26, '114392', 'A31069', NULL, '114392', '7', '18', '29', '9', '7505', '4', NULL, NULL, NULL, NULL, NULL, '17270', '5.37', NULL, NULL, NULL, NULL, NULL, NULL, '2025-07-30 06:00:00', '1', '1', '0', '1', '2'),
(27, '114393', 'A31070', NULL, '114393', '7', '18', '30', '9', '7505', '4', NULL, NULL, NULL, NULL, NULL, '17000', '5.37', NULL, NULL, NULL, NULL, NULL, NULL, '2025-07-30 06:00:00', '1', '1', '0', '1', '2'),
(28, '1487', 'A31082', NULL, '1487', '7', '18', '31', '1', '49415.52', '26', NULL, NULL, NULL, NULL, NULL, '25872', '5.58', NULL, NULL, NULL, NULL, NULL, NULL, '2025-07-31 06:00:00', '1', '1', '0', '1', '2'),
(29, '114335', 'A31058', NULL, '114335', '7', '18', '32', '6', '0', '3', NULL, NULL, NULL, NULL, NULL, '19110', '4.6', NULL, NULL, NULL, NULL, NULL, NULL, '2025-08-01 06:00:00', '1', '1', '0', '1', '2'),
(30, '114336', 'A31059', NULL, '114336', '7', '18', '33', '6', '0', '3', NULL, NULL, NULL, NULL, NULL, '22710', '4.6', NULL, NULL, NULL, NULL, NULL, NULL, '2025-07-31 06:00:00', '1', '1', '0', '1', '2'),
(31, '114337', 'A31064', NULL, '114337', '6', '17', '34', '6', '0', '3', NULL, NULL, NULL, NULL, NULL, '6600', '1.2', NULL, NULL, NULL, NULL, NULL, NULL, '2025-07-31 06:00:00', '1', '1', '0', '1', '2'),
(32, '114398', 'A31071', NULL, '114398', '7', '18', '35', '9', '7505', '4', NULL, NULL, NULL, NULL, NULL, '8980', '5.37', NULL, NULL, NULL, NULL, NULL, NULL, '2025-07-31 06:00:00', '1', '1', '0', '1', '2'),
(33, '114400', 'A31072', NULL, '114400', '7', '18', '36', '9', '7505', '4', NULL, NULL, NULL, NULL, NULL, '8490', '5.37', NULL, NULL, NULL, NULL, NULL, NULL, '2025-07-31 06:00:00', '1', '1', '0', '1', '2'),
(34, '114401', 'A31096', NULL, '114401', '6', '17', '37', '9', '0', '3', NULL, NULL, NULL, NULL, NULL, '22040', '3.8', NULL, NULL, NULL, NULL, NULL, NULL, '2025-07-31 06:00:00', '1', '1', '0', '1', '2'),
(35, '10136', 'A31091', NULL, '10136', '2', '13', '38', '2', '15005', '29', NULL, NULL, NULL, NULL, NULL, '19826', '5.29', NULL, NULL, NULL, NULL, NULL, NULL, '2025-08-01 06:00:00', '1', '1', '0', '1', '2'),
(36, '20773', 'A31089', NULL, '20773', '3', '14', '39', '3', '50237.9', '15', NULL, NULL, NULL, NULL, NULL, '26030', '5.3', NULL, NULL, NULL, NULL, NULL, NULL, '2025-08-01 06:00:00', '1', '1', '0', '1', '2'),
(37, '23708', 'A31066', NULL, '23708', '7', '18', '40', '4', '0', '3', NULL, NULL, NULL, NULL, NULL, '23270', '4.5', NULL, NULL, NULL, NULL, NULL, NULL, '2025-08-01 06:00:00', '1', '1', '0', '1', '2'),
(38, '23709', 'A31067', NULL, '23709', '7', '18', '41', '4', '0', '3', NULL, NULL, NULL, NULL, NULL, '25160', '4.5', NULL, NULL, NULL, NULL, NULL, NULL, '2025-08-01 06:00:00', '1', '1', '0', '1', '2'),
(39, '7531M13413', 'A31054', NULL, '7531M13413', '7', '18', '42', '7', '16506.6', '23', '3574', 'archivos/LAISA/2025/09/EA_C600_3574_250908', NULL, NULL, NULL, '25010', '5.39', '2641.060', '660.260', '18487.400', 'LAI4802211H2', 'LAISA', '17885', '2025-08-01 06:00:00', '1', '1', '0', '1', '2'),
(40, '114338', 'A31060', NULL, '114338', '7', '18', '43', '6', '0', '3', NULL, NULL, NULL, NULL, NULL, '22660', '4.6', NULL, NULL, NULL, NULL, NULL, NULL, '2025-08-01 06:00:00', '1', '1', '0', '1', '2'),
(41, '114340', 'A31138', NULL, '114340', '7', '18', '44', '6', '0', '3', NULL, NULL, NULL, NULL, NULL, '22710', '4.6', NULL, NULL, NULL, NULL, NULL, NULL, '2025-08-01 06:00:00', '1', '1', '0', '1', '2'),
(42, '114403', 'A31073', NULL, '114403', '7', '18', '45', '9', '7505', '4', NULL, NULL, NULL, NULL, NULL, '7310', '5.37', NULL, NULL, NULL, NULL, NULL, NULL, '2025-08-01 06:00:00', '1', '1', '0', '1', '2'),
(43, '20776', 'A31090', NULL, '20776', '3', '14', '46', '3', '49967.7', '28', NULL, NULL, NULL, NULL, NULL, '25890', '5.3', NULL, NULL, NULL, NULL, NULL, NULL, '2025-08-02 06:00:00', '1', '1', '0', '1', '2'),
(44, '20775', 'A31165', NULL, '20775', '3', '14', '47', '3', '48172.8', '20', '21928', 'archivos/LAISA/2025/08/EA_T237_21928_250804', NULL, NULL, NULL, '24960', '5.3', '7707.650', '1926.910', '53953.540', 'LAI4802211H2', 'LAISA', '17836', '2025-08-02 06:00:00', '1', '1', '0', '1', '2'),
(45, '23710', 'A31068', NULL, '23710', '7', '18', '48', '4', '0', '3', NULL, NULL, NULL, NULL, NULL, '23460', '4.5', NULL, NULL, NULL, NULL, NULL, NULL, '2025-08-02 06:00:00', '1', '1', '0', '1', '2'),
(46, '7531M13414', 'A31055', NULL, '7531M13414', '7', '18', '49', '7', '16407.6', '23', '3577', 'archivos/LAISA/2025/09/EA_C600_3577_250908', NULL, NULL, NULL, '24860', '5.39', '2625.220', '656.300', '18376.520', 'LAI4802211H2', 'LAISA', '17885', '2025-08-02 06:00:00', '1', '1', '0', '1', '2'),
(47, '7531M13415', 'A31056', NULL, '7531M13415', '7', '18', '50', '7', '16222.8', '23', '3391', 'archivos/LAISA/2025/08/EA_C600_3391_250806', NULL, NULL, NULL, '24580', '5.39', '2595.650', '648.910', '18169.540', 'LAI4802211H2', 'LAISA', '17740', '2025-08-02 06:00:00', '1', '1', '0', '1', '2'),
(48, '114341', 'A31061', NULL, '114341', '7', '18', '51', '6', '0', '3', NULL, NULL, NULL, NULL, NULL, '20200', '4.6', NULL, NULL, NULL, NULL, NULL, NULL, '2025-08-02 06:00:00', '1', '1', '0', '1', '2'),
(49, '114343', 'A31062', NULL, '114343', '7', '18', '52', '6', '0', '3', NULL, NULL, NULL, NULL, NULL, '22400', '4.6', NULL, NULL, NULL, NULL, NULL, NULL, '2025-08-02 06:00:00', '1', '1', '0', '1', '2'),
(50, '114342', 'A31065', NULL, '114342', '6', '17', '53', '6', '0', '3', NULL, NULL, NULL, NULL, NULL, '8840', '1.2', NULL, NULL, NULL, NULL, NULL, NULL, '2025-08-02 06:00:00', '1', '1', '0', '1', '2'),
(51, '114404', 'A31074', NULL, '114404', '7', '18', '54', '9', '7505', '4', NULL, NULL, NULL, NULL, NULL, '18130', '5.37', NULL, NULL, NULL, NULL, NULL, NULL, '2025-08-02 06:00:00', '1', '1', '0', '1', '2'),
(52, '10138', 'A31053', NULL, '10138', '2', '13', '55', '2', '15005', '29', NULL, NULL, NULL, NULL, NULL, '19516', '5.29', NULL, NULL, NULL, NULL, NULL, NULL, '2025-08-03 06:00:00', '1', '1', '0', '1', '2'),
(53, '11971-167765', 'A31172', NULL, '11971-167765', '3', '14', '56', '20', '14350', '10', NULL, NULL, NULL, NULL, NULL, '24000', '5.3', NULL, NULL, NULL, NULL, NULL, NULL, '2025-08-04 06:00:00', '1', '1', '0', '1', '2'),
(54, '7531M13419', 'A31057', NULL, '7531M13419', '7', '18', '57', '7', '16018.2', '23', '3583', 'archivos/LAISA/2025/09/EA_C600_3583_250908', NULL, NULL, NULL, '24270', '5.39', '2562.910', '640.730', '17940.380', 'LAI4802211H2', 'LAISA', '17885', '2025-08-04 06:00:00', '1', '1', '0', '1', '2'),
(55, '114344', 'A31063', NULL, '114344', '7', '18', '58', '6', '0', '3', NULL, NULL, NULL, NULL, NULL, '20120', '4.6', NULL, NULL, NULL, NULL, NULL, NULL, '2025-08-04 06:00:00', '1', '1', '0', '1', '2'),
(56, '114408', 'A31075', NULL, '114408', '7', '18', '59', '9', '7505', '4', NULL, NULL, NULL, NULL, NULL, '17940', '5.37', NULL, NULL, NULL, NULL, NULL, NULL, '2025-08-04 06:00:00', '1', '1', '0', '1', '2'),
(57, '114409', 'A31076', NULL, '114409', '7', '18', '60', '9', '7505', '4', NULL, NULL, NULL, NULL, NULL, '7810', '5.37', NULL, NULL, NULL, NULL, NULL, NULL, '2025-08-04 06:00:00', '1', '1', '0', '1', '2'),
(58, '114410', 'A31158', NULL, '114410', '6', '17', '61', '9', '0', '3', NULL, NULL, NULL, NULL, NULL, '21640', '3.8', NULL, NULL, NULL, NULL, NULL, NULL, '2025-08-04 06:00:00', '1', '1', '0', '1', '2'),
(59, '20779', 'A31166', NULL, '20779', '3', '14', '62', '3', '50894.1', '28', NULL, NULL, NULL, NULL, NULL, '26370', '5.3', NULL, NULL, NULL, NULL, NULL, NULL, '2025-08-05 06:00:00', '1', '1', '0', '1', '2'),
(60, '23713', 'A31093', NULL, '23713', '7', '18', '63', '4', '0', '3', NULL, NULL, NULL, NULL, NULL, '24670', '4.5', NULL, NULL, NULL, NULL, NULL, NULL, '2025-08-05 06:00:00', '1', '1', '0', '1', '2'),
(61, '114345', 'A31140', NULL, '114345', '7', '18', '64', '6', '0', '3', NULL, NULL, NULL, NULL, NULL, '19360', '4.6', NULL, NULL, NULL, NULL, NULL, NULL, '2025-08-05 06:00:00', '1', '1', '0', '1', '2'),
(62, '114346', 'A31141', NULL, '114346', '7', '18', '65', '6', '0', '3', NULL, NULL, NULL, NULL, NULL, '19770', '4.6', NULL, NULL, NULL, NULL, NULL, NULL, '2025-08-05 06:00:00', '1', '1', '0', '1', '2'),
(63, '114412', 'A31159', NULL, '114412', '6', '17', '66', '9', '0', '3', NULL, NULL, NULL, NULL, NULL, '21280', '3.8', NULL, NULL, NULL, NULL, NULL, NULL, '2025-08-05 06:00:00', '1', '1', '0', '1', '2'),
(64, '10139', 'A31092', NULL, '10139', '2', '13', '67', '2', '15005', '29', NULL, NULL, NULL, NULL, NULL, '19911', '5.29', NULL, NULL, NULL, NULL, NULL, NULL, '2025-08-06 06:00:00', '1', '1', '0', '1', '2'),
(65, '11970-167930', 'A31097', NULL, '11970-167930', '3', '14', '68', '20', '14350', '10', NULL, NULL, NULL, NULL, NULL, '21900', '5.3', NULL, NULL, NULL, NULL, NULL, NULL, '2025-08-06 06:00:00', '1', '1', '0', '1', '2'),
(66, '20786', 'A31167', NULL, '20786', '3', '14', '69', '3', '46976.2', '10', NULL, NULL, NULL, NULL, NULL, '24340', '5.3', NULL, NULL, NULL, NULL, NULL, NULL, '2025-08-06 06:00:00', '1', '1', '0', '1', '2'),
(67, '20787', 'A31168', NULL, '20787', '3', '14', '70', '3', '48250', '28', NULL, NULL, NULL, NULL, NULL, '25000', '5.3', NULL, NULL, NULL, NULL, NULL, NULL, '2025-08-06 06:00:00', '1', '1', '0', '1', '2'),
(68, '23714', 'A31094', NULL, '23714', '7', '18', '71', '4', '0', '3', NULL, NULL, NULL, NULL, NULL, '22790', '4.5', NULL, NULL, NULL, NULL, NULL, NULL, '2025-08-06 06:00:00', '1', '1', '0', '1', '2'),
(69, '114348', 'A31143', NULL, '114348', '7', '18', '72', '6', '0', '3', NULL, NULL, NULL, NULL, NULL, '18230', '4.6', NULL, NULL, NULL, NULL, NULL, NULL, '2025-08-06 06:00:00', '1', '1', '0', '1', '2'),
(70, '114349', 'A31144', NULL, '114349', '7', '18', '73', '6', '0', '3', NULL, NULL, NULL, NULL, NULL, '20950', '4.6', NULL, NULL, NULL, NULL, NULL, NULL, '2025-08-06 06:00:00', '1', '1', '0', '1', '2'),
(71, '114347', 'A31161', NULL, '114347', '6', '17', '74', '6', '0', '3', NULL, NULL, NULL, NULL, NULL, '8860', '1.2', NULL, NULL, NULL, NULL, NULL, NULL, '2025-08-06 06:00:00', '1', '1', '0', '1', '2'),
(72, '114416', 'A31160', NULL, '114416', '6', '17', '75', '9', '0', '3', NULL, NULL, NULL, NULL, NULL, '21160', '3.8', NULL, NULL, NULL, NULL, NULL, NULL, '2025-08-06 06:00:00', '1', '1', '0', '1', '2'),
(73, '114415', 'A31209', NULL, '114415', '6', '17', '76', '16', '0', '3', NULL, NULL, NULL, NULL, NULL, '21510', '3.8', NULL, NULL, NULL, NULL, NULL, NULL, '2025-08-06 06:00:00', '1', '1', '0', '1', '2'),
(74, '11972-168072', 'A31173', NULL, '11972-168072', '3', '14', '77', '20', '14350', '10', NULL, NULL, NULL, NULL, NULL, '25400', '5.3', NULL, NULL, NULL, NULL, NULL, NULL, '2025-08-07 06:00:00', '1', '1', '0', '1', '2'),
(75, '20789', 'A31169', NULL, '20789', '3', '14', '78', '3', '47034.1', '20', '21978', 'archivos/LAISA/2025/08/EA_T237_21978_250807', NULL, NULL, NULL, '24370', '5.3', '7525.460', '1881.360', '52678.200', 'LAI4802211H2', 'LAISA', '17769', '2025-08-07 06:00:00', '1', '1', '0', '1', '2'),
(76, '23715', 'A31151', NULL, '23715', '7', '18', '79', '4', '0', '3', NULL, NULL, NULL, NULL, NULL, '24010', '4.5', NULL, NULL, NULL, NULL, NULL, NULL, '2025-08-07 06:00:00', '1', '1', '0', '1', '2'),
(77, '23716', 'A31154', NULL, '23716', '7', '18', '80', '4', '0', '3', NULL, NULL, NULL, NULL, NULL, '24920', '4.5', NULL, NULL, NULL, NULL, NULL, NULL, '2025-08-07 06:00:00', '1', '1', '0', '1', '2'),
(78, '148458', 'A31098', NULL, '148458', '4', '15', '81', '5', '0', '3', NULL, NULL, NULL, NULL, NULL, '10563', '3.88', NULL, NULL, NULL, NULL, NULL, NULL, '2025-08-07 06:00:00', '1', '1', '0', '1', '2'),
(79, '7540M114350', 'A31145', NULL, '114350', '7', '18', '82', '6', '0', '3', NULL, NULL, NULL, NULL, NULL, '21890', '4.6', NULL, NULL, NULL, NULL, NULL, NULL, '2025-08-07 06:00:00', '1', '1', '0', '1', '2'),
(80, '7540M114353', 'A31147', NULL, '114353', '7', '18', '83', '6', '0', '3', NULL, NULL, NULL, NULL, NULL, '20950', '4.6', NULL, NULL, NULL, NULL, NULL, NULL, '2025-08-07 06:00:00', '1', '1', '0', '1', '2'),
(81, '7540M114354', 'A31148', NULL, '114354', '7', '18', '84', '6', '0', '3', NULL, NULL, NULL, NULL, NULL, '18230', '4.6', NULL, NULL, NULL, NULL, NULL, NULL, '2025-08-07 06:00:00', '1', '1', '0', '1', '2'),
(82, '7540M114351', 'A31162', NULL, '114351', '6', '17', '85', '6', '0', '3', NULL, NULL, NULL, NULL, NULL, '4290', '1.2', NULL, NULL, NULL, NULL, NULL, NULL, '2025-08-07 06:00:00', '1', '1', '0', '1', '2'),
(83, '7540M114352', 'A31163', NULL, '114352', '6', '17', '86', '6', '0', '3', NULL, NULL, NULL, NULL, NULL, '3810', '1.2', NULL, NULL, NULL, NULL, NULL, NULL, '2025-08-07 06:00:00', '1', '1', '0', '1', '2'),
(84, '114421', 'A31157', NULL, '114421', '7', '18', '87', '9', '7505', '4', NULL, NULL, NULL, NULL, NULL, '18340', '5.37', NULL, NULL, NULL, NULL, NULL, NULL, '2025-08-07 06:00:00', '1', '1', '0', '1', '2'),
(85, '20790', 'A31170', NULL, '20790', '3', '14', '88', '3', '43096.9', '31', '3309', 'archivos/LAISA/2025/08/EA_E246_3309_250808', NULL, NULL, NULL, '22330', '5.3', '6895.500', '1723.880', '48268.520', 'LAI4802211H2', 'LAISA', '17837', '2025-08-08 06:00:00', '1', '1', '0', '1', '2'),
(86, '23717', 'A31156', NULL, '23717', '7', '18', '89', '4', '0', '3', NULL, NULL, NULL, NULL, NULL, '24840', '4.5', NULL, NULL, NULL, NULL, NULL, NULL, '2025-08-08 06:00:00', '1', '1', '0', '1', '2'),
(87, '23718', 'A31188', NULL, '23718', '7', '18', '90', '4', '0', '3', NULL, NULL, NULL, NULL, NULL, '23700', '4.5', NULL, NULL, NULL, NULL, NULL, NULL, '2025-08-08 06:00:00', '1', '1', '0', '1', '2'),
(88, '23719', 'A31189', NULL, '23719', '7', '18', '91', '4', '0', '3', NULL, NULL, NULL, NULL, NULL, '24550', '4.5', NULL, NULL, NULL, NULL, NULL, NULL, '2025-08-08 06:00:00', '1', '1', '0', '1', '2'),
(89, '7531M13421', 'A31131', NULL, '7531M13421', '7', '18', '92', '7', '16196.4', '23', '3575', 'archivos/LAISA/2025/09/EA_C600_3575_250908', NULL, NULL, NULL, '24540', '5.39', '2591.420', '647.860', '18139.960', 'LAI4802211H2', 'LAISA', '17885', '2025-08-08 06:00:00', '1', '1', '0', '1', '2'),
(90, '7531M13423', 'A31134', NULL, '7531M13423', '7', '18', '93', '7', '16183.2', '23', '3420', 'archivos/LAISA/2025/08/EA_C600_3420_250814', NULL, NULL, NULL, '24520', '5.39', '2589.310', '647.330', '18125.180', 'LAI4802211H2', 'LAISA', '17740', '2025-08-08 06:00:00', '1', '1', '0', '1', '2'),
(91, '7531M13428', 'A31136', NULL, '7531M13428', '7', '18', '94', '7', '16480.2', '23', '3421', 'archivos/LAISA/2025/08/EA_C600_3421_250814', NULL, NULL, NULL, '24970', '5.39', '2636.830', '659.210', '18457.820', 'LAI4802211H2', 'LAISA', '17740', '2025-08-08 06:00:00', '1', '1', '0', '1', '2'),
(92, '7540M114355', 'A31192', NULL, '114355', '7', '18', '95', '6', '0', '3', NULL, NULL, NULL, NULL, NULL, '18990', '4.6', NULL, NULL, NULL, NULL, NULL, NULL, '2025-08-08 06:00:00', '1', '1', '0', '1', '2'),
(93, '7540M114358', 'A31198', NULL, '114358', '6', '17', '96', '6', '0', '3', NULL, NULL, NULL, NULL, NULL, '7660', '1.2', NULL, NULL, NULL, NULL, NULL, NULL, '2025-08-08 06:00:00', '1', '1', '0', '1', '2'),
(94, '7540M114357', 'A31251', NULL, '114357', '6', '17', '97', '6', '0', '3', NULL, NULL, NULL, NULL, NULL, '13320', '1.2', NULL, NULL, NULL, NULL, NULL, NULL, '2025-08-08 06:00:00', '1', '1', '0', '1', '2'),
(95, '114422', 'A31211', NULL, '114422', '6', '17', '98', '16', '0', '3', NULL, NULL, NULL, NULL, NULL, '21470', '3.8', NULL, NULL, NULL, NULL, NULL, NULL, '2025-08-08 06:00:00', '1', '1', '0', '1', '2'),
(96, '114423', 'A31213', NULL, '114423', '6', '17', '99', '16', '0', '3', NULL, NULL, NULL, NULL, NULL, '21370', '3.8', NULL, NULL, NULL, NULL, NULL, NULL, '2025-08-08 06:00:00', '1', '1', '0', '1', '2'),
(97, '114424', 'A31214', NULL, '114424', '6', '17', '100', '16', '0', '3', NULL, NULL, NULL, NULL, NULL, '20990', '3.8', NULL, NULL, NULL, NULL, NULL, NULL, '2025-08-08 06:00:00', '1', '1', '0', '1', '2'),
(98, '11974-168284', 'A31175', NULL, '11974-168284', '3', '14', '101', '20', '14350', '10', NULL, NULL, NULL, NULL, NULL, '22580', '5.3', NULL, NULL, NULL, NULL, NULL, NULL, '2025-08-09 06:00:00', '1', '1', '0', '1', '2'),
(99, '20791', 'A31171', NULL, '20791', '3', '14', '102', '3', '46416.5', '30', NULL, NULL, NULL, NULL, NULL, '24050', '5.3', NULL, NULL, NULL, NULL, NULL, NULL, '2025-08-09 06:00:00', '1', '1', '0', '1', '2'),
(100, '20793', 'A31174', NULL, '20793', '3', '14', '103', '3', '49292.2', '28', NULL, NULL, NULL, NULL, NULL, '25540', '5.3', NULL, NULL, NULL, NULL, NULL, NULL, '2025-08-09 06:00:00', '1', '1', '0', '1', '2'),
(101, '7531M13433', 'A31242', NULL, '7531M13433', '7', '18', '104', '7', '16427.4', '23', '3422', 'archivos/LAISA/2025/08/EA_C600_3422_250814', NULL, NULL, NULL, '24890', '5.39', '2628.380', '657.100', '18398.680', 'LAI4802211H2', 'LAISA', '17740', '2025-08-09 06:00:00', '1', '1', '0', '1', '2'),
(102, '7540M114359', 'A31199', NULL, '114359', '6', '17', '105', '6', '0', '3', NULL, NULL, NULL, NULL, NULL, '7640', '1.2', NULL, NULL, NULL, NULL, NULL, NULL, '2025-08-09 06:00:00', '1', '1', '0', '1', '2'),
(103, '114360', 'A31193', NULL, '114360', '7', '18', '106', '6', '0', '3', NULL, NULL, NULL, NULL, NULL, '19310', '4.6', NULL, NULL, NULL, NULL, NULL, NULL, '2025-08-09 06:00:00', '1', '1', '0', '1', '2'),
(104, '114428', 'A31203', NULL, '114428', '7', '18', '107', '9', '7505', '4', '8713', 'archivos/LAISA/2025/08/EA_A420_8713_250809', NULL, NULL, NULL, '5660', '5.37', '1200.800', '300.200', '8405.600', 'LAI4802211H2', 'LAISA', '17748', '2025-08-09 06:00:00', '1', '1', '0', '1', '2'),
(105, '114429', 'A31204', NULL, '114429', '7', '18', '108', '9', '7505', '4', '8714', 'archivos/LAISA/2025/08/EA_A420_8714_250809', NULL, NULL, NULL, '17770', '5.37', '1200.800', '300.200', '8405.600', 'LAI4802211H2', 'LAISA', '17748', '2025-08-09 06:00:00', '1', '1', '0', '1', '2'),
(106, '114431', 'A31215', NULL, '114431', '6', '17', '109', '16', '0', '3', NULL, NULL, NULL, NULL, NULL, '21690', '3.8', NULL, NULL, NULL, NULL, NULL, NULL, '2025-08-09 06:00:00', '1', '1', '0', '1', '2'),
(107, '114370', 'A31194', NULL, '114370', '7', '18', '110', '6', '0', '3', NULL, NULL, NULL, NULL, NULL, '22140', '4.6', NULL, NULL, NULL, NULL, NULL, NULL, '2025-08-10 06:00:00', '1', '1', '0', '1', '2'),
(108, '114371', 'A31195', NULL, '114371', '7', '18', '111', '6', '0', '3', NULL, NULL, NULL, NULL, NULL, '21930', '4.6', NULL, NULL, NULL, NULL, NULL, NULL, '2025-08-10 06:00:00', '1', '1', '0', '1', '2'),
(109, '114373', 'A31196', NULL, '114373', '7', '18', '112', '6', '0', '3', NULL, NULL, NULL, NULL, NULL, '20070', '4.6', NULL, NULL, NULL, NULL, NULL, NULL, '2025-08-11 06:00:00', '1', '1', '0', '1', '2'),
(110, '114435', 'A31205', NULL, '114435', '7', '18', '113', '9', '7505', '4', NULL, NULL, NULL, NULL, NULL, '17830', '5.37', NULL, NULL, NULL, NULL, NULL, NULL, '2025-08-11 06:00:00', '1', '1', '0', '1', '2'),
(111, '114434', 'A31217', NULL, '114434', '6', '17', '114', '16', '0', '3', NULL, NULL, NULL, NULL, NULL, '21480', '3.8', NULL, NULL, NULL, NULL, NULL, NULL, '2025-08-11 06:00:00', '1', '1', '0', '1', '2'),
(112, '10141', 'A31190', NULL, '10141', '2', '13', '115', '2', '15005', '29', NULL, NULL, NULL, NULL, NULL, '20103', '5.29', NULL, NULL, NULL, NULL, NULL, NULL, '2025-08-12 06:00:00', '1', '1', '0', '1', '2'),
(113, '20796', 'A31255', NULL, '20796', '3', '14', '116', '3', '38136.8', '20', '22022', 'archivos/LAISA/2025/08/EA_T237_22022_250813', NULL, NULL, NULL, '19760', '5.3', '6101.890', '1525.470', '42713.220', 'LAI4802211H2', 'LAISA', '17769', '2025-08-12 06:00:00', '1', '1', '0', '1', '2'),
(114, '23721', 'A31201', NULL, '23721', '7', '18', '117', '4', '0', '3', NULL, NULL, NULL, NULL, NULL, '24410', '4.5', NULL, NULL, NULL, NULL, NULL, NULL, '2025-08-12 06:00:00', '1', '1', '0', '1', '2'),
(115, '148514', 'A31191', NULL, '148514', '4', '15', '118', '5', '0', '3', NULL, NULL, NULL, NULL, NULL, '11356', '3.88', NULL, NULL, NULL, NULL, NULL, NULL, '2025-08-12 06:00:00', '1', '1', '0', '1', '2'),
(116, '114374', 'A31197', NULL, '114374', '7', '18', '119', '6', '0', '3', NULL, NULL, NULL, NULL, NULL, '21450', '4.6', NULL, NULL, NULL, NULL, NULL, NULL, '2025-08-12 06:00:00', '1', '1', '0', '1', '2'),
(117, '114439', 'A31254', NULL, '114439', '6', '17', '120', '16', '0', '3', NULL, NULL, NULL, NULL, NULL, '21720', '3.8', NULL, NULL, NULL, NULL, NULL, NULL, '2025-08-12 06:00:00', '1', '1', '0', '1', '2'),
(118, '20797', 'A31256', NULL, '20797', '3', '14', '121', '3', '48307.9', '28', NULL, NULL, NULL, NULL, NULL, '25030', '5.3', NULL, NULL, NULL, NULL, NULL, NULL, '2025-08-13 06:00:00', '1', '1', '0', '1', '2'),
(119, '20800', 'A31257', NULL, '20800', '3', '14', '122', '3', '49909.8', '27', NULL, NULL, NULL, NULL, NULL, '25860', '5.3', NULL, NULL, NULL, NULL, NULL, NULL, '2025-08-13 06:00:00', '1', '1', '0', '1', '2'),
(120, '23722', 'A31202', NULL, '23722', '7', '18', '123', '4', '0', '3', NULL, NULL, NULL, NULL, NULL, '23960', '4.5', NULL, NULL, NULL, NULL, NULL, NULL, '2025-08-13 06:00:00', '1', '1', '0', '1', '2'),
(121, '7531M13435', 'A31243', NULL, '7531M13435', '7', '18', '124', '7', '14328.6', '23', '3423', 'archivos/LAISA/2025/08/EA_C600_3423_250814', NULL, NULL, NULL, '21710', '5.39', '2292.580', '573.140', '16048.040', 'LAI4802211H2', 'LAISA', '17740', '2025-08-13 06:00:00', '1', '1', '0', '1', '2'),
(122, '7531M13439', 'A31244', NULL, '7531M13439', '7', '18', '125', '7', '16480.2', '23', '3578', 'archivos/LAISA/2025/09/EA_C600_3578_250908', NULL, NULL, NULL, '24970', '5.39', '2636.830', '659.210', '18457.820', 'LAI4802211H2', 'LAISA', '17885', '2025-08-13 06:00:00', '1', '1', '0', '1', '2'),
(123, '114381', 'A31252', NULL, '114381', '6', '17', '126', '6', '0', '3', NULL, NULL, NULL, NULL, NULL, '4510', '1.2', NULL, NULL, NULL, NULL, NULL, NULL, '2025-08-13 06:00:00', '1', '1', '0', '1', '2'),
(124, '114445', 'A31249', NULL, '114445', '7', '18', '127', '9', '7505', '4', NULL, NULL, NULL, NULL, NULL, '17990', '5.37', NULL, NULL, NULL, NULL, NULL, NULL, '2025-08-13 06:00:00', '1', '1', '0', '1', '2'),
(125, '10143', 'A31241', NULL, '10143', '2', '13', '128', '2', '15005', '29', '947', 'archivos/LAISA/2025/08/EA_B186_947_250818', NULL, NULL, NULL, '19744', '5.29', '2400.800', '600.200', '16805.600', 'LAI4802211H2', 'LAISA', '17774', '2025-08-14 06:00:00', '1', '1', '0', '1', '2'),
(126, '20802', 'A31258', NULL, '20802', '3', '14', '129', '3', '49292.2', '27', NULL, NULL, NULL, NULL, NULL, '25540', '5.3', NULL, NULL, NULL, NULL, NULL, NULL, '2025-08-14 06:00:00', '1', '1', '0', '1', '2'),
(127, '148546', 'A31259', NULL, '148546', '4', '15', '130', '5', '0', '3', NULL, NULL, NULL, NULL, NULL, '11006', '3.88', NULL, NULL, NULL, NULL, NULL, NULL, '2025-08-14 06:00:00', '1', '1', '0', '1', '2'),
(128, '7531M13440', 'A31245', NULL, '7531M13440', '7', '18', '131', '7', '15721.2', '23', '3482', 'archivos/LAISA/2025/08/EA_C600_3482_250825', NULL, NULL, NULL, '23820', '5.39', '2515.390', '628.850', '17607.740', 'LAI4802211H2', 'LAISA', '17797', '2025-08-14 06:00:00', '1', '1', '0', '1', '2'),
(129, '114383', 'A31248', NULL, '114383', '7', '18', '132', '6', '0', '3', NULL, NULL, NULL, NULL, NULL, '20760', '4.6', NULL, NULL, NULL, NULL, NULL, NULL, '2025-08-14 06:00:00', '1', '1', '0', '1', '2'),
(130, '114382', 'A31253', NULL, '114382', '6', '17', '133', '6', '0', '3', NULL, NULL, NULL, NULL, NULL, '5760', '1.2', NULL, NULL, NULL, NULL, NULL, NULL, '2025-08-14 06:00:00', '1', '1', '0', '1', '2'),
(131, '114449', 'A31250', NULL, '114449', '7', '18', '134', '9', '7505', '4', NULL, NULL, NULL, NULL, NULL, '17660', '5.37', NULL, NULL, NULL, NULL, NULL, NULL, '2025-08-14 06:00:00', '1', '1', '0', '1', '2'),
(132, '1488', 'A31387', NULL, '1488', '7', '18', '135', '1', '49449.9', '26', NULL, NULL, NULL, NULL, NULL, '25890', '5.58', NULL, NULL, NULL, NULL, NULL, NULL, '2025-08-07 06:00:00', '1', '1', '0', '1', '2'),
(133, '7538M20794', 'A31362', NULL, '7538M20794', '3', '14', '136', '3', '47478', '20', '22017', 'archivos/LAISA/2025/08/EA_T237_22017_250812', NULL, NULL, NULL, '24600', '5.3', '7596.480', '1899.120', '53175.360', 'LAI4802211H2', 'LAISA', '17769', '2025-08-11 06:00:00', '1', '1', '0', '1', '2'),
(134, '20795', 'A31283', NULL, '20795', '3', '14', '137', '3', '42807.4', '32', NULL, NULL, NULL, NULL, NULL, '22180', '5.3', NULL, NULL, NULL, NULL, NULL, NULL, '2025-08-12 06:00:00', '1', '1', '0', '1', '2'),
(135, '7727M114440', 'A31351', NULL, '7727M114440', '6', '17', '138', '15', '0', '3', NULL, NULL, NULL, NULL, NULL, '7200', '1.2', NULL, NULL, NULL, NULL, NULL, NULL, '2025-08-12 06:00:00', '1', '1', '0', '1', '2'),
(136, '114441', 'A31281', NULL, '114441', '6', '17', '139', '16', '0', '3', NULL, NULL, NULL, NULL, NULL, '21570', '3.8', NULL, NULL, NULL, NULL, NULL, NULL, '2025-08-13 06:00:00', '1', '1', '0', '1', '2'),
(137, '114444', 'A31282', NULL, '114444', '6', '17', '140', '16', '0', '3', NULL, NULL, NULL, NULL, NULL, '21920', '3.8', NULL, NULL, NULL, NULL, NULL, NULL, '2025-08-13 06:00:00', '1', '1', '0', '1', '2'),
(138, '20805', 'A31302', NULL, '20805', '3', '14', '141', '3', '49948.4', '27', NULL, NULL, NULL, NULL, NULL, '25880', '5.3', NULL, NULL, NULL, NULL, NULL, NULL, '2025-08-15 06:00:00', '1', '1', '0', '1', '2'),
(139, '23723', 'A31280', NULL, '23723', '7', '18', '142', '4', '0', '3', NULL, NULL, NULL, NULL, NULL, '21700', '4.5', NULL, NULL, NULL, NULL, NULL, NULL, '2025-08-12 06:00:00', '1', '1', '0', '1', '2'),
(140, '7539M23724', 'A31295', NULL, '7539M23724', '7', '18', '143', '4', '0', '3', NULL, NULL, NULL, NULL, NULL, '24760', '4.5', NULL, NULL, NULL, NULL, NULL, NULL, '2025-08-15 06:00:00', '1', '1', '0', '1', '2'),
(141, '7531M13444', 'A31277', NULL, '7531M13444', '7', '18', '144', '7', '15648.6', '23', '3483', 'archivos/LAISA/2025/08/EA_C600_3483_250825', NULL, NULL, NULL, '23710', '5.39', '2503.780', '625.940', '17526.440', 'LAI4802211H2', 'LAISA', '17797', '2025-08-15 06:00:00', '1', '1', '0', '1', '2'),
(142, '7540M114385', 'A31343', NULL, '7540M114385', '7', '18', '145', '6', '0', '3', NULL, NULL, NULL, NULL, NULL, '21690', '4.6', NULL, NULL, NULL, NULL, NULL, NULL, '2025-08-15 06:00:00', '1', '1', '0', '1', '2'),
(143, '7540M114384', 'A31446', NULL, '7540M114384', '7', '18', '146', '6', '0', '3', NULL, NULL, NULL, NULL, NULL, '21290', '4.6', NULL, NULL, NULL, NULL, NULL, NULL, '2025-08-15 06:00:00', '1', '1', '0', '1', '2'),
(144, '114454', 'A31299', NULL, '114454', '7', '18', '147', '9', '7505', '4', NULL, NULL, NULL, NULL, NULL, '17860', '5.37', NULL, NULL, NULL, NULL, NULL, NULL, '2025-08-15 06:00:00', '1', '1', '0', '1', '2'),
(145, '114453', 'A31315', NULL, '114453', '6', '17', '148', '16', '0', '3', NULL, NULL, NULL, NULL, NULL, '21130', '3.8', NULL, NULL, NULL, NULL, NULL, NULL, '2025-08-15 06:00:00', '1', '1', '0', '1', '2'),
(146, '20807', 'A31284', NULL, '20807', '3', '14', '149', '3', '51299.4', '20', NULL, NULL, NULL, NULL, NULL, '26580', '5.3', NULL, NULL, NULL, NULL, NULL, NULL, '2025-08-16 06:00:00', '1', '1', '0', '1', '2'),
(147, '20809', 'A31304', NULL, '20809', '3', '14', '150', '3', '48153.5', '22', NULL, NULL, NULL, NULL, NULL, '24950', '5.3', NULL, NULL, NULL, NULL, NULL, NULL, '2025-08-16 06:00:00', '1', '1', '0', '1', '2'),
(148, '7539M23725', 'A31296', NULL, '7539M23725', '7', '18', '151', '4', '0', '3', NULL, NULL, NULL, NULL, NULL, '22970', '4.5', NULL, NULL, NULL, NULL, NULL, NULL, '2025-08-16 06:00:00', '1', '1', '0', '1', '2'),
(149, '7531M13446', 'A31278', NULL, '7531M13446', '7', '18', '152', '7', '16302', '23', '3484', 'archivos/LAISA/2025/08/EA_C600_3484_250825', NULL, NULL, NULL, '24700', '5.39', '2608.320', '652.080', '18258.240', 'LAI4802211H2', 'LAISA', '17797', '2025-08-16 06:00:00', '1', '1', '0', '1', '2'),
(150, '7531M13447', 'A31279', NULL, '7531M13447', '7', '18', '153', '7', '15252.6', '23', '3485', 'archivos/LAISA/2025/08/EA_C600_3485_250825', NULL, NULL, NULL, '23110', '5.39', '2440.420', '610.100', '17082.920', 'LAI4802211H2', 'LAISA', '17797', '2025-08-16 06:00:00', '1', '1', '0', '1', '2'),
(151, '7540M114387', 'A31344', NULL, '7540M114387', '7', '18', '154', '6', '0', '3', NULL, NULL, NULL, NULL, NULL, '21020', '4.6', NULL, NULL, NULL, NULL, NULL, NULL, '2025-08-16 06:00:00', '1', '1', '0', '1', '2'),
(152, '7540M114388', 'A31345', NULL, '7540M114388', '7', '18', '155', '6', '0', '3', NULL, NULL, NULL, NULL, NULL, '20550', '4.6', NULL, NULL, NULL, NULL, NULL, NULL, '2025-08-16 06:00:00', '1', '1', '0', '1', '2'),
(153, '7540M114386', 'A31349', NULL, '7540M114386', '6', '17', '156', '6', '0', '3', NULL, NULL, NULL, NULL, NULL, '6620', '1.2', NULL, NULL, NULL, NULL, NULL, NULL, '2025-08-16 06:00:00', '1', '1', '0', '1', '2'),
(154, '114456', 'A31317', NULL, '114456', '6', '17', '157', '16', '0', '3', NULL, NULL, NULL, NULL, NULL, '20850', '3.8', NULL, NULL, NULL, NULL, NULL, NULL, '2025-08-16 06:00:00', '1', '1', '0', '1', '2'),
(155, '7540M114389', 'A31346', NULL, '7540M114389', '7', '18', '158', '6', '0', '3', NULL, NULL, NULL, NULL, NULL, '19820', '4.6', NULL, NULL, NULL, NULL, NULL, NULL, '2025-08-17 06:00:00', '1', '1', '0', '1', '2'),
(156, '114457', 'A31300', NULL, '114457', '7', '18', '159', '9', '7505', '4', NULL, NULL, NULL, NULL, NULL, '17870', '5.37', NULL, NULL, NULL, NULL, NULL, NULL, '2025-08-17 06:00:00', '1', '1', '0', '1', '2'),
(157, '114460', 'A31301', NULL, '114460', '7', '18', '160', '9', '7505', '4', NULL, NULL, NULL, NULL, NULL, '17520', '5.37', NULL, NULL, NULL, NULL, NULL, NULL, '2025-08-17 06:00:00', '1', '1', '0', '1', '2'),
(158, '1489', 'A31388', NULL, '1489', '7', '18', '161', '1', '48433.78', '26', NULL, NULL, NULL, NULL, NULL, '25358', '5.58', NULL, NULL, NULL, NULL, NULL, NULL, '2025-08-18 06:00:00', '1', '1', '0', '1', '2'),
(159, '10144', 'A31276', NULL, '10144', '2', '13', '162', '2', '15005', '29', '948', 'archivos/LAISA/2025/08/EA_B186_948_250821', NULL, NULL, NULL, '19867', '5.29', '2400.800', '600.200', '16805.600', 'LAI4802211H2', 'LAISA', '17774', '2025-08-18 06:00:00', '1', '1', '0', '1', '2'),
(160, '7539M23726', 'A31297', NULL, '7539M23726', '7', '18', '163', '4', '0', '3', NULL, NULL, NULL, NULL, NULL, '22350', '4.5', NULL, NULL, NULL, NULL, NULL, NULL, '2025-08-18 06:00:00', '1', '1', '0', '1', '2'),
(161, '7540M114391', 'A31347', NULL, '7540M114391', '7', '18', '164', '6', '0', '3', NULL, NULL, NULL, NULL, NULL, '21140', '4.6', NULL, NULL, NULL, NULL, NULL, NULL, '2025-08-18 06:00:00', '1', '1', '0', '1', '2'),
(162, '7540M114390', 'A31350', NULL, '7540M114390', '6', '17', '165', '6', '0', '3', NULL, NULL, NULL, NULL, NULL, '6790', '1.2', NULL, NULL, NULL, NULL, NULL, NULL, '2025-08-18 06:00:00', '1', '1', '0', '1', '2'),
(163, '20810', 'A31309', NULL, '20810', '3', '14', '166', '3', '51724', '15', NULL, NULL, NULL, NULL, NULL, '26800', '5.3', NULL, NULL, NULL, NULL, NULL, NULL, '2025-08-19 06:00:00', '1', '1', '0', '1', '2'),
(164, '7539M23727', 'A31298', NULL, '7539M23727', '7', '18', '167', '4', '0', '3', NULL, NULL, NULL, NULL, NULL, '25940', '4.5', NULL, NULL, NULL, NULL, NULL, NULL, '2025-08-19 06:00:00', '1', '1', '0', '1', '2'),
(165, '7531M13448', 'A31293', NULL, '7531M13448', '7', '18', '168', '7', '16519.8', '23', '3557', 'archivos/LAISA/2025/09/EA_C600_3557_250903', NULL, NULL, NULL, '25030', '5.39', '2643.170', '660.790', '18502.180', 'LAI4802211H2', 'LAISA', '17879', '2025-08-19 06:00:00', '1', '1', '0', '1', '2'),
(166, '7531M13452', 'A31294', NULL, '7531M13452', '7', '18', '169', '7', '16024.8', '23', '3558', 'archivos/LAISA/2025/09/EA_C600_3558_250903', NULL, NULL, NULL, '24280', '5.39', '2563.970', '640.990', '17947.780', 'LAI4802211H2', 'LAISA', '17879', '2025-08-19 06:00:00', '1', '1', '0', '1', '2'),
(167, '7540M114392', 'A31348', NULL, '7540M114392', '7', '18', '170', '6', '0', '3', NULL, NULL, NULL, NULL, NULL, '19280', '4.6', NULL, NULL, NULL, NULL, NULL, NULL, '2025-08-19 06:00:00', '1', '1', '0', '1', '2'),
(168, '114463', 'A31318', NULL, '114463', '6', '17', '171', '16', '0', '3', NULL, NULL, NULL, NULL, NULL, '22300', '3.8', NULL, NULL, NULL, NULL, NULL, NULL, '2025-08-19 06:00:00', '1', '1', '0', '1', '2'),
(169, '7727M114466', 'A31352', NULL, '7727M114466', '6', '17', '172', '16', '0', '3', NULL, NULL, NULL, NULL, NULL, '22220', '3.8', NULL, NULL, NULL, NULL, NULL, NULL, '2025-08-19 06:00:00', '1', '1', '0', '1', '2'),
(170, '7537M10147', 'A31356', NULL, '7537M10147', '2', '13', '173', '2', '15005', '29', '950', 'archivos/LAISA/2025/08/EA_B186_950_250823', NULL, NULL, NULL, '19979', '5.29', '2400.800', '600.200', '16805.600', 'LAI4802211H2', 'LAISA', '17831', '2025-08-20 06:00:00', '1', '1', '0', '1', '2'),
(171, '7538M20813', 'A31353', NULL, '7538M20813', '3', '14', '174', '3', '51029.2', '32', '2158', 'archivos/LAISA/2025/08/EA_S425_2158_250821', NULL, NULL, NULL, '26440', '5.3', '8164.670', '2041.170', '57152.700', 'LAI4802211H2', 'LAISA', '17822', '2025-08-20 06:00:00', '1', '1', '0', '1', '2'),
(172, '7538M20811', 'A31363', NULL, '7538M20811', '3', '14', '175', '3', '50971.3', '30', '1038', 'archivos/LAISA/2025/09/EA_G481_1038_250909', NULL, NULL, NULL, '26410', '5.3', '8155.410', '2038.850', '57087.860', 'LAI4802211H2', 'LAISA', '17958', '2025-08-20 06:00:00', '1', '1', '0', '1', '2'),
(173, '7539M23728', 'A31380', NULL, '7539M23728', '7', '18', '176', '4', '0', '3', NULL, NULL, NULL, NULL, NULL, '22040', '4.5', NULL, NULL, NULL, NULL, NULL, NULL, '2025-08-20 06:00:00', '1', '1', '0', '1', '2'),
(174, '148620', 'A31354', NULL, '148620', '4', '15', '177', '5', '0', '3', NULL, NULL, NULL, NULL, NULL, '11539', '3.88', NULL, NULL, NULL, NULL, NULL, NULL, '2025-08-20 06:00:00', '1', '1', '0', '1', '2'),
(175, '148622', 'A31355', NULL, '148622', '4', '15', '178', '5', '0', '3', NULL, NULL, NULL, NULL, NULL, '13203', '3.88', NULL, NULL, NULL, NULL, NULL, NULL, '2025-08-20 06:00:00', '1', '1', '0', '1', '2'),
(176, '7531M13457', 'A31357', NULL, '7531M13457', '7', '18', '179', '7', '16750.8', '22', NULL, NULL, NULL, NULL, NULL, '25380', '5.39', NULL, NULL, NULL, NULL, NULL, NULL, '2025-08-20 06:00:00', '1', '1', '0', '1', '2'),
(177, '7540M114394', 'A31359', NULL, '7540M114394', '7', '18', '180', '6', '0', '3', NULL, NULL, NULL, NULL, NULL, '19980', '4.6', NULL, NULL, NULL, NULL, NULL, NULL, '2025-08-20 06:00:00', '1', '1', '0', '1', '2'),
(178, '7540M114395', 'A31360', NULL, '7540M114395', '7', '18', '181', '6', '0', '3', NULL, NULL, NULL, NULL, NULL, '20640', '4.6', NULL, NULL, NULL, NULL, NULL, NULL, '2025-08-20 06:00:00', '1', '1', '0', '1', '2'),
(179, '7727M114472', 'A31361', NULL, '7727M114472', '7', '18', '182', '9', '7505', '4', '8752', 'archivos/LAISA/2025/08/EA_A420_8752_250820', NULL, NULL, NULL, '17820', '5.37', '1200.800', '300.200', '8405.600', 'LAI4802211H2', 'LAISA', '17828', '2025-08-20 06:00:00', '1', '1', '0', '1', '2'),
(180, '7727M114471', 'A31389', NULL, '7727M114471', '6', '17', '183', '16', '0', '3', NULL, NULL, NULL, NULL, NULL, '21470', '3.7', NULL, NULL, NULL, NULL, NULL, NULL, '2025-08-20 06:00:00', '1', '1', '0', '1', '2'),
(181, '7727M114469', 'A31410', NULL, '7727M114469', '6', '17', '184', '16', '0', '3', NULL, NULL, NULL, NULL, NULL, '21980', '3.7', NULL, NULL, NULL, NULL, NULL, NULL, '2025-08-20 06:00:00', '1', '1', '0', '1', '2'),
(182, '7538M20815', 'A31364', NULL, '7538M20815', '3', '14', '185', '3', '53075', '28', '20127', 'archivos/LAISA/2025/08/EA_D227_20127_250821', NULL, NULL, NULL, '27500', '5.3', '8492.000', '2123.000', '59444.000', 'LAI4802211H2', 'LAISA', '17833', '2025-08-21 06:00:00', '1', '1', '0', '1', '2'),
(183, '7539M23729', 'A31382', NULL, '7539M23729', '7', '18', '186', '4', '0', '3', NULL, NULL, NULL, NULL, NULL, '25410', '4.5', NULL, NULL, NULL, NULL, NULL, NULL, '2025-08-21 06:00:00', '1', '1', '0', '1', '2'),
(184, '7531M13461', 'A31358', NULL, '7531M13461', '7', '18', '187', '7', '15298.8', '23', '3486', 'archivos/LAISA/2025/08/EA_C600_3486_250825', NULL, NULL, NULL, '23180', '5.39', '2447.810', '611.950', '17134.660', 'LAI4802211H2', 'LAISA', '17797', '2025-08-21 06:00:00', '1', '1', '0', '1', '2'),
(185, '7531M13467', 'A31424', NULL, '7531M13467', '7', '18', '188', '7', '14988.6', '23', '3487', 'archivos/LAISA/2025/08/EA_C600_3487_250825', NULL, NULL, NULL, '22710', '5.39', '2398.180', '599.540', '16787.240', 'LAI4802211H2', 'LAISA', '17797', '2025-08-21 06:00:00', '1', '1', '0', '1', '2'),
(186, '7540M114396', 'A31378', NULL, '7540M114396', '7', '18', '189', '6', '0', '3', NULL, NULL, NULL, NULL, NULL, '18880', '4.6', NULL, NULL, NULL, NULL, NULL, NULL, '2025-08-21 06:00:00', '1', '1', '0', '1', '2'),
(187, '7727M114474', 'A31391', NULL, '7727M114474', '6', '17', '190', '16', '0', '3', NULL, NULL, NULL, NULL, NULL, '22110', '3.7', NULL, NULL, NULL, NULL, NULL, NULL, '2025-08-21 06:00:00', '1', '1', '0', '1', '2'),
(188, '7727M114477', 'A31406', NULL, '7727M114477', '7', '18', '191', '9', '7505', '4', '8756', 'archivos/LAISA/2025/08/EA_A420_8756_250822', NULL, NULL, NULL, '17770', '5.37', '1200.800', '300.200', '8405.600', 'LAI4802211H2', 'LAISA', '17828', '2025-08-21 06:00:00', '1', '1', '0', '1', '2'),
(189, '7538M20817', 'A31455', NULL, '7538M20817', '3', '14', '192', '3', '49022', '20', NULL, NULL, NULL, NULL, NULL, '25400', '5.3', NULL, NULL, NULL, NULL, NULL, NULL, '2025-08-22 06:00:00', '1', '1', '0', '1', '2'),
(190, '7538M20816', 'A31502', NULL, '7538M20816', '3', '14', '193', '3', '46899', '28', '20180', 'archivos/LAISA/2025/08/EA_D227_20180_250826', NULL, NULL, NULL, '24300', '5.3', '7503.840', '1875.960', '52526.880', 'LAI4802211H2', 'LAISA', '17865', '2025-08-22 06:00:00', '1', '1', '0', '1', '2'),
(191, '7539M23730', 'A31384', NULL, '7539M23730', '7', '18', '194', '4', '0', '3', NULL, NULL, NULL, NULL, NULL, '25130', '4.5', NULL, NULL, NULL, NULL, NULL, NULL, '2025-08-22 06:00:00', '1', '1', '0', '1', '2'),
(192, '7531M13475', 'A31425', NULL, '7531M13475', '7', '18', '195', '7', '16856.4', '23', '3609', 'archivos/LAISA/2025/09/EA_C600_3609_250911', NULL, NULL, NULL, '25540', '5.39', '2697.020', '674.260', '18879.160', 'LAI4802211H2', NULL, NULL, '2025-08-22 06:00:00', '1', '1', '0', '1', '2'),
(193, '7540M114397', 'A31447', NULL, '7540M114397', '7', '18', '196', '6', '0', '3', NULL, NULL, NULL, NULL, NULL, '19510', '4.6', NULL, NULL, NULL, NULL, NULL, NULL, '2025-08-22 06:00:00', '1', '1', '0', '1', '2'),
(194, '7540M114398', 'A31448', NULL, '7540M114398', '7', '18', '197', '6', '0', '3', NULL, NULL, NULL, NULL, NULL, '21500', '4.6', NULL, NULL, NULL, NULL, NULL, NULL, '2025-08-22 06:00:00', '1', '1', '0', '1', '2'),
(195, '7727M114479', 'A31407', NULL, '7727M114479', '7', '18', '198', '9', '7505', '4', '8821', 'archivos/LAISA/2025/09/EA_A420_8821_250906', NULL, NULL, NULL, '17840', '5.37', '1200.800', '300.200', '8405.600', 'LAI4802211H2', 'LAISA', '17925', '2025-08-22 06:00:00', '1', '1', '0', '1', '2'),
(196, '7537M10148', 'A31377', NULL, '7537M10148', '2', '13', '199', '2', '15005', '29', '951', 'archivos/LAISA/2025/08/EA_B186_951_250826', NULL, NULL, NULL, '19857', '5.29', '2400.800', '600.200', '16805.600', 'LAI4802211H2', 'LAISA', '17831', '2025-08-23 06:00:00', '1', '1', '0', '1', '2'),
(197, '7538M20819', 'A31489', NULL, '7538M20819', '3', '14', '200', '3', '48365.8', '20', '22221', 'archivos/LAISA/2025/09/EA_T237_22221_250908', NULL, NULL, NULL, '25060', '5.3', '7738.530', '1934.630', '54169.700', 'LAI4802211H2', 'LAISA', '17951', '2025-08-23 06:00:00', '1', '1', '0', '1', '2'),
(198, '7539M23731', 'A31385', NULL, '7539M23731', '7', '18', '201', '4', '0', '3', NULL, NULL, NULL, NULL, NULL, '24880', '4.5', NULL, NULL, NULL, NULL, NULL, NULL, '2025-08-23 06:00:00', '1', '1', '0', '1', '2'),
(199, '7531M13483', 'A31426', NULL, '7531M13483', '7', '18', '202', '7', '15325.2', '23', '3488', 'archivos/LAISA/2025/08/EA_C600_3488_250825', NULL, NULL, NULL, '23220', '5.39', '2452.030', '613.010', '17164.220', 'LAI4802211H2', 'LAISA', '17797', '2025-08-23 06:00:00', '1', '1', '0', '1', '2'),
(200, '7540M114400', 'A31452', NULL, '7540M114400', '7', '18', '203', '6', '0', '3', NULL, NULL, NULL, NULL, NULL, '20500', '4.6', NULL, NULL, NULL, NULL, NULL, NULL, '2025-08-23 06:00:00', '1', '1', '0', '1', '2'),
(201, '7540M114401', 'A31453', NULL, '7540M114401', '7', '18', '204', '6', '0', '3', NULL, NULL, NULL, NULL, NULL, '19870', '4.6', NULL, NULL, NULL, NULL, NULL, NULL, '2025-08-23 06:00:00', '1', '1', '0', '1', '2'),
(202, '7540M114403', 'A31484', NULL, '7540M114403', '6', '17', '205', '6', '0', '3', NULL, NULL, NULL, NULL, NULL, '7780', '1.2', NULL, NULL, NULL, NULL, NULL, NULL, '2025-08-24 06:00:00', '1', '1', '0', '1', '2'),
(203, '7540M114404', 'A31485', NULL, '7540M114404', '6', '17', '206', '6', '0', '3', NULL, NULL, NULL, NULL, NULL, '7780', '1.2', NULL, NULL, NULL, NULL, NULL, NULL, '2025-08-24 06:00:00', '1', '1', '0', '1', '2'),
(204, '7727M114484', 'A31408', NULL, '7727M114484', '7', '18', '207', '9', '7505', '4', '8800', 'archivos/LAISA/2025/09/EA_A420_8800_250903', NULL, NULL, NULL, '17760', '5.37', '1200.800', '300.200', '8405.600', 'LAI4802211H2', 'LAISA', '17882', '2025-08-24 06:00:00', '1', '1', '0', '1', '2'),
(205, '7727M114483', 'A31411', NULL, '7727M114483', '6', '17', '208', '16', '0', '3', NULL, NULL, NULL, NULL, NULL, '21490', '3.7', NULL, NULL, NULL, NULL, NULL, NULL, '2025-08-24 06:00:00', '1', '1', '0', '1', '2'),
(206, '7727M114485', 'A31429', NULL, '7727M114485', '6', '17', '209', '16', '0', '3', NULL, NULL, NULL, NULL, NULL, '21680', '3.7', NULL, NULL, NULL, NULL, NULL, NULL, '2025-08-24 06:00:00', '1', '1', '0', '1', '2'),
(207, '11987-169383', 'A31393', NULL, '11987-169383', '3', '14', '210', '20', '14350', '10', NULL, NULL, NULL, NULL, NULL, '22089', '5.3', NULL, NULL, NULL, NULL, NULL, NULL, '2025-08-25 06:00:00', '1', '1', '0', '1', '2'),
(208, '7539M23732', 'A31478', NULL, '7539M23732', '7', '18', '211', '4', '0', '3', NULL, NULL, NULL, NULL, NULL, '25310', '4.5', NULL, NULL, NULL, NULL, NULL, NULL, '2025-08-25 06:00:00', '1', '1', '0', '1', '2'),
(209, '7540M114406', 'A31449', NULL, '7540M114406', '7', '18', '212', '6', '0', '3', NULL, NULL, NULL, NULL, NULL, '20360', '4.6', NULL, NULL, NULL, NULL, NULL, NULL, '2025-08-25 06:00:00', '1', '1', '0', '1', '2'),
(210, '7540M114405', 'A31454', NULL, '7540M114405', '7', '18', '213', '6', '0', '3', NULL, NULL, NULL, NULL, NULL, '21480', '4.6', NULL, NULL, NULL, NULL, NULL, NULL, '2025-08-25 06:00:00', '1', '1', '0', '1', '2'),
(211, '7727M114488', 'A31430', NULL, '7727M114488', '6', '17', '214', '16', '0', '3', NULL, NULL, NULL, NULL, NULL, '21920', '3.7', NULL, NULL, NULL, NULL, NULL, NULL, '2025-08-25 06:00:00', '1', '1', '0', '1', '2'),
(212, '7537M10149', 'A31405', NULL, '7537M10149', '2', '13', '215', '2', '15005', '29', '953', 'archivos/LAISA/2025/08/EA_B186_953_250827', NULL, NULL, NULL, '19829', '5.29', '2400.800', '600.200', '16805.600', 'LAI4802211H2', 'LAISA', '17831', '2025-08-26 06:00:00', '1', '1', '0', '1', '2'),
(213, '7538M20820', 'A31456', NULL, '7538M20820', '3', '14', '216', '3', '49909.8', '20', '22220', 'archivos/LAISA/2025/09/EA_T237_22220_250908', NULL, NULL, NULL, '25860', '5.3', '7985.570', '1996.390', '55898.980', 'LAI4802211H2', 'LAISA', '17951', '2025-08-26 06:00:00', '1', '1', '0', '1', '2'),
(214, '7538M20821', 'A31490', NULL, '7538M20821', '3', '14', '217', '3', '34682.1', '3', NULL, NULL, NULL, NULL, NULL, '17970', '5.3', NULL, NULL, NULL, NULL, NULL, NULL, '2025-08-26 06:00:00', '1', '1', '0', '1', '2'),
(215, '7538M20822', 'A31491', NULL, '7538M20822', '3', '14', '218', '3', '33350.4', '3', NULL, NULL, NULL, NULL, NULL, '17280', '5.3', NULL, NULL, NULL, NULL, NULL, NULL, '2025-08-26 06:00:00', '1', '1', '0', '1', '2'),
(216, '7539M23734', 'A31479', NULL, '7539M23734', '7', '18', '219', '4', '0', '3', NULL, NULL, NULL, NULL, NULL, '25300', '4.5', NULL, NULL, NULL, NULL, NULL, NULL, '2025-08-26 06:00:00', '1', '1', '0', '1', '2'),
(217, '148677', 'A31412', NULL, '148677', '4', '15', '220', '5', '0', '3', NULL, NULL, NULL, NULL, NULL, '10060', '3.88', NULL, NULL, NULL, NULL, NULL, NULL, '2025-08-26 06:00:00', '1', '1', '0', '1', '2'),
(218, '7531M13490', 'A31427', NULL, '7531M13490', '7', '18', '221', '7', '16024.8', '23', '3610', 'archivos/LAISA/2025/09/EA_C600_3610_250911', NULL, NULL, NULL, '24280', '5.39', '2563.970', '640.990', '17947.780', 'LAI4802211H2', NULL, NULL, '2025-08-26 06:00:00', '1', '1', '0', '1', '2'),
(219, '7531M13491', 'A31428', NULL, '7531M13491', '7', '18', '222', '7', '15378', '23', '3585', 'archivos/LAISA/2025/09/EA_C600_3585_250908', NULL, NULL, NULL, '23300', '5.39', '2460.480', '615.120', '17223.360', 'LAI4802211H2', 'LAISA', '17885', '2025-08-26 06:00:00', '1', '1', '0', '1', '2'),
(220, '7540M114408', 'A31486', NULL, '7540M114408', '6', '17', '223', '6', '0', '3', NULL, NULL, NULL, NULL, NULL, '9580', '1.2', NULL, NULL, NULL, NULL, NULL, NULL, '2025-08-26 06:00:00', '1', '1', '0', '1', '2'),
(221, '7727M114490', 'A31409', NULL, '7727M114490', '7', '18', '224', '9', '7505', '4', '8801', 'archivos/LAISA/2025/09/EA_A420_8801_250903', NULL, NULL, NULL, '17740', '5.37', '1200.800', '300.200', '8405.600', 'LAI4802211H2', 'LAISA', '17882', '2025-08-26 06:00:00', '1', '1', '0', '1', '2'),
(222, '7727M114491', 'A31487', NULL, '7727M114491', '6', '17', '225', '9', '0', '3', NULL, NULL, NULL, NULL, NULL, '7020', '1.2', NULL, NULL, NULL, NULL, NULL, NULL, '2025-08-26 06:00:00', '1', '1', '0', '1', '2'),
(223, '11988-169605', 'A31460', NULL, '11988-169605', '3', '14', '226', '20', '14350', '10', NULL, NULL, NULL, NULL, NULL, '23293', '5.3', NULL, NULL, NULL, NULL, NULL, NULL, '2025-08-27 06:00:00', '1', '1', '0', '1', '2'),
(224, '7538M20824', 'A31457', NULL, '7538M20824', '3', '14', '227', '3', '48500.9', '27', '14702', 'archivos/LAISA/2025/09/EA_H165_14702_250905', NULL, NULL, NULL, '25130', '5.3', '7760.140', '1940.040', '54321.000', 'LAI4802211H2', NULL, NULL, '2025-08-27 06:00:00', '1', '1', '0', '1', '2'),
(225, '7539M23735', 'A31480', NULL, '7539M23735', '7', '18', '228', '4', '0', '3', NULL, NULL, NULL, NULL, NULL, '24110', '4.5', NULL, NULL, NULL, NULL, NULL, NULL, '2025-08-27 06:00:00', '1', '1', '0', '1', '2'),
(226, '7531M13493', 'A31444', NULL, '7531M13493', '7', '18', '229', '7', '15991.8', '23', '3611', 'archivos/LAISA/2025/09/EA_C600_3611_250911', NULL, NULL, NULL, '24230', '5.39', '2558.690', '639.670', '17910.820', 'LAI4802211H2', NULL, NULL, '2025-08-27 06:00:00', '1', '1', '0', '1', '2'),
(227, '7531M13494', 'A31445', NULL, '7531M13494', '7', '18', '230', '7', '15153.6', '23', '3612', 'archivos/LAISA/2025/09/EA_C600_3612_250911', NULL, NULL, NULL, '22960', '5.39', '2424.580', '606.140', '16972.040', 'LAI4802211H2', NULL, NULL, '2025-08-27 06:00:00', '1', '1', '0', '1', '2');
INSERT INTO `ventas` (`id_venta`, `fact`, `factura`, `d_prov`, `nombre`, `id_cli`, `id_direc`, `id_compra`, `id_prod`, `costo_flete`, `flete`, `fact_fle`, `d_fletero`, `tara`, `bruto`, `Neto`, `peso_cliente`, `precio`, `im_tras_inv`, `im_rete_inv`, `total_inv`, `rfc_inv`, `aliasInv`, `folio_contra`, `fecha`, `id_user`, `status`, `acciones`, `zona`, `ex`) VALUES
(228, '7540M114409', 'A31450', NULL, '7540M114409', '7', '18', '231', '6', '0', '3', NULL, NULL, NULL, NULL, NULL, '20040', '4.6', NULL, NULL, NULL, NULL, NULL, NULL, '2025-08-27 06:00:00', '1', '1', '0', '1', '2'),
(229, '7540M114410', 'A31451', NULL, '7540M114410', '7', '18', '232', '6', '0', '3', NULL, NULL, NULL, NULL, NULL, '19740', '4.6', NULL, NULL, NULL, NULL, NULL, NULL, '2025-08-27 06:00:00', '1', '1', '0', '1', '2'),
(230, '7540M114411', 'A31452', NULL, '7540M114411', '7', '18', '233', '6', '0', '3', NULL, NULL, NULL, NULL, NULL, '21500', '4.6', NULL, NULL, NULL, NULL, NULL, NULL, '2025-08-27 06:00:00', '1', '1', '0', '1', '2'),
(231, '7540M114412', 'A31453', NULL, '7540M114412', '7', '18', '234', '6', '0', '3', NULL, NULL, NULL, NULL, NULL, '17980', '4.6', NULL, NULL, NULL, NULL, NULL, NULL, '2025-08-27 06:00:00', '1', '1', '0', '1', '2'),
(232, '7540M114414', 'A31454', NULL, '7540M114414', '7', '18', '235', '6', '0', '3', NULL, NULL, NULL, NULL, NULL, '16440', '4.6', NULL, NULL, NULL, NULL, NULL, NULL, '2025-08-27 06:00:00', '1', '1', '0', '1', '2'),
(233, '7727M114499', 'A31488', NULL, '7727M114499', '6', '17', '236', '16', '0', '3', NULL, NULL, NULL, NULL, NULL, '21430', '3.7', NULL, NULL, NULL, NULL, NULL, NULL, '2025-08-27 06:00:00', '1', '1', '0', '1', '2'),
(234, '7537M10151', 'A31443', NULL, '7537M10151', '2', '13', '237', '2', '15005', '29', '954', 'archivos/LAISA/2025/08/EA_B186_954_250829', NULL, NULL, NULL, '20118', '5.29', '2400.800', '600.200', '16805.600', 'LAI4802211H2', 'LAISA', '17943', '2025-08-28 06:00:00', '1', '1', '0', '1', '2'),
(235, '7538M20827', 'A31458', NULL, '7538M20827', '3', '14', '238', '3', '50353.7', '28', '20316', 'archivos/LAISA/2025/09/EA_D227_20316_250905', NULL, NULL, NULL, '26090', '5.3', '8056.590', '2014.150', '56396.140', 'LAI4802211H2', 'LAISA', '17957', '2025-08-28 06:00:00', '1', '1', '0', '1', '2'),
(236, '7539M23736', 'A31496', NULL, '7539M23736', '7', '18', '239', '4', '0', '3', NULL, NULL, NULL, NULL, NULL, '24730', '4.5', NULL, NULL, NULL, NULL, NULL, NULL, '2025-08-28 06:00:00', '1', '1', '0', '1', '2'),
(237, '7540M114416', 'A31476', NULL, '7540M114416', '7', '18', '240', '6', '0', '3', NULL, NULL, NULL, NULL, NULL, '20880', '4.6', NULL, NULL, NULL, NULL, NULL, NULL, '2025-08-28 06:00:00', '1', '1', '0', '1', '2'),
(238, '7727M114503', 'A31499', NULL, '7727M114503', '7', '18', '241', '9', '7505', '3', NULL, NULL, NULL, NULL, NULL, '5760', '5.37', NULL, NULL, NULL, NULL, NULL, NULL, '2025-08-28 06:00:00', '1', '1', '0', '1', '2'),
(239, '7727M114505', 'A31500', NULL, '7727M114505', '7', '18', '242', '9', '7505', '3', NULL, NULL, NULL, NULL, NULL, '17860', '5.37', NULL, NULL, NULL, NULL, NULL, NULL, '2025-08-28 06:00:00', '1', '1', '0', '1', '2'),
(240, '7727M114506', 'A31501', NULL, '7727M114506', '7', '18', '243', '9', '7505', '3', NULL, NULL, NULL, NULL, NULL, '17840', '5.37', NULL, NULL, NULL, NULL, NULL, NULL, '2025-08-28 06:00:00', '1', '1', '0', '1', '2'),
(241, '7538M20837', 'A31503', NULL, '7538M20837', '3', '14', '244', '3', '46937.6', '3', NULL, NULL, NULL, NULL, NULL, '24320', '5.3', NULL, NULL, NULL, NULL, NULL, NULL, '2025-08-29 06:00:00', '1', '1', '0', '1', '2'),
(242, '7538M20840', 'A31504', NULL, '7538M20840', '3', '14', '245', '3', '50083.5', '3', NULL, NULL, NULL, NULL, NULL, '25950', '5.3', NULL, NULL, NULL, NULL, NULL, NULL, '2025-08-29 06:00:00', '1', '1', '0', '1', '2'),
(243, '7538M20833', 'A31505', NULL, '7538M20833', '3', '14', '246', '3', '49678.2', '3', NULL, NULL, NULL, NULL, NULL, '25740', '5.3', NULL, NULL, NULL, NULL, NULL, NULL, '2025-08-29 06:00:00', '1', '1', '0', '1', '2'),
(244, '7539M23739', 'A31497', NULL, '7539M23739', '7', '18', '247', '4', '0', '3', NULL, NULL, NULL, NULL, NULL, '25020', '4.5', NULL, NULL, NULL, NULL, NULL, NULL, '2025-08-29 06:00:00', '1', '1', '0', '1', '2'),
(245, '7539M23740', 'A31498', NULL, '7539M23740', '7', '18', '248', '4', '0', '3', NULL, NULL, NULL, NULL, NULL, '24340', '4.5', NULL, NULL, NULL, NULL, NULL, NULL, '2025-08-29 06:00:00', '1', '1', '0', '1', '2'),
(246, '148728', 'A31492', NULL, '148728', '4', '15', '249', '5', '0', '3', NULL, NULL, NULL, NULL, NULL, '10330', '3.88', NULL, NULL, NULL, NULL, NULL, NULL, '2025-08-29 06:00:00', '1', '1', '0', '1', '2'),
(247, '7531M13495', 'A31493', NULL, '7531M13495', '7', '18', '250', '7', '15081', '3', NULL, NULL, NULL, NULL, NULL, '22850', '5.39', NULL, NULL, NULL, NULL, NULL, NULL, '2025-08-29 06:00:00', '1', '1', '0', '1', '2'),
(248, '7540M114417', 'A31477', NULL, '7540M114417', '7', '18', '251', '6', '0', '3', NULL, NULL, NULL, NULL, NULL, '19740', '4.6', NULL, NULL, NULL, NULL, NULL, NULL, '2025-08-29 06:00:00', '1', '1', '0', '1', '2'),
(249, '7531M13496', 'A31494', NULL, '7531M13496', '7', '18', '252', '7', '14619', '3', NULL, NULL, NULL, NULL, NULL, '22150', '5.39', NULL, NULL, NULL, NULL, NULL, NULL, '2025-08-30 06:00:00', '1', '1', '0', '1', '2'),
(250, '7531M13497', 'A31495', NULL, '7531M13497', '7', '18', '253', '7', '15424.2', '3', NULL, NULL, NULL, NULL, NULL, '23370', '5.39', NULL, NULL, NULL, NULL, NULL, NULL, '2025-08-30 06:00:00', '1', '1', '0', '1', '2');

-- --------------------------------------------------------

--
-- Estructura de tabla para la tabla `zonas`
--

CREATE TABLE `zonas` (
  `id_zone` int NOT NULL,
  `cod` varchar(255) DEFAULT NULL,
  `nom` varchar(255) DEFAULT NULL,
  `PLANTA` varchar(255) DEFAULT NULL,
  `color` varchar(255) NOT NULL DEFAULT '#3498db',
  `fecha` timestamp NOT NULL DEFAULT CURRENT_TIMESTAMP,
  `id_user` varchar(255) DEFAULT NULL,
  `status` varchar(255) NOT NULL DEFAULT '1'
) ENGINE=MyISAM DEFAULT CHARSET=utf8mb4 COLLATE=utf8mb4_0900_ai_ci;

--
-- Volcado de datos para la tabla `zonas`
--

INSERT INTO `zonas` (`id_zone`, `cod`, `nom`, `PLANTA`, `color`, `fecha`, `id_user`, `status`) VALUES
(1, 'DKL', 'LAI-DKL', 'LAISA', '#292b7d', '2025-08-05 21:58:04', '1', '1'),
(2, 'HEI', 'DEXA-HEINEKEN', 'DESA', '#0D5E3C', '2025-08-06 18:36:07', '1', '1');

--
-- Índices para tablas volcadas
--

--
-- Indices de la tabla `almacen`
--
ALTER TABLE `almacen`
  ADD PRIMARY KEY (`id_alnaceb`);

--
-- Indices de la tabla `clientes`
--
ALTER TABLE `clientes`
  ADD PRIMARY KEY (`id_cli`);

--
-- Indices de la tabla `compras`
--
ALTER TABLE `compras`
  ADD PRIMARY KEY (`id_compra`);

--
-- Indices de la tabla `direcciones`
--
ALTER TABLE `direcciones`
  ADD PRIMARY KEY (`id_direc`);

--
-- Indices de la tabla `precios`
--
ALTER TABLE `precios`
  ADD PRIMARY KEY (`id_precio`);

--
-- Indices de la tabla `productos`
--
ALTER TABLE `productos`
  ADD PRIMARY KEY (`id_prod`);

--
-- Indices de la tabla `producto_recole`
--
ALTER TABLE `producto_recole`
  ADD PRIMARY KEY (`id_prd_rec`);

--
-- Indices de la tabla `proveedores`
--
ALTER TABLE `proveedores`
  ADD PRIMARY KEY (`id_prov`);

--
-- Indices de la tabla `recoleccion`
--
ALTER TABLE `recoleccion`
  ADD PRIMARY KEY (`id_recol`);

--
-- Indices de la tabla `transportes`
--
ALTER TABLE `transportes`
  ADD PRIMARY KEY (`id_transp`);

--
-- Indices de la tabla `user_activity_logs`
--
ALTER TABLE `user_activity_logs`
  ADD PRIMARY KEY (`id`);

--
-- Indices de la tabla `usuarios`
--
ALTER TABLE `usuarios`
  ADD PRIMARY KEY (`id_user`);

--
-- Indices de la tabla `ventas`
--
ALTER TABLE `ventas`
  ADD PRIMARY KEY (`id_venta`);

--
-- Indices de la tabla `zonas`
--
ALTER TABLE `zonas`
  ADD PRIMARY KEY (`id_zone`);

--
-- AUTO_INCREMENT de las tablas volcadas
--

--
-- AUTO_INCREMENT de la tabla `almacen`
--
ALTER TABLE `almacen`
  MODIFY `id_alnaceb` int NOT NULL AUTO_INCREMENT, AUTO_INCREMENT=499;

--
-- AUTO_INCREMENT de la tabla `clientes`
--
ALTER TABLE `clientes`
  MODIFY `id_cli` int NOT NULL AUTO_INCREMENT, AUTO_INCREMENT=10;

--
-- AUTO_INCREMENT de la tabla `compras`
--
ALTER TABLE `compras`
  MODIFY `id_compra` int NOT NULL AUTO_INCREMENT, AUTO_INCREMENT=254;

--
-- AUTO_INCREMENT de la tabla `direcciones`
--
ALTER TABLE `direcciones`
  MODIFY `id_direc` int NOT NULL AUTO_INCREMENT, AUTO_INCREMENT=26;

--
-- AUTO_INCREMENT de la tabla `precios`
--
ALTER TABLE `precios`
  MODIFY `id_precio` int NOT NULL AUTO_INCREMENT, AUTO_INCREMENT=200;

--
-- AUTO_INCREMENT de la tabla `productos`
--
ALTER TABLE `productos`
  MODIFY `id_prod` int NOT NULL AUTO_INCREMENT, AUTO_INCREMENT=31;

--
-- AUTO_INCREMENT de la tabla `producto_recole`
--
ALTER TABLE `producto_recole`
  MODIFY `id_prd_rec` int NOT NULL AUTO_INCREMENT, AUTO_INCREMENT=378;

--
-- AUTO_INCREMENT de la tabla `proveedores`
--
ALTER TABLE `proveedores`
  MODIFY `id_prov` int NOT NULL AUTO_INCREMENT, AUTO_INCREMENT=3;

--
-- AUTO_INCREMENT de la tabla `recoleccion`
--
ALTER TABLE `recoleccion`
  MODIFY `id_recol` int NOT NULL AUTO_INCREMENT, AUTO_INCREMENT=378;

--
-- AUTO_INCREMENT de la tabla `transportes`
--
ALTER TABLE `transportes`
  MODIFY `id_transp` int NOT NULL AUTO_INCREMENT, AUTO_INCREMENT=49;

--
-- AUTO_INCREMENT de la tabla `user_activity_logs`
--
ALTER TABLE `user_activity_logs`
  MODIFY `id` int NOT NULL AUTO_INCREMENT, AUTO_INCREMENT=1643;

--
-- AUTO_INCREMENT de la tabla `usuarios`
--
ALTER TABLE `usuarios`
  MODIFY `id_user` int NOT NULL AUTO_INCREMENT, AUTO_INCREMENT=6;

--
-- AUTO_INCREMENT de la tabla `ventas`
--
ALTER TABLE `ventas`
  MODIFY `id_venta` int NOT NULL AUTO_INCREMENT, AUTO_INCREMENT=251;

--
-- AUTO_INCREMENT de la tabla `zonas`
--
ALTER TABLE `zonas`
  MODIFY `id_zone` int NOT NULL AUTO_INCREMENT, AUTO_INCREMENT=3;
COMMIT;

/*!40101 SET CHARACTER_SET_CLIENT=@OLD_CHARACTER_SET_CLIENT */;
/*!40101 SET CHARACTER_SET_RESULTS=@OLD_CHARACTER_SET_RESULTS */;
/*!40101 SET COLLATION_CONNECTION=@OLD_COLLATION_CONNECTION */;
