-- phpMyAdmin SQL Dump
-- version 5.2.2
-- https://www.phpmyadmin.net/
--
-- Servidor: localhost:3306
-- Tiempo de generación: 24-10-2025 a las 14:26:04
-- Versión del servidor: 8.0.37
-- Versión de PHP: 8.4.13

SET SQL_MODE = "NO_AUTO_VALUE_ON_ZERO";
START TRANSACTION;
SET time_zone = "+00:00";


/*!40101 SET @OLD_CHARACTER_SET_CLIENT=@@CHARACTER_SET_CLIENT */;
/*!40101 SET @OLD_CHARACTER_SET_RESULTS=@@CHARACTER_SET_RESULTS */;
/*!40101 SET @OLD_COLLATION_CONNECTION=@@COLLATION_CONNECTION */;
/*!40101 SET NAMES utf8mb4 */;

--
-- Base de datos: `laisacom_sistema_DX_LAI`
--

-- --------------------------------------------------------

--
-- Estructura de tabla para la tabla `almacen`
--

CREATE TABLE `almacen` (
  `id_alnaceb` int NOT NULL,
  `id_venta` varchar(255) DEFAULT NULL,
  `id_compra` varchar(255) DEFAULT NULL,
  `id_prod` varchar(255) DEFAULT NULL,
  `entrada` varchar(255) DEFAULT NULL,
  `salida` varchar(255) DEFAULT NULL,
  `fecha` timestamp NOT NULL DEFAULT CURRENT_TIMESTAMP,
  `id_user` varchar(255) DEFAULT NULL,
  `status` varchar(255) NOT NULL DEFAULT '1',
  `zona` varchar(255) DEFAULT NULL
) ENGINE=MyISAM DEFAULT CHARSET=utf8mb4 COLLATE=utf8mb4_0900_ai_ci;

--
-- Volcado de datos para la tabla `almacen`
--

INSERT INTO `almacen` (`id_alnaceb`, `id_venta`, `id_compra`, `id_prod`, `entrada`, `salida`, `fecha`, `id_user`, `status`, `zona`) VALUES
(1, NULL, '1', '4', '24740.00', NULL, '2025-07-29 00:25:07', '1', '1', '1'),
(2, NULL, '2', '11', '21300.00', NULL, '2025-07-29 00:33:02', '1', '1', '1'),
(3, '1', NULL, '4', NULL, '24740', '2025-07-29 00:38:03', '1', '1', '1'),
(4, '2', NULL, '11', NULL, '21300', '2025-07-29 23:08:32', '1', '1', '1'),
(23, NULL, '16', '3', '26270', NULL, '2025-08-22 22:03:30', '1', '1', '1'),
(24, '13', NULL, '3', NULL, '26270', '2025-08-22 22:03:30', '1', '1', '1'),
(25, NULL, '17', '9', '17660', NULL, '2025-08-25 20:33:54', '1', '1', '1'),
(26, '14', NULL, '9', NULL, '17660', '2025-08-25 20:33:54', '1', '1', '1'),
(27, NULL, '18', '3', '26040', NULL, '2025-08-28 16:30:18', '1', '1', '1'),
(28, '15', NULL, '3', NULL, '26040', '2025-08-28 16:30:18', '1', '1', '1'),
(29, NULL, '19', '11', '22700', NULL, '2025-08-28 16:30:18', '1', '1', '1'),
(30, '16', NULL, '11', NULL, '22700', '2025-08-28 16:30:18', '1', '1', '1'),
(31, NULL, '20', '9', '21140', NULL, '2025-08-28 16:30:18', '1', '1', '1'),
(32, '17', NULL, '9', NULL, '21140', '2025-08-28 16:30:18', '1', '1', '1'),
(33, NULL, '21', '11', '24400', NULL, '2025-08-28 16:30:18', '1', '1', '1'),
(34, '18', NULL, '11', NULL, '24400', '2025-08-28 16:30:18', '1', '1', '1'),
(35, NULL, '22', '9', '20055', NULL, '2025-08-28 16:30:18', '1', '1', '1'),
(36, '19', NULL, '9', NULL, '20055', '2025-08-28 16:30:18', '1', '1', '1'),
(37, NULL, '23', '3', '29430', NULL, '2025-08-28 16:30:18', '1', '1', '1'),
(38, '20', NULL, '3', NULL, '29430', '2025-08-28 16:30:18', '1', '1', '1'),
(39, NULL, '24', '11', '23200', NULL, '2025-08-28 16:30:18', '1', '1', '1'),
(40, '21', NULL, '11', NULL, '23200', '2025-08-28 16:30:18', '1', '1', '1'),
(41, NULL, '25', '20', '21600', NULL, '2025-09-03 23:00:52', '1', '1', '1'),
(42, '22', NULL, '20', NULL, '21600', '2025-09-03 23:00:52', '1', '1', '1'),
(43, NULL, '26', '3', '26300', NULL, '2025-09-03 23:00:52', '1', '1', '1'),
(44, '23', NULL, '3', NULL, '26300', '2025-09-03 23:00:52', '1', '1', '1'),
(45, NULL, '27', '9', '21190', NULL, '2025-09-03 23:00:52', '1', '1', '1'),
(46, '24', NULL, '9', NULL, '21190', '2025-09-03 23:00:52', '1', '1', '1'),
(47, NULL, '28', '3', '25580', NULL, '2025-09-03 23:00:52', '1', '1', '1'),
(48, '25', NULL, '3', NULL, '25580', '2025-09-03 23:00:52', '1', '1', '1'),
(49, NULL, '29', '9', '17270', NULL, '2025-09-03 23:00:52', '1', '1', '1'),
(50, '26', NULL, '9', NULL, '17270', '2025-09-03 23:00:52', '1', '1', '1'),
(51, NULL, '30', '9', '17000', NULL, '2025-09-03 23:00:52', '1', '1', '1'),
(52, '27', NULL, '9', NULL, '17000', '2025-09-03 23:00:52', '1', '1', '1'),
(53, NULL, '31', '1', '25872', NULL, '2025-09-03 23:00:52', '1', '1', '1'),
(54, '28', NULL, '1', NULL, '25872', '2025-09-03 23:00:52', '1', '1', '1'),
(55, NULL, '32', '6', '19110', NULL, '2025-09-03 23:00:52', '1', '1', '1'),
(56, '29', NULL, '6', NULL, '19110', '2025-09-03 23:00:52', '1', '1', '1'),
(57, NULL, '33', '6', '22710', NULL, '2025-09-03 23:00:52', '1', '1', '1'),
(58, '30', NULL, '6', NULL, '22710', '2025-09-03 23:00:52', '1', '1', '1'),
(59, NULL, '34', '6', '6600', NULL, '2025-09-03 23:00:52', '1', '1', '1'),
(60, '31', NULL, '6', NULL, '6600', '2025-09-03 23:00:52', '1', '1', '1'),
(61, NULL, '35', '9', '8980', NULL, '2025-09-03 23:00:52', '1', '1', '1'),
(62, '32', NULL, '9', NULL, '8980', '2025-09-03 23:00:52', '1', '1', '1'),
(63, NULL, '36', '9', '8490', NULL, '2025-09-03 23:00:52', '1', '1', '1'),
(64, '33', NULL, '9', NULL, '8490', '2025-09-03 23:00:52', '1', '1', '1'),
(65, NULL, '37', '9', '22040', NULL, '2025-09-03 23:00:52', '1', '1', '1'),
(66, '34', NULL, '9', NULL, '22040', '2025-09-03 23:00:52', '1', '1', '1'),
(67, NULL, '38', '2', '19826', NULL, '2025-09-03 23:00:52', '1', '1', '1'),
(68, '35', NULL, '2', NULL, '19826', '2025-09-03 23:00:52', '1', '1', '1'),
(69, NULL, '39', '3', '26030', NULL, '2025-09-03 23:00:52', '1', '1', '1'),
(70, '36', NULL, '3', NULL, '26030', '2025-09-03 23:00:52', '1', '1', '1'),
(71, NULL, '40', '4', '23270', NULL, '2025-09-03 23:00:52', '1', '1', '1'),
(72, '37', NULL, '4', NULL, '23270', '2025-09-03 23:00:52', '1', '1', '1'),
(73, NULL, '41', '4', '25160', NULL, '2025-09-03 23:00:52', '1', '1', '1'),
(74, '38', NULL, '4', NULL, '25160', '2025-09-03 23:00:52', '1', '1', '1'),
(75, NULL, '42', '7', '25010', NULL, '2025-09-03 23:00:52', '1', '1', '1'),
(76, '39', NULL, '7', NULL, '25010', '2025-09-03 23:00:52', '1', '1', '1'),
(77, NULL, '43', '6', '22660', NULL, '2025-09-03 23:00:52', '1', '1', '1'),
(78, '40', NULL, '6', NULL, '22660', '2025-09-03 23:00:52', '1', '1', '1'),
(79, NULL, '44', '6', '22710', NULL, '2025-09-03 23:00:52', '1', '1', '1'),
(80, '41', NULL, '6', NULL, '22710', '2025-09-03 23:00:52', '1', '1', '1'),
(81, NULL, '45', '9', '7310', NULL, '2025-09-03 23:00:52', '1', '1', '1'),
(82, '42', NULL, '9', NULL, '7310', '2025-09-03 23:00:52', '1', '1', '1'),
(83, NULL, '46', '3', '25890', NULL, '2025-09-03 23:00:52', '1', '1', '1'),
(84, '43', NULL, '3', NULL, '25890', '2025-09-03 23:00:52', '1', '1', '1'),
(85, NULL, '47', '3', '24960', NULL, '2025-09-03 23:00:52', '1', '1', '1'),
(86, '44', NULL, '3', NULL, '24960', '2025-09-03 23:00:52', '1', '1', '1'),
(87, NULL, '48', '4', '23460', NULL, '2025-09-03 23:00:52', '1', '1', '1'),
(88, '45', NULL, '4', NULL, '23460', '2025-09-03 23:00:52', '1', '1', '1'),
(89, NULL, '49', '7', '24860', NULL, '2025-09-03 23:00:52', '1', '1', '1'),
(90, '46', NULL, '7', NULL, '24860', '2025-09-03 23:00:52', '1', '1', '1'),
(91, NULL, '50', '7', '24580', NULL, '2025-09-03 23:00:52', '1', '1', '1'),
(92, '47', NULL, '7', NULL, '24580', '2025-09-03 23:00:52', '1', '1', '1'),
(93, NULL, '51', '6', '20200', NULL, '2025-09-03 23:00:52', '1', '1', '1'),
(94, '48', NULL, '6', NULL, '20200', '2025-09-03 23:00:52', '1', '1', '1'),
(95, NULL, '52', '6', '22400', NULL, '2025-09-03 23:00:52', '1', '1', '1'),
(96, '49', NULL, '6', NULL, '22400', '2025-09-03 23:00:52', '1', '1', '1'),
(97, NULL, '53', '6', '8840', NULL, '2025-09-03 23:00:52', '1', '1', '1'),
(98, '50', NULL, '6', NULL, '8840', '2025-09-03 23:00:52', '1', '1', '1'),
(99, NULL, '54', '9', '18130', NULL, '2025-09-03 23:00:52', '1', '1', '1'),
(100, '51', NULL, '9', NULL, '18130', '2025-09-03 23:00:52', '1', '1', '1'),
(101, NULL, '55', '2', '19516', NULL, '2025-09-03 23:00:52', '1', '1', '1'),
(102, '52', NULL, '2', NULL, '19516', '2025-09-03 23:00:52', '1', '1', '1'),
(103, NULL, '56', '20', '24000', NULL, '2025-09-03 23:00:52', '1', '1', '1'),
(104, '53', NULL, '20', NULL, '24000', '2025-09-03 23:00:52', '1', '1', '1'),
(105, NULL, '57', '7', '24270', NULL, '2025-09-03 23:00:52', '1', '1', '1'),
(106, '54', NULL, '7', NULL, '24270', '2025-09-03 23:00:52', '1', '1', '1'),
(107, NULL, '58', '6', '20120', NULL, '2025-09-03 23:00:52', '1', '1', '1'),
(108, '55', NULL, '6', NULL, '20120', '2025-09-03 23:00:52', '1', '1', '1'),
(109, NULL, '59', '9', '17940', NULL, '2025-09-03 23:00:52', '1', '1', '1'),
(110, '56', NULL, '9', NULL, '17940', '2025-09-03 23:00:52', '1', '1', '1'),
(111, NULL, '60', '9', '7810', NULL, '2025-09-03 23:00:52', '1', '1', '1'),
(112, '57', NULL, '9', NULL, '7810', '2025-09-03 23:00:52', '1', '1', '1'),
(113, NULL, '61', '9', '21640', NULL, '2025-09-03 23:00:52', '1', '1', '1'),
(114, '58', NULL, '9', NULL, '21640', '2025-09-03 23:00:52', '1', '1', '1'),
(115, NULL, '62', '3', '26370', NULL, '2025-09-03 23:00:52', '1', '1', '1'),
(116, '59', NULL, '3', NULL, '26370', '2025-09-03 23:00:52', '1', '1', '1'),
(117, NULL, '63', '4', '24670', NULL, '2025-09-03 23:00:52', '1', '1', '1'),
(118, '60', NULL, '4', NULL, '24670', '2025-09-03 23:00:52', '1', '1', '1'),
(119, NULL, '64', '6', '19360', NULL, '2025-09-03 23:00:52', '1', '1', '1'),
(120, '61', NULL, '6', NULL, '19360', '2025-09-03 23:00:52', '1', '1', '1'),
(121, NULL, '65', '6', '19770', NULL, '2025-09-03 23:00:52', '1', '1', '1'),
(122, '62', NULL, '6', NULL, '19770', '2025-09-03 23:00:52', '1', '1', '1'),
(123, NULL, '66', '9', '21280', NULL, '2025-09-03 23:00:52', '1', '1', '1'),
(124, '63', NULL, '9', NULL, '21280', '2025-09-03 23:00:52', '1', '1', '1'),
(125, NULL, '67', '2', '19911', NULL, '2025-09-03 23:00:52', '1', '1', '1'),
(126, '64', NULL, '2', NULL, '19911', '2025-09-03 23:00:52', '1', '1', '1'),
(127, NULL, '68', '20', '21900', NULL, '2025-09-03 23:00:52', '1', '1', '1'),
(128, '65', NULL, '20', NULL, '21900', '2025-09-03 23:00:52', '1', '1', '1'),
(129, NULL, '69', '3', '24340', NULL, '2025-09-03 23:00:52', '1', '1', '1'),
(130, '66', NULL, '3', NULL, '24340', '2025-09-03 23:00:52', '1', '1', '1'),
(131, NULL, '70', '3', '25000', NULL, '2025-09-03 23:00:52', '1', '1', '1'),
(132, '67', NULL, '3', NULL, '25000', '2025-09-03 23:00:52', '1', '1', '1'),
(133, NULL, '71', '4', '22790', NULL, '2025-09-03 23:00:52', '1', '1', '1'),
(134, '68', NULL, '4', NULL, '22790', '2025-09-03 23:00:52', '1', '1', '1'),
(135, NULL, '72', '6', '18230', NULL, '2025-09-03 23:00:52', '1', '1', '1'),
(136, '69', NULL, '6', NULL, '18230', '2025-09-03 23:00:52', '1', '1', '1'),
(137, NULL, '73', '6', '20950', NULL, '2025-09-03 23:00:52', '1', '1', '1'),
(138, '70', NULL, '6', NULL, '20950', '2025-09-03 23:00:52', '1', '1', '1'),
(139, NULL, '74', '6', '8860', NULL, '2025-09-03 23:00:52', '1', '1', '1'),
(140, '71', NULL, '6', NULL, '8860', '2025-09-03 23:00:52', '1', '1', '1'),
(141, NULL, '75', '9', '21160', NULL, '2025-09-03 23:00:52', '1', '1', '1'),
(142, '72', NULL, '9', NULL, '21160', '2025-09-03 23:00:52', '1', '1', '1'),
(143, NULL, '76', '16', '21510', NULL, '2025-09-03 23:00:52', '1', '1', '1'),
(144, '73', NULL, '16', NULL, '21510', '2025-09-03 23:00:52', '1', '1', '1'),
(145, NULL, '77', '20', '25400', NULL, '2025-09-03 23:00:52', '1', '1', '1'),
(146, '74', NULL, '20', NULL, '25400', '2025-09-03 23:00:52', '1', '1', '1'),
(147, NULL, '78', '3', '24370', NULL, '2025-09-03 23:00:52', '1', '1', '1'),
(148, '75', NULL, '3', NULL, '24370', '2025-09-03 23:00:52', '1', '1', '1'),
(149, NULL, '79', '4', '24010', NULL, '2025-09-03 23:00:52', '1', '1', '1'),
(150, '76', NULL, '4', NULL, '24010', '2025-09-03 23:00:52', '1', '1', '1'),
(151, NULL, '80', '4', '24920', NULL, '2025-09-03 23:00:52', '1', '1', '1'),
(152, '77', NULL, '4', NULL, '24920', '2025-09-03 23:00:52', '1', '1', '1'),
(153, NULL, '81', '5', '10563', NULL, '2025-09-03 23:00:52', '1', '1', '1'),
(154, '78', NULL, '5', NULL, '10563', '2025-09-03 23:00:52', '1', '1', '1'),
(155, NULL, '82', '6', '21890', NULL, '2025-09-03 23:00:52', '1', '1', '1'),
(156, '79', NULL, '6', NULL, '21890', '2025-09-03 23:00:52', '1', '1', '1'),
(157, NULL, '83', '6', '20950', NULL, '2025-09-03 23:00:52', '1', '1', '1'),
(158, '80', NULL, '6', NULL, '20950', '2025-09-03 23:00:52', '1', '1', '1'),
(159, NULL, '84', '6', '18230', NULL, '2025-09-03 23:00:52', '1', '1', '1'),
(160, '81', NULL, '6', NULL, '18230', '2025-09-03 23:00:52', '1', '1', '1'),
(161, NULL, '85', '6', '4290', NULL, '2025-09-03 23:00:52', '1', '1', '1'),
(162, '82', NULL, '6', NULL, '4290', '2025-09-03 23:00:52', '1', '1', '1'),
(163, NULL, '86', '6', '3810', NULL, '2025-09-03 23:00:52', '1', '1', '1'),
(164, '83', NULL, '6', NULL, '3810', '2025-09-03 23:00:52', '1', '1', '1'),
(165, NULL, '87', '9', '18340', NULL, '2025-09-03 23:00:52', '1', '1', '1'),
(166, '84', NULL, '9', NULL, '18340', '2025-09-03 23:00:52', '1', '1', '1'),
(167, NULL, '88', '3', '22330', NULL, '2025-09-03 23:00:52', '1', '1', '1'),
(168, '85', NULL, '3', NULL, '22330', '2025-09-03 23:00:52', '1', '1', '1'),
(169, NULL, '89', '4', '24840', NULL, '2025-09-03 23:00:52', '1', '1', '1'),
(170, '86', NULL, '4', NULL, '24840', '2025-09-03 23:00:52', '1', '1', '1'),
(171, NULL, '90', '4', '23700', NULL, '2025-09-03 23:00:52', '1', '1', '1'),
(172, '87', NULL, '4', NULL, '23700', '2025-09-03 23:00:52', '1', '1', '1'),
(173, NULL, '91', '4', '24550', NULL, '2025-09-03 23:00:52', '1', '1', '1'),
(174, '88', NULL, '4', NULL, '24550', '2025-09-03 23:00:52', '1', '1', '1'),
(175, NULL, '92', '7', '24540', NULL, '2025-09-03 23:00:52', '1', '1', '1'),
(176, '89', NULL, '7', NULL, '24540', '2025-09-03 23:00:52', '1', '1', '1'),
(177, NULL, '93', '7', '24520', NULL, '2025-09-03 23:00:52', '1', '1', '1'),
(178, '90', NULL, '7', NULL, '24520', '2025-09-03 23:00:52', '1', '1', '1'),
(179, NULL, '94', '7', '24970', NULL, '2025-09-03 23:00:52', '1', '1', '1'),
(180, '91', NULL, '7', NULL, '24970', '2025-09-03 23:00:52', '1', '1', '1'),
(181, NULL, '95', '6', '18990', NULL, '2025-09-03 23:00:52', '1', '1', '1'),
(182, '92', NULL, '6', NULL, '18990', '2025-09-03 23:00:52', '1', '1', '1'),
(183, NULL, '96', '6', '7660', NULL, '2025-09-03 23:00:52', '1', '1', '1'),
(184, '93', NULL, '6', NULL, '7660', '2025-09-03 23:00:52', '1', '1', '1'),
(185, NULL, '97', '6', '13320', NULL, '2025-09-03 23:00:52', '1', '1', '1'),
(186, '94', NULL, '6', NULL, '13320', '2025-09-03 23:00:52', '1', '1', '1'),
(187, NULL, '98', '16', '21470', NULL, '2025-09-03 23:00:52', '1', '1', '1'),
(188, '95', NULL, '16', NULL, '21470', '2025-09-03 23:00:52', '1', '1', '1'),
(189, NULL, '99', '16', '21370', NULL, '2025-09-03 23:00:52', '1', '1', '1'),
(190, '96', NULL, '16', NULL, '21370', '2025-09-03 23:00:52', '1', '1', '1'),
(191, NULL, '100', '16', '20990', NULL, '2025-09-03 23:00:52', '1', '1', '1'),
(192, '97', NULL, '16', NULL, '20990', '2025-09-03 23:00:52', '1', '1', '1'),
(193, NULL, '101', '20', '22580', NULL, '2025-09-03 23:00:52', '1', '1', '1'),
(194, '98', NULL, '20', NULL, '22580', '2025-09-03 23:00:52', '1', '1', '1'),
(195, NULL, '102', '3', '24050', NULL, '2025-09-03 23:00:52', '1', '1', '1'),
(196, '99', NULL, '3', NULL, '24050', '2025-09-03 23:00:52', '1', '1', '1'),
(197, NULL, '103', '3', '25540', NULL, '2025-09-03 23:00:52', '1', '1', '1'),
(198, '100', NULL, '3', NULL, '25540', '2025-09-03 23:00:52', '1', '1', '1'),
(199, NULL, '104', '7', '24890', NULL, '2025-09-03 23:00:52', '1', '1', '1'),
(200, '101', NULL, '7', NULL, '24890', '2025-09-03 23:00:52', '1', '1', '1'),
(201, NULL, '105', '6', '7640', NULL, '2025-09-03 23:00:52', '1', '1', '1'),
(202, '102', NULL, '6', NULL, '7640', '2025-09-03 23:00:52', '1', '1', '1'),
(203, NULL, '106', '6', '19310', NULL, '2025-09-03 23:00:52', '1', '1', '1'),
(204, '103', NULL, '6', NULL, '19310', '2025-09-03 23:00:52', '1', '1', '1'),
(205, NULL, '107', '9', '5660', NULL, '2025-09-03 23:00:52', '1', '1', '1'),
(206, '104', NULL, '9', NULL, '5660', '2025-09-03 23:00:52', '1', '1', '1'),
(207, NULL, '108', '9', '17770', NULL, '2025-09-03 23:00:52', '1', '1', '1'),
(208, '105', NULL, '9', NULL, '17770', '2025-09-03 23:00:52', '1', '1', '1'),
(209, NULL, '109', '16', '21690', NULL, '2025-09-03 23:00:52', '1', '1', '1'),
(210, '106', NULL, '16', NULL, '21690', '2025-09-03 23:00:52', '1', '1', '1'),
(211, NULL, '110', '6', '22140', NULL, '2025-09-03 23:00:52', '1', '1', '1'),
(212, '107', NULL, '6', NULL, '22140', '2025-09-03 23:00:52', '1', '1', '1'),
(213, NULL, '111', '6', '21930', NULL, '2025-09-03 23:00:52', '1', '1', '1'),
(214, '108', NULL, '6', NULL, '21930', '2025-09-03 23:00:52', '1', '1', '1'),
(215, NULL, '112', '6', '20070', NULL, '2025-09-03 23:00:52', '1', '1', '1'),
(216, '109', NULL, '6', NULL, '20070', '2025-09-03 23:00:52', '1', '1', '1'),
(217, NULL, '113', '9', '17830', NULL, '2025-09-03 23:00:52', '1', '1', '1'),
(218, '110', NULL, '9', NULL, '17830', '2025-09-03 23:00:52', '1', '1', '1'),
(219, NULL, '114', '16', '21480', NULL, '2025-09-03 23:00:52', '1', '1', '1'),
(220, '111', NULL, '16', NULL, '21480', '2025-09-03 23:00:52', '1', '1', '1'),
(221, NULL, '115', '2', '20103', NULL, '2025-09-03 23:00:52', '1', '1', '1'),
(222, '112', NULL, '2', NULL, '20103', '2025-09-03 23:00:52', '1', '1', '1'),
(223, NULL, '116', '3', '19760', NULL, '2025-09-03 23:00:52', '1', '1', '1'),
(224, '113', NULL, '3', NULL, '19760', '2025-09-03 23:00:52', '1', '1', '1'),
(225, NULL, '117', '4', '24410', NULL, '2025-09-03 23:00:52', '1', '1', '1'),
(226, '114', NULL, '4', NULL, '24410', '2025-09-03 23:00:52', '1', '1', '1'),
(227, NULL, '118', '5', '11356', NULL, '2025-09-03 23:00:52', '1', '1', '1'),
(228, '115', NULL, '5', NULL, '11356', '2025-09-03 23:00:52', '1', '1', '1'),
(229, NULL, '119', '6', '21450', NULL, '2025-09-03 23:00:52', '1', '1', '1'),
(230, '116', NULL, '6', NULL, '21450', '2025-09-03 23:00:52', '1', '1', '1'),
(231, NULL, '120', '16', '21720', NULL, '2025-09-03 23:00:52', '1', '1', '1'),
(232, '117', NULL, '16', NULL, '21720', '2025-09-03 23:00:52', '1', '1', '1'),
(233, NULL, '121', '3', '25030', NULL, '2025-09-03 23:00:52', '1', '1', '1'),
(234, '118', NULL, '3', NULL, '25030', '2025-09-03 23:00:52', '1', '1', '1'),
(235, NULL, '122', '3', '25860', NULL, '2025-09-03 23:00:52', '1', '1', '1'),
(236, '119', NULL, '3', NULL, '25860', '2025-09-03 23:00:52', '1', '1', '1'),
(237, NULL, '123', '4', '23960', NULL, '2025-09-03 23:00:52', '1', '1', '1'),
(238, '120', NULL, '4', NULL, '23960', '2025-09-03 23:00:52', '1', '1', '1'),
(239, NULL, '124', '7', '21710', NULL, '2025-09-03 23:00:52', '1', '1', '1'),
(240, '121', NULL, '7', NULL, '21710', '2025-09-03 23:00:52', '1', '1', '1'),
(241, NULL, '125', '7', '24970', NULL, '2025-09-03 23:00:52', '1', '1', '1'),
(242, '122', NULL, '7', NULL, '24970', '2025-09-03 23:00:52', '1', '1', '1'),
(243, NULL, '126', '6', '4510', NULL, '2025-09-03 23:00:52', '1', '1', '1'),
(244, '123', NULL, '6', NULL, '4510', '2025-09-03 23:00:52', '1', '1', '1'),
(245, NULL, '127', '9', '17990', NULL, '2025-09-03 23:00:52', '1', '1', '1'),
(246, '124', NULL, '9', NULL, '17990', '2025-09-03 23:00:52', '1', '1', '1'),
(247, NULL, '128', '2', '19744', NULL, '2025-09-03 23:00:52', '1', '1', '1'),
(248, '125', NULL, '2', NULL, '19744', '2025-09-03 23:00:52', '1', '1', '1'),
(249, NULL, '129', '3', '25540', NULL, '2025-09-03 23:00:52', '1', '1', '1'),
(250, '126', NULL, '3', NULL, '25540', '2025-09-03 23:00:52', '1', '1', '1'),
(251, NULL, '130', '5', '11006', NULL, '2025-09-03 23:00:52', '1', '1', '1'),
(252, '127', NULL, '5', NULL, '11006', '2025-09-03 23:00:52', '1', '1', '1'),
(253, NULL, '131', '7', '23820', NULL, '2025-09-03 23:00:52', '1', '1', '1'),
(254, '128', NULL, '7', NULL, '23820', '2025-09-03 23:00:52', '1', '1', '1'),
(255, NULL, '132', '6', '20760', NULL, '2025-09-03 23:00:52', '1', '1', '1'),
(256, '129', NULL, '6', NULL, '20760', '2025-09-03 23:00:52', '1', '1', '1'),
(257, NULL, '133', '6', '5760', NULL, '2025-09-03 23:00:52', '1', '1', '1'),
(258, '130', NULL, '6', NULL, '5760', '2025-09-03 23:00:52', '1', '1', '1'),
(259, NULL, '134', '9', '17660', NULL, '2025-09-03 23:00:52', '1', '1', '1'),
(260, '131', NULL, '9', NULL, '17660', '2025-09-03 23:00:52', '1', '1', '1'),
(261, NULL, '135', '1', '25890', NULL, '2025-09-03 23:00:52', '1', '1', '1'),
(262, '132', NULL, '1', NULL, '25890', '2025-09-03 23:00:52', '1', '1', '1'),
(263, NULL, '136', '3', '24600', NULL, '2025-09-03 23:00:52', '1', '1', '1'),
(264, '133', NULL, '3', NULL, '24600', '2025-09-03 23:00:52', '1', '1', '1'),
(265, NULL, '137', '3', '22180', NULL, '2025-09-03 23:00:52', '1', '1', '1'),
(266, '134', NULL, '3', NULL, '22180', '2025-09-03 23:00:52', '1', '1', '1'),
(267, NULL, '138', '15', '7200', NULL, '2025-09-03 23:00:52', '1', '1', '1'),
(268, '135', NULL, '15', NULL, '7200', '2025-09-03 23:00:52', '1', '1', '1'),
(269, NULL, '139', '16', '21570', NULL, '2025-09-03 23:00:52', '1', '1', '1'),
(270, '136', NULL, '16', NULL, '21570', '2025-09-03 23:00:52', '1', '1', '1'),
(271, NULL, '140', '16', '21920', NULL, '2025-09-03 23:00:52', '1', '1', '1'),
(272, '137', NULL, '16', NULL, '21920', '2025-09-03 23:00:52', '1', '1', '1'),
(273, NULL, '141', '3', '25880', NULL, '2025-09-03 23:00:52', '1', '1', '1'),
(274, '138', NULL, '3', NULL, '25880', '2025-09-03 23:00:52', '1', '1', '1'),
(275, NULL, '142', '4', '21700', NULL, '2025-09-03 23:00:52', '1', '1', '1'),
(276, '139', NULL, '4', NULL, '21700', '2025-09-03 23:00:52', '1', '1', '1'),
(277, NULL, '143', '4', '24760', NULL, '2025-09-03 23:00:52', '1', '1', '1'),
(278, '140', NULL, '4', NULL, '24760', '2025-09-03 23:00:52', '1', '1', '1'),
(279, NULL, '144', '7', '23710', NULL, '2025-09-03 23:00:52', '1', '1', '1'),
(280, '141', NULL, '7', NULL, '23710', '2025-09-03 23:00:52', '1', '1', '1'),
(281, NULL, '145', '6', '21690', NULL, '2025-09-03 23:00:52', '1', '1', '1'),
(282, '142', NULL, '6', NULL, '21690', '2025-09-03 23:00:52', '1', '1', '1'),
(283, NULL, '146', '6', '21290', NULL, '2025-09-03 23:00:52', '1', '1', '1'),
(284, '143', NULL, '6', NULL, '21290', '2025-09-03 23:00:52', '1', '1', '1'),
(285, NULL, '147', '9', '17860', NULL, '2025-09-03 23:00:52', '1', '1', '1'),
(286, '144', NULL, '9', NULL, '17860', '2025-09-03 23:00:52', '1', '1', '1'),
(287, NULL, '148', '16', '21130', NULL, '2025-09-03 23:00:52', '1', '1', '1'),
(288, '145', NULL, '16', NULL, '21130', '2025-09-03 23:00:52', '1', '1', '1'),
(289, NULL, '149', '3', '26580', NULL, '2025-09-03 23:00:52', '1', '1', '1'),
(290, '146', NULL, '3', NULL, '26580', '2025-09-03 23:00:52', '1', '1', '1'),
(291, NULL, '150', '3', '24950', NULL, '2025-09-03 23:00:52', '1', '1', '1'),
(292, '147', NULL, '3', NULL, '24950', '2025-09-03 23:00:52', '1', '1', '1'),
(293, NULL, '151', '4', '22970', NULL, '2025-09-03 23:00:52', '1', '1', '1'),
(294, '148', NULL, '4', NULL, '22970', '2025-09-03 23:00:52', '1', '1', '1'),
(295, NULL, '152', '7', '24700', NULL, '2025-09-03 23:00:52', '1', '1', '1'),
(296, '149', NULL, '7', NULL, '24700', '2025-09-03 23:00:52', '1', '1', '1'),
(297, NULL, '153', '7', '23110', NULL, '2025-09-03 23:00:52', '1', '1', '1'),
(298, '150', NULL, '7', NULL, '23110', '2025-09-03 23:00:52', '1', '1', '1'),
(299, NULL, '154', '6', '21020', NULL, '2025-09-03 23:00:52', '1', '1', '1'),
(300, '151', NULL, '6', NULL, '21020', '2025-09-03 23:00:52', '1', '1', '1'),
(301, NULL, '155', '6', '20550', NULL, '2025-09-03 23:00:52', '1', '1', '1'),
(302, '152', NULL, '6', NULL, '20550', '2025-09-03 23:00:52', '1', '1', '1'),
(303, NULL, '156', '6', '6620', NULL, '2025-09-03 23:00:52', '1', '1', '1'),
(304, '153', NULL, '6', NULL, '6620', '2025-09-03 23:00:52', '1', '1', '1'),
(305, NULL, '157', '16', '20850', NULL, '2025-09-03 23:00:52', '1', '1', '1'),
(306, '154', NULL, '16', NULL, '20850', '2025-09-03 23:00:52', '1', '1', '1'),
(307, NULL, '158', '6', '19820', NULL, '2025-09-03 23:00:52', '1', '1', '1'),
(308, '155', NULL, '6', NULL, '19820', '2025-09-03 23:00:52', '1', '1', '1'),
(309, NULL, '159', '9', '17870', NULL, '2025-09-03 23:00:52', '1', '1', '1'),
(310, '156', NULL, '9', NULL, '17870', '2025-09-03 23:00:52', '1', '1', '1'),
(311, NULL, '160', '9', '17520', NULL, '2025-09-03 23:00:52', '1', '1', '1'),
(312, '157', NULL, '9', NULL, '17520', '2025-09-03 23:00:52', '1', '1', '1'),
(313, NULL, '161', '1', '25358', NULL, '2025-09-03 23:00:52', '1', '1', '1'),
(314, '158', NULL, '1', NULL, '25358', '2025-09-03 23:00:52', '1', '1', '1'),
(315, NULL, '162', '2', '19867', NULL, '2025-09-03 23:00:52', '1', '1', '1'),
(316, '159', NULL, '2', NULL, '19867', '2025-09-03 23:00:52', '1', '1', '1'),
(317, NULL, '163', '4', '22350', NULL, '2025-09-03 23:00:52', '1', '1', '1'),
(318, '160', NULL, '4', NULL, '22350', '2025-09-03 23:00:52', '1', '1', '1'),
(319, NULL, '164', '6', '21140', NULL, '2025-09-03 23:00:52', '1', '1', '1'),
(320, '161', NULL, '6', NULL, '21140', '2025-09-03 23:00:52', '1', '1', '1'),
(321, NULL, '165', '6', '6790', NULL, '2025-09-03 23:00:52', '1', '1', '1'),
(322, '162', NULL, '6', NULL, '6790', '2025-09-03 23:00:52', '1', '1', '1'),
(323, NULL, '166', '3', '26800', NULL, '2025-09-03 23:00:52', '1', '1', '1'),
(324, '163', NULL, '3', NULL, '26800', '2025-09-03 23:00:52', '1', '1', '1'),
(325, NULL, '167', '4', '25940', NULL, '2025-09-03 23:00:52', '1', '1', '1'),
(326, '164', NULL, '4', NULL, '25940', '2025-09-03 23:00:52', '1', '1', '1'),
(327, NULL, '168', '7', '25030', NULL, '2025-09-03 23:00:52', '1', '1', '1'),
(328, '165', NULL, '7', NULL, '25030', '2025-09-03 23:00:52', '1', '1', '1'),
(329, NULL, '169', '7', '24280', NULL, '2025-09-03 23:00:52', '1', '1', '1'),
(330, '166', NULL, '7', NULL, '24280', '2025-09-03 23:00:52', '1', '1', '1'),
(331, NULL, '170', '6', '19280', NULL, '2025-09-03 23:00:52', '1', '1', '1'),
(332, '167', NULL, '6', NULL, '19280', '2025-09-03 23:00:52', '1', '1', '1'),
(333, NULL, '171', '16', '22300', NULL, '2025-09-03 23:00:52', '1', '1', '1'),
(334, '168', NULL, '16', NULL, '22300', '2025-09-03 23:00:52', '1', '1', '1'),
(335, NULL, '172', '16', '22220', NULL, '2025-09-03 23:00:52', '1', '1', '1'),
(336, '169', NULL, '16', NULL, '22220', '2025-09-03 23:00:52', '1', '1', '1'),
(337, NULL, '173', '2', '19979', NULL, '2025-09-03 23:00:52', '1', '1', '1'),
(338, '170', NULL, '2', NULL, '19979', '2025-09-03 23:00:52', '1', '1', '1'),
(339, NULL, '174', '3', '26440', NULL, '2025-09-03 23:00:52', '1', '1', '1'),
(340, '171', NULL, '3', NULL, '26440', '2025-09-03 23:00:52', '1', '1', '1'),
(341, NULL, '175', '3', '26410', NULL, '2025-09-03 23:00:52', '1', '1', '1'),
(342, '172', NULL, '3', NULL, '26410', '2025-09-03 23:00:52', '1', '1', '1'),
(343, NULL, '176', '4', '22040', NULL, '2025-09-03 23:00:52', '1', '1', '1'),
(344, '173', NULL, '4', NULL, '22040', '2025-09-03 23:00:52', '1', '1', '1'),
(345, NULL, '177', '5', '11539', NULL, '2025-09-03 23:00:52', '1', '1', '1'),
(346, '174', NULL, '5', NULL, '11539', '2025-09-03 23:00:52', '1', '1', '1'),
(347, NULL, '178', '5', '13203', NULL, '2025-09-03 23:00:52', '1', '1', '1'),
(348, '175', NULL, '5', NULL, '13203', '2025-09-03 23:00:52', '1', '1', '1'),
(349, NULL, '179', '7', '25380', NULL, '2025-09-03 23:00:52', '1', '1', '1'),
(350, '176', NULL, '7', NULL, '25380', '2025-09-03 23:00:52', '1', '1', '1'),
(351, NULL, '180', '6', '19980', NULL, '2025-09-03 23:00:52', '1', '1', '1'),
(352, '177', NULL, '6', NULL, '19980', '2025-09-03 23:00:52', '1', '1', '1'),
(353, NULL, '181', '6', '20640', NULL, '2025-09-03 23:00:52', '1', '1', '1'),
(354, '178', NULL, '6', NULL, '20640', '2025-09-03 23:00:52', '1', '1', '1'),
(355, NULL, '182', '9', '17820', NULL, '2025-09-03 23:00:52', '1', '1', '1'),
(356, '179', NULL, '9', NULL, '17820', '2025-09-03 23:00:52', '1', '1', '1'),
(357, NULL, '183', '16', '21470', NULL, '2025-09-03 23:00:52', '1', '1', '1'),
(358, '180', NULL, '16', NULL, '21470', '2025-09-03 23:00:52', '1', '1', '1'),
(359, NULL, '184', '16', '21980', NULL, '2025-09-03 23:00:52', '1', '1', '1'),
(360, '181', NULL, '16', NULL, '21980', '2025-09-03 23:00:52', '1', '1', '1'),
(361, NULL, '185', '3', '27500', NULL, '2025-09-03 23:00:52', '1', '1', '1'),
(362, '182', NULL, '3', NULL, '27500', '2025-09-03 23:00:52', '1', '1', '1'),
(363, NULL, '186', '4', '25410', NULL, '2025-09-03 23:00:52', '1', '1', '1'),
(364, '183', NULL, '4', NULL, '25410', '2025-09-03 23:00:52', '1', '1', '1'),
(365, NULL, '187', '7', '23180', NULL, '2025-09-03 23:00:52', '1', '1', '1'),
(366, '184', NULL, '7', NULL, '23180', '2025-09-03 23:00:52', '1', '1', '1'),
(367, NULL, '188', '7', '22710', NULL, '2025-09-03 23:00:52', '1', '1', '1'),
(368, '185', NULL, '7', NULL, '22710', '2025-09-03 23:00:52', '1', '1', '1'),
(369, NULL, '189', '6', '18880', NULL, '2025-09-03 23:00:52', '1', '1', '1'),
(370, '186', NULL, '6', NULL, '18880', '2025-09-03 23:00:52', '1', '1', '1'),
(371, NULL, '190', '16', '22110', NULL, '2025-09-03 23:00:52', '1', '1', '1'),
(372, '187', NULL, '16', NULL, '22110', '2025-09-03 23:00:52', '1', '1', '1'),
(373, NULL, '191', '9', '17770', NULL, '2025-09-03 23:00:52', '1', '1', '1'),
(374, '188', NULL, '9', NULL, '17770', '2025-09-03 23:00:52', '1', '1', '1'),
(375, NULL, '192', '3', '25400', NULL, '2025-09-03 23:00:52', '1', '1', '1'),
(376, '189', NULL, '3', NULL, '25400', '2025-09-03 23:00:52', '1', '1', '1'),
(377, NULL, '193', '3', '24300', NULL, '2025-09-03 23:00:52', '1', '1', '1'),
(378, '190', NULL, '3', NULL, '24300', '2025-09-03 23:00:52', '1', '1', '1'),
(379, NULL, '194', '4', '25130', NULL, '2025-09-03 23:00:52', '1', '1', '1'),
(380, '191', NULL, '4', NULL, '25130', '2025-09-03 23:00:52', '1', '1', '1'),
(381, NULL, '195', '7', '25540', NULL, '2025-09-03 23:00:52', '1', '1', '1'),
(382, '192', NULL, '7', NULL, '25540', '2025-09-03 23:00:52', '1', '1', '1'),
(383, NULL, '196', '6', '19510', NULL, '2025-09-03 23:00:52', '1', '1', '1'),
(384, '193', NULL, '6', NULL, '19510', '2025-09-03 23:00:52', '1', '1', '1'),
(385, NULL, '197', '6', '21500', NULL, '2025-09-03 23:00:52', '1', '1', '1'),
(386, '194', NULL, '6', NULL, '21500', '2025-09-03 23:00:52', '1', '1', '1'),
(387, NULL, '198', '9', '17840', NULL, '2025-09-03 23:00:52', '1', '1', '1'),
(388, '195', NULL, '9', NULL, '17840', '2025-09-03 23:00:52', '1', '1', '1'),
(389, NULL, '199', '2', '19857', NULL, '2025-09-03 23:00:52', '1', '1', '1'),
(390, '196', NULL, '2', NULL, '19857', '2025-09-03 23:00:52', '1', '1', '1'),
(391, NULL, '200', '3', '25060', NULL, '2025-09-03 23:00:52', '1', '1', '1'),
(392, '197', NULL, '3', NULL, '25060', '2025-09-03 23:00:52', '1', '1', '1'),
(393, NULL, '201', '4', '24880', NULL, '2025-09-03 23:00:52', '1', '1', '1'),
(394, '198', NULL, '4', NULL, '24880', '2025-09-03 23:00:52', '1', '1', '1'),
(395, NULL, '202', '7', '23220', NULL, '2025-09-03 23:00:52', '1', '1', '1'),
(396, '199', NULL, '7', NULL, '23220', '2025-09-03 23:00:52', '1', '1', '1'),
(397, NULL, '203', '6', '20500', NULL, '2025-09-03 23:00:52', '1', '1', '1'),
(398, '200', NULL, '6', NULL, '20500', '2025-09-03 23:00:52', '1', '1', '1'),
(399, NULL, '204', '6', '19870', NULL, '2025-09-03 23:00:52', '1', '1', '1'),
(400, '201', NULL, '6', NULL, '19870', '2025-09-03 23:00:52', '1', '1', '1'),
(401, NULL, '205', '6', '7780', NULL, '2025-09-03 23:00:52', '1', '1', '1'),
(402, '202', NULL, '6', NULL, '7780', '2025-09-03 23:00:52', '1', '1', '1'),
(403, NULL, '206', '6', '7780', NULL, '2025-09-03 23:00:52', '1', '1', '1'),
(404, '203', NULL, '6', NULL, '7780', '2025-09-03 23:00:52', '1', '1', '1'),
(405, NULL, '207', '9', '17760', NULL, '2025-09-03 23:00:52', '1', '1', '1'),
(406, '204', NULL, '9', NULL, '17760', '2025-09-03 23:00:52', '1', '1', '1'),
(407, NULL, '208', '16', '21490', NULL, '2025-09-03 23:00:52', '1', '1', '1'),
(408, '205', NULL, '16', NULL, '21490', '2025-09-03 23:00:52', '1', '1', '1'),
(409, NULL, '209', '16', '21680', NULL, '2025-09-03 23:00:52', '1', '1', '1'),
(410, '206', NULL, '16', NULL, '21680', '2025-09-03 23:00:52', '1', '1', '1'),
(411, NULL, '210', '20', '22089', NULL, '2025-09-03 23:00:52', '1', '1', '1'),
(412, '207', NULL, '20', NULL, '22089', '2025-09-03 23:00:52', '1', '1', '1'),
(413, NULL, '211', '4', '25310', NULL, '2025-09-03 23:00:52', '1', '1', '1'),
(414, '208', NULL, '4', NULL, '25310', '2025-09-03 23:00:52', '1', '1', '1'),
(415, NULL, '212', '6', '20360', NULL, '2025-09-03 23:00:52', '1', '1', '1'),
(416, '209', NULL, '6', NULL, '20360', '2025-09-03 23:00:52', '1', '1', '1'),
(417, NULL, '213', '6', '21480', NULL, '2025-09-03 23:00:52', '1', '1', '1'),
(418, '210', NULL, '6', NULL, '21480', '2025-09-03 23:00:52', '1', '1', '1'),
(419, NULL, '214', '16', '21920', NULL, '2025-09-03 23:00:52', '1', '1', '1'),
(420, '211', NULL, '16', NULL, '21920', '2025-09-03 23:00:52', '1', '1', '1'),
(421, NULL, '215', '2', '19829', NULL, '2025-09-03 23:00:52', '1', '1', '1'),
(422, '212', NULL, '2', NULL, '19829', '2025-09-03 23:00:52', '1', '1', '1'),
(423, NULL, '216', '3', '25860', NULL, '2025-09-03 23:00:52', '1', '1', '1'),
(424, '213', NULL, '3', NULL, '25860', '2025-09-03 23:00:52', '1', '1', '1'),
(425, NULL, '217', '3', '17970', NULL, '2025-09-03 23:00:52', '1', '1', '1'),
(426, '214', NULL, '3', NULL, '17970', '2025-09-03 23:00:52', '1', '1', '1'),
(427, NULL, '218', '3', '17280', NULL, '2025-09-03 23:00:52', '1', '1', '1'),
(428, '215', NULL, '3', NULL, '17280', '2025-09-03 23:00:52', '1', '1', '1'),
(429, NULL, '219', '4', '25300', NULL, '2025-09-03 23:00:52', '1', '1', '1'),
(430, '216', NULL, '4', NULL, '25300', '2025-09-03 23:00:52', '1', '1', '1'),
(431, NULL, '220', '5', '10060', NULL, '2025-09-03 23:00:52', '1', '1', '1'),
(432, '217', NULL, '5', NULL, '10060', '2025-09-03 23:00:52', '1', '1', '1'),
(433, NULL, '221', '7', '24280', NULL, '2025-09-03 23:00:52', '1', '1', '1'),
(434, '218', NULL, '7', NULL, '24280', '2025-09-03 23:00:52', '1', '1', '1'),
(435, NULL, '222', '7', '23300', NULL, '2025-09-03 23:00:52', '1', '1', '1'),
(436, '219', NULL, '7', NULL, '23300', '2025-09-03 23:00:52', '1', '1', '1'),
(437, NULL, '223', '6', '9580', NULL, '2025-09-03 23:00:52', '1', '1', '1'),
(438, '220', NULL, '6', NULL, '9580', '2025-09-03 23:00:52', '1', '1', '1'),
(439, NULL, '224', '9', '17740', NULL, '2025-09-03 23:00:52', '1', '1', '1'),
(440, '221', NULL, '9', NULL, '17740', '2025-09-03 23:00:52', '1', '1', '1'),
(441, NULL, '225', '9', '7020', NULL, '2025-09-03 23:00:52', '1', '1', '1'),
(442, '222', NULL, '9', NULL, '7020', '2025-09-03 23:00:52', '1', '1', '1'),
(443, NULL, '226', '20', '23293', NULL, '2025-09-03 23:00:52', '1', '1', '1'),
(444, '223', NULL, '20', NULL, '23293', '2025-09-03 23:00:52', '1', '1', '1'),
(445, NULL, '227', '3', '25130', NULL, '2025-09-03 23:00:52', '1', '1', '1'),
(446, '224', NULL, '3', NULL, '25130', '2025-09-03 23:00:52', '1', '1', '1'),
(447, NULL, '228', '4', '24110', NULL, '2025-09-03 23:00:52', '1', '1', '1'),
(448, '225', NULL, '4', NULL, '24110', '2025-09-03 23:00:52', '1', '1', '1'),
(449, NULL, '229', '7', '24230', NULL, '2025-09-03 23:00:52', '1', '1', '1'),
(450, '226', NULL, '7', NULL, '24230', '2025-09-03 23:00:52', '1', '1', '1'),
(451, NULL, '230', '7', '22960', NULL, '2025-09-03 23:00:52', '1', '1', '1'),
(452, '227', NULL, '7', NULL, '22960', '2025-09-03 23:00:52', '1', '1', '1'),
(453, NULL, '231', '6', '20040', NULL, '2025-09-03 23:00:52', '1', '1', '1'),
(454, '228', NULL, '6', NULL, '20040', '2025-09-03 23:00:52', '1', '1', '1'),
(455, NULL, '232', '6', '19740', NULL, '2025-09-03 23:00:52', '1', '1', '1'),
(456, '229', NULL, '6', NULL, '19740', '2025-09-03 23:00:52', '1', '1', '1'),
(457, NULL, '233', '6', '21500', NULL, '2025-09-03 23:00:52', '1', '1', '1'),
(458, '230', NULL, '6', NULL, '21500', '2025-09-03 23:00:52', '1', '1', '1'),
(459, NULL, '234', '6', '17980', NULL, '2025-09-03 23:00:52', '1', '1', '1'),
(460, '231', NULL, '6', NULL, '17980', '2025-09-03 23:00:52', '1', '1', '1'),
(461, NULL, '235', '6', '16440', NULL, '2025-09-03 23:00:52', '1', '1', '1'),
(462, '232', NULL, '6', NULL, '16440', '2025-09-03 23:00:52', '1', '1', '1'),
(463, NULL, '236', '16', '21430', NULL, '2025-09-03 23:00:52', '1', '1', '1'),
(464, '233', NULL, '16', NULL, '21430', '2025-09-03 23:00:52', '1', '1', '1'),
(465, NULL, '237', '2', '20118', NULL, '2025-09-03 23:00:52', '1', '1', '1'),
(466, '234', NULL, '2', NULL, '20118', '2025-09-03 23:00:52', '1', '1', '1'),
(467, NULL, '238', '3', '26090', NULL, '2025-09-03 23:00:52', '1', '1', '1'),
(468, '235', NULL, '3', NULL, '26090', '2025-09-03 23:00:52', '1', '1', '1'),
(469, NULL, '239', '4', '24730', NULL, '2025-09-03 23:00:52', '1', '1', '1'),
(470, '236', NULL, '4', NULL, '24730', '2025-09-03 23:00:52', '1', '1', '1'),
(471, NULL, '240', '6', '20880', NULL, '2025-09-03 23:00:52', '1', '1', '1'),
(472, '237', NULL, '6', NULL, '20880', '2025-09-03 23:00:52', '1', '1', '1'),
(473, NULL, '241', '9', '5760', NULL, '2025-09-03 23:00:52', '1', '1', '1'),
(474, '238', NULL, '9', NULL, '5760', '2025-09-03 23:00:52', '1', '1', '1'),
(475, NULL, '242', '9', '17860', NULL, '2025-09-03 23:00:52', '1', '1', '1'),
(476, '239', NULL, '9', NULL, '17860', '2025-09-03 23:00:52', '1', '1', '1'),
(477, NULL, '243', '9', '17840', NULL, '2025-09-03 23:00:52', '1', '1', '1'),
(478, '240', NULL, '9', NULL, '17840', '2025-09-03 23:00:52', '1', '1', '1'),
(479, NULL, '244', '3', '24320', NULL, '2025-09-03 23:00:52', '1', '1', '1'),
(480, '241', NULL, '3', NULL, '24320', '2025-09-03 23:00:52', '1', '1', '1'),
(481, NULL, '245', '3', '25950', NULL, '2025-09-03 23:00:52', '1', '1', '1'),
(482, '242', NULL, '3', NULL, '25950', '2025-09-03 23:00:52', '1', '1', '1'),
(483, NULL, '246', '3', '25740', NULL, '2025-09-03 23:00:52', '1', '1', '1'),
(484, '243', NULL, '3', NULL, '25740', '2025-09-03 23:00:52', '1', '1', '1'),
(485, NULL, '247', '4', '25020', NULL, '2025-09-03 23:00:52', '1', '1', '1'),
(486, '244', NULL, '4', NULL, '25020', '2025-09-03 23:00:52', '1', '1', '1'),
(487, NULL, '248', '4', '24340', NULL, '2025-09-03 23:00:52', '1', '1', '1'),
(488, '245', NULL, '4', NULL, '24340', '2025-09-03 23:00:52', '1', '1', '1'),
(489, NULL, '249', '5', '10330', NULL, '2025-09-03 23:00:52', '1', '1', '1'),
(490, '246', NULL, '5', NULL, '10330', '2025-09-03 23:00:52', '1', '1', '1'),
(491, NULL, '250', '7', '22850', NULL, '2025-09-03 23:00:52', '1', '1', '1'),
(492, '247', NULL, '7', NULL, '22850', '2025-09-03 23:00:52', '1', '1', '1'),
(493, NULL, '251', '6', '19740', NULL, '2025-09-03 23:00:52', '1', '1', '1'),
(494, '248', NULL, '6', NULL, '19740', '2025-09-03 23:00:52', '1', '1', '1'),
(495, NULL, '252', '7', '22150', NULL, '2025-09-03 23:00:52', '1', '1', '1'),
(496, '249', NULL, '7', NULL, '22150', '2025-09-03 23:00:52', '1', '1', '1'),
(497, NULL, '253', '7', '23370', NULL, '2025-09-03 23:00:52', '1', '1', '1'),
(498, '250', NULL, '7', NULL, '23370', '2025-09-03 23:00:52', '1', '1', '1');

-- --------------------------------------------------------

--
-- Estructura de tabla para la tabla `clientes`
--

CREATE TABLE `clientes` (
  `id_cli` int NOT NULL,
  `nombre` varchar(255) DEFAULT NULL,
  `cod` varchar(255) DEFAULT NULL,
  `rs` varchar(255) DEFAULT NULL,
  `rfc` varchar(255) DEFAULT NULL,
  `c_contable` varchar(255) DEFAULT NULL,
  `tpersona` varchar(255) DEFAULT NULL,
  `tpcliente` varchar(255) DEFAULT NULL,
  `m_pago` varchar(255) DEFAULT NULL,
  `f_pago` varchar(255) DEFAULT NULL,
  `banco` varchar(255) DEFAULT NULL,
  `cfdi` varchar(255) DEFAULT NULL,
  `dir_a` varchar(255) DEFAULT NULL,
  `nom_cuenta` varchar(255) DEFAULT NULL,
  `con_pago` varchar(255) DEFAULT NULL,
  `obs` varchar(255) DEFAULT NULL,
  `fecha` timestamp NOT NULL DEFAULT CURRENT_TIMESTAMP,
  `id_user` varchar(255) DEFAULT NULL,
  `status` varchar(255) NOT NULL DEFAULT '1',
  `zona` varchar(255) DEFAULT NULL
) ENGINE=MyISAM DEFAULT CHARSET=utf8mb4 COLLATE=utf8mb4_0900_ai_ci;

--
-- Volcado de datos para la tabla `clientes`
--

INSERT INTO `clientes` (`id_cli`, `nombre`, `cod`, `rs`, `rfc`, `c_contable`, `tpersona`, `tpcliente`, `m_pago`, `f_pago`, `banco`, `cfdi`, `dir_a`, `nom_cuenta`, `con_pago`, `obs`, `fecha`, `id_user`, `status`, `zona`) VALUES
(1, 'SAN PABLO', 'E002', 'EMPAQUES MODERNOS SAN PABLO', 'EMS810717R34', NULL, 'moral', NULL, NULL, NULL, NULL, NULL, NULL, NULL, NULL, '', '2025-07-28 23:51:25', '1', '0', '1'),
(2, 'BIO PAPPEL', 'B001', 'BIO PAPPEL', 'CDU820122JFA', NULL, 'moral', NULL, NULL, NULL, NULL, NULL, NULL, NULL, NULL, '', '2025-07-28 23:57:05', '1', '1', '1'),
(3, 'ULTRA', 'P007', 'PAPELES ULTRA', 'PUL000114K69', NULL, 'moral', NULL, NULL, NULL, NULL, NULL, NULL, NULL, NULL, '', '2025-07-28 23:57:53', '1', '1', '1'),
(4, 'SMURFIT', 'S002', 'SMURFIT CARTON Y PAPEL DE MEXICO', 'SCP900125TT8', NULL, 'moral', NULL, NULL, NULL, NULL, NULL, NULL, NULL, NULL, '', '2025-07-28 23:58:25', '1', '1', '1'),
(5, 'NEVADO', 'P008', 'PAPELERA DEL NEVADO', 'PNE780427787', NULL, 'moral', NULL, NULL, NULL, NULL, NULL, NULL, NULL, NULL, '', '2025-07-28 23:58:54', '1', '1', '1'),
(6, 'DEXA', 'D207', 'DISTRIBUIDORA DE EMPAQUES', 'DEM970414561', NULL, 'moral', NULL, NULL, NULL, NULL, NULL, NULL, NULL, NULL, '', '2025-07-28 23:59:24', '1', '1', '1'),
(7, 'SAN PABLO', 'E008', 'EMPAQUES MODERNOS SAN PABLO', 'EMS810717R34', NULL, 'moral', NULL, NULL, NULL, NULL, NULL, NULL, NULL, NULL, '', '2025-07-29 00:00:26', '1', '1', '1');

-- --------------------------------------------------------

--
-- Estructura de tabla para la tabla `compras`
--

CREATE TABLE `compras` (
  `id_compra` int NOT NULL,
  `fact` varchar(255) DEFAULT NULL,
  `d_prov` varchar(255) DEFAULT NULL,
  `factura` varchar(255) DEFAULT NULL,
  `nombre` varchar(255) DEFAULT NULL,
  `id_prov` varchar(255) DEFAULT NULL,
  `id_direc` varchar(255) DEFAULT NULL,
  `id_transp` varchar(255) DEFAULT NULL,
  `id_prod` varchar(255) DEFAULT NULL,
  `tara` varchar(255) NOT NULL,
  `bruto` varchar(255) DEFAULT NULL,
  `neto` varchar(255) DEFAULT NULL,
  `pres` varchar(255) DEFAULT NULL,
  `aliasInv` varchar(255) DEFAULT NULL,
  `folio_contra` varchar(255) DEFAULT NULL,
  `fecha` timestamp NOT NULL DEFAULT CURRENT_TIMESTAMP,
  `acciones` varchar(255) NOT NULL DEFAULT '0',
  `id_user` varchar(255) DEFAULT NULL,
  `status` varchar(255) DEFAULT '1',
  `zona` varchar(255) DEFAULT NULL,
  `ex` varchar(255) NOT NULL DEFAULT '0'
) ENGINE=MyISAM DEFAULT CHARSET=utf8mb4 COLLATE=utf8mb4_0900_ai_ci;

--
-- Volcado de datos para la tabla `compras`
--

INSERT INTO `compras` (`id_compra`, `fact`, `d_prov`, `factura`, `nombre`, `id_prov`, `id_direc`, `id_transp`, `id_prod`, `tara`, `bruto`, `neto`, `pres`, `aliasInv`, `folio_contra`, `fecha`, `acciones`, `id_user`, `status`, `zona`, `ex`) VALUES
(1, '23652', NULL, NULL, 'DKL MTY', '1', '6', '1', '4', '0', '24740', '24740.00', '3.60', NULL, NULL, '2025-07-08 06:00:00', '0', '1', '1', '1', '0'),
(2, '11955/167000', NULL, NULL, 'IXTAC', '1', '4', '29', '11', '0', '21300', '21300.00', '3.60', NULL, NULL, '2025-07-24 06:00:00', '0', '1', '1', '1', '0'),
(16, '20767', NULL, NULL, '20767', '1', '5', '28', '3', '0.00', '26270', '26270', '2.8', NULL, NULL, '2025-07-30 06:00:00', '0', '1', '1', '1', '2'),
(17, '114376', NULL, NULL, '114376', '1', '11', '4', '9', '0.00', '17660', '17660', '3.6', NULL, NULL, '2025-07-25 06:00:00', '0', '1', '1', '1', '2'),
(18, '20758', NULL, NULL, '20758', '1', '5', '10', '3', '0.00', '26040', '26040', '2.8', NULL, NULL, '2025-07-25 06:00:00', '0', '1', '1', '1', '2'),
(19, '11959-167134', NULL, NULL, '11959-167134', '1', '4', '10', '11', '0.00', '22700', '22700', '3.6', NULL, NULL, '2025-07-28 06:00:00', '0', '1', '1', '1', '2'),
(20, '114378', NULL, NULL, '114378', '1', '11', '4', '9', '0.00', '21140', '21140', '3.6', NULL, NULL, '2025-07-25 06:00:00', '0', '1', '1', '1', '2'),
(21, '11965-167336', NULL, NULL, '11965-167336', '1', '4', '10', '11', '0.00', '24400', '24400', '3.6', NULL, NULL, '2025-07-30 06:00:00', '0', '1', '1', '1', '2'),
(22, '10135', NULL, NULL, '10135', '1', '2', '29', '9', '0.00', '20055', '20055', '3.6', NULL, NULL, '2025-07-30 06:00:00', '0', '1', '1', '1', '2'),
(23, '20768', NULL, NULL, '20768', '1', '5', '10', '3', '0.00', '29430', '29430', '2.8', NULL, NULL, '2025-07-31 06:00:00', '0', '1', '1', '1', '2'),
(24, '11966-167514', NULL, NULL, '11966-167514', '1', '4', '10', '11', '0.00', '23200', '23200', '3.6', NULL, NULL, '2025-07-31 06:00:00', '0', '1', '1', '1', '2'),
(25, '11957-167076', NULL, NULL, '11957-167076', '1', '4', '30', '20', '0.00', '21600', '21600', '3.6', NULL, NULL, '2025-07-26 06:00:00', '0', '1', '1', '1', '2'),
(26, '20765', NULL, NULL, '20765', '1', '5', '28', '3', '0.00', '26300', '26300', '3.2', NULL, NULL, '2025-07-29 06:00:00', '0', '1', '1', '1', '2'),
(27, '114388', NULL, NULL, '114388', '1', '11', '3', '9', '0.00', '21190', '21190', '3.6', NULL, NULL, '2025-07-29 06:00:00', '0', '1', '1', '1', '2'),
(28, '20766', NULL, NULL, '20766', '1', '5', '20', '3', '0.00', '25580', '25580', '3.2', NULL, NULL, '2025-07-30 06:00:00', '0', '1', '1', '1', '2'),
(29, '114392', NULL, NULL, '114392', '1', '11', '4', '9', '0.00', '17270', '17270', '3.6', NULL, NULL, '2025-07-30 06:00:00', '0', '1', '1', '1', '2'),
(30, '114393', NULL, NULL, '114393', '1', '11', '4', '9', '0.00', '17000', '17000', '3.6', NULL, NULL, '2025-07-30 06:00:00', '0', '1', '1', '1', '2'),
(31, '1487', NULL, NULL, '1487', '1', '1', '26', '1', '0.00', '25872', '25872', '3.2', NULL, NULL, '2025-07-31 06:00:00', '0', '1', '1', '1', '2'),
(32, '114335', NULL, NULL, '114335', '1', '9', '3', '6', '0.00', '19110', '19110', '3.6', NULL, NULL, '2025-07-31 06:00:00', '0', '1', '1', '1', '2'),
(33, '114336', NULL, NULL, '114336', '1', '9', '3', '6', '0.00', '22710', '22710', '3.6', NULL, NULL, '2025-07-31 06:00:00', '0', '1', '1', '1', '2'),
(34, '114337', NULL, NULL, '114337', '1', '9', '3', '6', '0.00', '6600', '6600', '1', NULL, NULL, '2025-07-31 06:00:00', '0', '1', '1', '1', '2'),
(35, '114398', 'archivos/LAISA/2025/08/EA_I107_227715_250812', '227715', '114398', '1', '11', '4', '9', '0.00', '8980', '8980', '1', NULL, NULL, '2025-07-31 06:00:00', '0', '1', '1', '1', '2'),
(36, '114400', 'archivos/LAISA/2025/08/EA_I107_227639_250811', '227639', '114400', '1', '11', '4', '9', '0.00', '8490', '8490', '1', NULL, NULL, '2025-07-31 06:00:00', '0', '1', '1', '1', '2'),
(37, '114401', NULL, NULL, '114401', '1', '11', '3', '9', '0.00', '22040', '22040', '3.6', NULL, NULL, '2025-07-31 06:00:00', '0', '1', '1', '1', '2'),
(38, '10136', NULL, NULL, '10136', '1', '2', '29', '2', '0.00', '19826', '19826', '3.6', NULL, NULL, '2025-08-01 06:00:00', '0', '1', '1', '1', '2'),
(39, '20773', 'archivos/LAISA/2025/08/EA_I107_183641_250806', '183641', '20773', '1', '5', '15', '3', '0.00', '26030', '26030', '3.2', NULL, NULL, '2025-08-01 06:00:00', '0', '1', '1', '1', '2'),
(40, '23708', NULL, NULL, '23708', '1', '6', '3', '4', '0.00', '23270', '23270', '3.6', NULL, NULL, '2025-08-01 06:00:00', '0', '1', '1', '1', '2'),
(41, '23709', NULL, NULL, '23709', '1', '6', '3', '4', '0.00', '25160', '25160', '3.6', NULL, NULL, '2025-08-01 06:00:00', '0', '1', '1', '1', '2'),
(42, '7531M13413', 'archivos/LAISA/2025/08/EA_I107_152158_250811', '152158', '7531M13413', '1', '10', '23', '7', '0.00', '25010', '25010', '3.6', NULL, NULL, '2025-08-01 06:00:00', '0', '1', '1', '1', '2'),
(43, '114338', NULL, NULL, '114338', '1', '9', '3', '6', '0.00', '22660', '22660', '3.6', NULL, NULL, '2025-08-01 06:00:00', '0', '1', '1', '1', '2'),
(44, '114340', NULL, NULL, '114340', '1', '9', '3', '6', '0.00', '22710', '22710', '3.6', NULL, NULL, '2025-08-01 06:00:00', '0', '1', '1', '1', '2'),
(45, '114403', NULL, NULL, '114403', '1', '11', '4', '9', '0.00', '7310', '7310', '1', NULL, NULL, '2025-08-01 06:00:00', '0', '1', '1', '1', '2'),
(46, '20776', 'archivos/LAISA/2025/08/EA_I107_183643_250806', '183643', '20776', '1', '5', '28', '3', '0.00', '25890', '25890', '3.2', NULL, NULL, '2025-08-02 06:00:00', '0', '1', '1', '1', '2'),
(47, '20775', 'archivos/LAISA/2025/08/EA_I107_183642_250806', '183642', '20775', '1', '5', '20', '3', '0.00', '24960', '24960', '3.2', NULL, NULL, '2025-08-02 06:00:00', '0', '1', '1', '1', '2'),
(48, '23710', NULL, NULL, '23710', '1', '6', '3', '4', '0.00', '23460', '23460', '3.6', NULL, NULL, '2025-08-02 06:00:00', '0', '1', '1', '1', '2'),
(49, '7531M13414', 'archivos/LAISA/2025/08/EA_I107_152160_250811', '152160', '7531M13414', '1', '10', '23', '7', '0.00', '24860', '24860', '3.6', NULL, NULL, '2025-08-02 06:00:00', '0', '1', '1', '1', '2'),
(50, '7531M13415', 'archivos/LAISA/2025/08/EA_I107_152161_250811', '152161', '7531M13415', '1', '10', '23', '7', '0.00', '24580', '24580', '3.6', NULL, NULL, '2025-08-02 06:00:00', '0', '1', '1', '1', '2'),
(51, '114341', NULL, NULL, '114341', '1', '9', '3', '6', '0.00', '20200', '20200', '3.6', NULL, NULL, '2025-08-02 06:00:00', '0', '1', '1', '1', '2'),
(52, '114343', NULL, NULL, '114343', '1', '9', '3', '6', '0.00', '22400', '22400', '3.6', NULL, NULL, '2025-08-02 06:00:00', '0', '1', '1', '1', '2'),
(53, '114342', NULL, NULL, '114342', '1', '9', '3', '6', '0.00', '8840', '8840', '1', NULL, NULL, '2025-08-02 06:00:00', '0', '1', '1', '1', '2'),
(54, '114404', NULL, NULL, '114404', '1', '11', '4', '9', '0.00', '18130', '18130', '3.6', NULL, NULL, '2025-08-02 06:00:00', '0', '1', '1', '1', '2'),
(55, '10138', NULL, NULL, '10138', '1', '2', '29', '2', '0.00', '19516', '19516', '3.6', NULL, NULL, '2025-08-03 06:00:00', '0', '1', '1', '1', '2'),
(56, '11971-167765', NULL, NULL, '11971-167765', '1', '4', '10', '20', '0.00', '24000', '24000', '3.6', NULL, NULL, '2025-08-04 06:00:00', '0', '1', '1', '1', '2'),
(57, '7531M13419', 'archivos/LAISA/2025/08/EA_I107_152162_250811', '152162', '7531M13419', '1', '10', '23', '7', '0.00', '24270', '24270', '3.6', NULL, NULL, '2025-08-04 06:00:00', '0', '1', '1', '1', '2'),
(58, '114344', NULL, NULL, '114344', '1', '9', '3', '6', '0.00', '20120', '20120', '3.6', NULL, NULL, '2025-08-04 06:00:00', '0', '1', '1', '1', '2'),
(59, '114408', 'archivos/LAISA/2025/08/EA_I107_227718_250812', '227718', '114408', '1', '11', '4', '9', '0.00', '17940', '17940', '3.6', NULL, NULL, '2025-08-04 06:00:00', '0', '1', '1', '1', '2'),
(60, '114409', 'archivos/LAISA/2025/08/EA_I107_227721_250812', '227721', '114409', '1', '11', '4', '9', '0.00', '7810', '7810', '1', NULL, NULL, '2025-08-04 06:00:00', '0', '1', '1', '1', '2'),
(61, '114410', 'archivos/LAISA/2025/08/EA_I107_227722_250812', '227722', '114410', '1', '11', '3', '9', '0.00', '21640', '21640', '3.6', NULL, NULL, '2025-08-04 06:00:00', '0', '1', '1', '1', '2'),
(62, '20779', 'archivos/LAISA/2025/08/EA_I107_183644_250806', '183644', '20779', '1', '5', '28', '3', '0.00', '26370', '26370', '3.2', NULL, NULL, '2025-08-05 06:00:00', '0', '1', '1', '1', '2'),
(63, '23713', NULL, NULL, '23713', '1', '6', '3', '4', '0.00', '24670', '24670', '3.6', NULL, NULL, '2025-08-05 06:00:00', '0', '1', '1', '1', '2'),
(64, '114345', NULL, NULL, '114345', '1', '9', '3', '6', '0.00', '19360', '19360', '3.6', NULL, NULL, '2025-08-05 06:00:00', '0', '1', '1', '1', '2'),
(65, '114346', NULL, NULL, '114346', '1', '9', '3', '6', '0.00', '19770', '19770', '3.6', NULL, NULL, '2025-08-05 06:00:00', '0', '1', '1', '1', '2'),
(66, '114412', 'archivos/LAISA/2025/08/EA_I107_227723_250812', '227723', '114412', '1', '11', '3', '9', '0.00', '21280', '21280', '3.6', NULL, NULL, '2025-08-05 06:00:00', '0', '1', '1', '1', '2'),
(67, '10139', 'archivos/LAISA/2025/08/EA_I107_102443_250815', '102443', '10139', '1', '2', '29', '2', '0.00', '19911', '19911', '3.6', NULL, NULL, '2025-08-06 06:00:00', '0', '1', '1', '1', '2'),
(68, '11970-167930', NULL, NULL, '11970-167930', '1', '4', '10', '20', '0.00', '21900', '21900', '3.6', NULL, NULL, '2025-08-06 06:00:00', '0', '1', '1', '1', '2'),
(69, '20786', 'archivos/LAISA/2025/08/EA_I107_183645_250806', '183645', '20786', '1', '5', '10', '3', '0.00', '24340', '24340', '3.2', NULL, NULL, '2025-08-06 06:00:00', '0', '1', '1', '1', '2'),
(70, '20787', NULL, NULL, '20787', '1', '5', '28', '3', '0.00', '25000', '25000', '3.2', NULL, NULL, '2025-08-06 06:00:00', '0', '1', '1', '1', '2'),
(71, '23714', NULL, NULL, '23714', '1', '6', '3', '4', '0.00', '22790', '22790', '3.6', NULL, NULL, '2025-08-06 06:00:00', '0', '1', '1', '1', '2'),
(72, '114348', NULL, NULL, '114348', '1', '9', '3', '6', '0.00', '18230', '18230', '3.6', NULL, NULL, '2025-08-06 06:00:00', '0', '1', '1', '1', '2'),
(73, '114349', NULL, NULL, '114349', '1', '9', '3', '6', '0.00', '20950', '20950', '3.6', NULL, NULL, '2025-08-06 06:00:00', '0', '1', '1', '1', '2'),
(74, '114347', NULL, NULL, '114347', '1', '9', '3', '6', '0.00', '8860', '8860', '1', NULL, NULL, '2025-08-06 06:00:00', '0', '1', '1', '1', '2'),
(75, '114416', NULL, NULL, '114416', '1', '11', '3', '9', '0.00', '21160', '21160', '3.6', NULL, NULL, '2025-08-06 06:00:00', '0', '1', '1', '1', '2'),
(76, '114415', 'archivos/LAISA/2025/08/EA_I107_227724_250812', '227724', '114415', '1', '11', '3', '16', '0.00', '21510', '21510', '3.6', NULL, NULL, '2025-08-06 06:00:00', '0', '1', '1', '1', '2'),
(77, '11972-168072', NULL, NULL, '11972-168072', '1', '4', '10', '20', '0.00', '25400', '25400', '3.6', NULL, NULL, '2025-08-07 06:00:00', '0', '1', '1', '1', '2'),
(78, '20789', NULL, NULL, '20789', '1', '5', '20', '3', '0.00', '24370', '24370', '3.2', NULL, NULL, '2025-08-07 06:00:00', '0', '1', '1', '1', '2'),
(79, '23715', NULL, NULL, '23715', '1', '6', '3', '4', '0.00', '24010', '24010', '3.6', NULL, NULL, '2025-08-07 06:00:00', '0', '1', '1', '1', '2'),
(80, '23716', NULL, NULL, '23716', '1', '6', '3', '4', '0.00', '24920', '24920', '3.6', NULL, NULL, '2025-08-07 06:00:00', '0', '1', '1', '1', '2'),
(81, '148458', 'archivos/LAISA/2025/08/EA_I107_148458_250807', '148458', '148458', '1', '7', '3', '5', '0.00', '10563', '10563', '3.6', NULL, NULL, '2025-08-07 06:00:00', '0', '1', '1', '1', '2'),
(82, '7540M114350', 'archivos/LAISA/2025/08/EA_I107_210061_250812', '210061', '114350', '1', '9', '3', '6', '0.00', '21890', '21890', '3.6', NULL, NULL, '2025-08-07 06:00:00', '0', '1', '1', '1', '2'),
(83, '7540M114353', 'archivos/LAISA/2025/08/EA_I107_209997_250811', '209997', '114353', '1', '9', '3', '6', '0.00', '20950', '20950', '3.6', NULL, NULL, '2025-08-07 06:00:00', '0', '1', '1', '1', '2'),
(84, '7540M114354', 'archivos/LAISA/2025/08/EA_I107_209998_250811', '209998', '114354', '1', '9', '3', '6', '0.00', '18230', '18230', '3.6', NULL, NULL, '2025-08-07 06:00:00', '0', '1', '1', '1', '2'),
(85, '7540M114351', 'archivos/LAISA/2025/08/EA_I107_210013_250811', '210013', '114351', '1', '9', '3', '6', '0.00', '4290', '4290', '1', NULL, NULL, '2025-08-07 06:00:00', '0', '1', '1', '1', '2'),
(86, '7540M114352', 'archivos/LAISA/2025/08/EA_I107_209999_250811', '209999', '114352', '1', '9', '3', '6', '0.00', '3810', '3810', '1', NULL, NULL, '2025-08-07 06:00:00', '0', '1', '1', '1', '2'),
(87, '114421', 'archivos/LAISA/2025/08/EA_I107_227726_250812', '227726', '114421', '1', '11', '4', '9', '0.00', '18340', '18340', '3.6', NULL, NULL, '2025-08-07 06:00:00', '0', '1', '1', '1', '2'),
(88, '20790', NULL, NULL, '20790', '1', '5', '31', '3', '0.00', '22330', '22330', '3.2', NULL, NULL, '2025-08-08 06:00:00', '0', '1', '1', '1', '2'),
(89, '23717', NULL, NULL, '23717', '1', '6', '3', '4', '0.00', '24840', '24840', '3.6', NULL, NULL, '2025-08-08 06:00:00', '0', '1', '1', '1', '2'),
(90, '23718', NULL, NULL, '23718', '1', '6', '3', '4', '0.00', '23700', '23700', '3.6', NULL, NULL, '2025-08-08 06:00:00', '0', '1', '1', '1', '2'),
(91, '23719', NULL, NULL, '23719', '1', '6', '3', '4', '0.00', '24550', '24550', '3.6', NULL, NULL, '2025-08-08 06:00:00', '0', '1', '1', '1', '2'),
(92, '7531M13421', 'archivos/LAISA/2025/08/EA_I107_152168_250811', '152168', '7531M13421', '1', '10', '23', '7', '0.00', '24540', '24540', '3.6', NULL, NULL, '2025-08-08 06:00:00', '0', '1', '1', '1', '2'),
(93, '7531M13423', 'archivos/LAISA/2025/08/EA_I107_152169_250811', '152169', '7531M13423', '1', '10', '23', '7', '0.00', '24520', '24520', '3.6', NULL, NULL, '2025-08-08 06:00:00', '0', '1', '1', '1', '2'),
(94, '7531M13428', 'archivos/LAISA/2025/08/EA_I107_152172_250811', '152172', '7531M13428', '1', '10', '23', '7', '0.00', '24970', '24970', '3.6', NULL, NULL, '2025-08-08 06:00:00', '0', '1', '1', '1', '2'),
(95, '7540M114355', 'archivos/LAISA/2025/08/EA_I107_210020_250811', '210020', '114355', '1', '9', '3', '6', '0.00', '18990', '18990', '3.6', NULL, NULL, '2025-08-08 06:00:00', '0', '1', '1', '1', '2'),
(96, '7540M114358', 'archivos/LAISA/2025/08/EA_I107_210018_250811', '210018', '114358', '1', '9', '3', '6', '0.00', '7660', '7660', '1', NULL, NULL, '2025-08-08 06:00:00', '0', '1', '1', '1', '2'),
(97, '7540M114357', 'archivos/LAISA/2025/08/EA_I107_210019_250811', '210019', '114357', '1', '9', '3', '6', '0.00', '13320', '13320', '1', NULL, NULL, '2025-08-08 06:00:00', '0', '1', '1', '1', '2'),
(98, '114422', NULL, NULL, '114422', '1', '11', '3', '16', '0.00', '21470', '21470', '3.6', NULL, NULL, '2025-08-08 06:00:00', '0', '1', '1', '1', '2'),
(99, '114423', 'archivos/LAISA/2025/08/EA_I107_227728_250812', '227728', '114423', '1', '11', '3', '16', '0.00', '21370', '21370', '3.6', NULL, NULL, '2025-08-08 06:00:00', '0', '1', '1', '1', '2'),
(100, '114424', 'archivos/LAISA/2025/08/EA_I107_227729_250812', '227729', '114424', '1', '11', '3', '16', '0.00', '20990', '20990', '3.6', NULL, NULL, '2025-08-08 06:00:00', '0', '1', '1', '1', '2'),
(101, '11974-168284', NULL, NULL, '11974-168284', '1', '4', '10', '20', '0.00', '22580', '22580', '3.6', NULL, NULL, '2025-08-09 06:00:00', '0', '1', '1', '1', '2'),
(102, '20791', NULL, NULL, '20791', '1', '5', '30', '3', '0.00', '24050', '24050', '3.2', NULL, NULL, '2025-08-09 06:00:00', '0', '1', '1', '1', '2'),
(103, '20793', NULL, NULL, '20793', '1', '5', '28', '3', '0.00', '25540', '25540', '3.2', NULL, NULL, '2025-08-09 06:00:00', '0', '1', '1', '1', '2'),
(104, '7531M13433', 'archivos/LAISA/2025/08/EA_I107_152306_250818', '152306', '7531M13433', '1', '10', '23', '7', '0.00', '24890', '24890', '3.6', NULL, NULL, '2025-08-09 06:00:00', '0', '1', '1', '1', '2'),
(105, '7540M114359', 'archivos/LAISA/2025/08/EA_I107_210017_250811', '210017', '114359', '1', '9', '3', '6', '0.00', '7640', '7640', '1', NULL, NULL, '2025-08-09 06:00:00', '0', '1', '1', '1', '2'),
(106, '114360', 'archivos/LAISA/2025/08/EA_I107_210016_250811', '210016', '114360', '1', '9', '3', '6', '0.00', '19310', '19310', '3.6', NULL, NULL, '2025-08-09 06:00:00', '0', '1', '1', '1', '2'),
(107, '114428', 'archivos/LAISA/2025/08/EA_I107_227730_250812', '227730', '114428', '1', '11', '4', '9', '0.00', '5660', '5660', '1', NULL, NULL, '2025-08-09 06:00:00', '0', '1', '1', '1', '2'),
(108, '114429', 'archivos/LAISA/2025/08/EA_I107_227731_250812', '227731', '114429', '1', '11', '4', '9', '0.00', '17770', '17770', '3.6', NULL, NULL, '2025-08-09 06:00:00', '0', '1', '1', '1', '2'),
(109, '114431', 'archivos/LAISA/2025/08/EA_I107_227733_250812', '227733', '114431', '1', '11', '3', '16', '0.00', '21690', '21690', '3.6', NULL, NULL, '2025-08-09 06:00:00', '0', '1', '1', '1', '2'),
(110, '114370', 'archivos/LAISA/2025/08/EA_I107_210014_250811', '210014', '114370', '1', '9', '3', '6', '0.00', '22140', '22140', '3.6', NULL, NULL, '2025-08-10 06:00:00', '0', '1', '1', '1', '2'),
(111, '114371', 'archivos/LAISA/2025/08/EA_I107_210015_250811', '210015', '114371', '1', '9', '3', '6', '0.00', '21930', '21930', '3.6', NULL, NULL, '2025-08-10 06:00:00', '0', '1', '1', '1', '2'),
(112, '114373', 'archivos/LAISA/2025/08/EA_I107_210106_250813', '210106', '114373', '1', '9', '3', '6', '0.00', '20070', '20070', '3.6', NULL, NULL, '2025-08-11 06:00:00', '0', '1', '1', '1', '2'),
(113, '114435', 'archivos/LAISA/2025/08/EA_I107_227955_250815', '227955', '114435', '1', '11', '4', '9', '0.00', '17830', '17830', '3.6', NULL, NULL, '2025-08-11 06:00:00', '0', '1', '1', '1', '2'),
(114, '114434', 'archivos/LAISA/2025/08/EA_I107_227954_250815', '227954', '114434', '1', '11', '3', '16', '0.00', '21480', '21480', '3.6', NULL, NULL, '2025-08-11 06:00:00', '0', '1', '1', '1', '2'),
(115, '10141', NULL, NULL, '10141', '1', '2', '29', '2', '0.00', '20103', '20103', '3.6', NULL, NULL, '2025-08-12 06:00:00', '0', '1', '1', '1', '2'),
(116, '20796', NULL, NULL, '20796', '1', '5', '20', '3', '0.00', '19760', '19760', '3.2', NULL, NULL, '2025-08-12 06:00:00', '0', '1', '1', '1', '2'),
(117, '23721', NULL, NULL, '23721', '1', '6', '3', '4', '0.00', '24410', '24410', '3.6', NULL, NULL, '2025-08-12 06:00:00', '0', '1', '1', '1', '2'),
(118, '148514', 'archivos/LAISA/2025/08/EA_I107_148514_250812', '148514', '148514', '1', '7', '3', '5', '0.00', '11356', '11356', '3.6', NULL, NULL, '2025-08-12 06:00:00', '0', '1', '1', '1', '2'),
(119, '114374', NULL, NULL, '114374', '1', '9', '3', '6', '0.00', '21450', '21450', '3.6', NULL, NULL, '2025-08-12 06:00:00', '0', '1', '1', '1', '2'),
(120, '114439', 'archivos/LAISA/2025/08/EA_I107_227956_250815', '227956', '114439', '1', '11', '3', '16', '0.00', '21720', '21720', '3.6', NULL, NULL, '2025-08-12 06:00:00', '0', '1', '1', '1', '2'),
(121, '20797', NULL, NULL, '20797', '1', '5', '28', '3', '0.00', '25030', '25030', '3.2', NULL, NULL, '2025-08-13 06:00:00', '0', '1', '1', '1', '2'),
(122, '20800', NULL, NULL, '20800', '1', '5', '27', '3', '0.00', '25860', '25860', '3.2', NULL, NULL, '2025-08-13 06:00:00', '0', '1', '1', '1', '2'),
(123, '23722', NULL, NULL, '23722', '1', '6', '3', '4', '0.00', '23960', '23960', '3.6', NULL, NULL, '2025-08-13 06:00:00', '0', '1', '1', '1', '2'),
(124, '7531M13435', 'archivos/LAISA/2025/08/EA_I107_152309_250818', '152309', '7531M13435', '1', '10', '23', '7', '0.00', '21710', '21710', '3.6', NULL, NULL, '2025-08-13 06:00:00', '0', '1', '1', '1', '2'),
(125, '7531M13439', 'archivos/LAISA/2025/08/EA_I107_152310_250818', '152310', '7531M13439', '1', '10', '23', '7', '0.00', '24970', '24970', '3.6', NULL, NULL, '2025-08-13 06:00:00', '0', '1', '1', '1', '2'),
(126, '114381', 'archivos/LAISA/2025/08/EA_I107_210158_250814', '210158', '114381', '1', '9', '3', '6', '0.00', '4510', '4510', '1', NULL, NULL, '2025-08-13 06:00:00', '0', '1', '1', '1', '2'),
(127, '114445', 'archivos/LAISA/2025/08/EA_I107_227960_250815', '227960', '114445', '1', '11', '4', '9', '0.00', '17990', '17990', '3.6', NULL, NULL, '2025-08-13 06:00:00', '0', '1', '1', '1', '2'),
(128, '10143', NULL, NULL, '10143', '1', '2', '29', '2', '0.00', '19744', '19744', '3.6', NULL, NULL, '2025-08-14 06:00:00', '0', '1', '1', '1', '2'),
(129, '20802', NULL, NULL, '20802', '1', '5', '27', '3', '0.00', '25540', '25540', '3.2', NULL, NULL, '2025-08-14 06:00:00', '0', '1', '1', '1', '2'),
(130, '148546', 'archivos/LAISA/2025/08/EA_I107_148546_250814', '148546', '148546', '1', '7', '3', '5', '0.00', '11006', '11006', '3.6', NULL, NULL, '2025-08-14 06:00:00', '0', '1', '1', '1', '2'),
(131, '7531M13440', 'archivos/LAISA/2025/08/EA_I107_152311_250818', '152311', '7531M13440', '1', '10', '23', '7', '0.00', '23820', '23820', '3.6', NULL, NULL, '2025-08-14 06:00:00', '0', '1', '1', '1', '2'),
(132, '114383', NULL, NULL, '114383', '1', '9', '3', '6', '0.00', '20760', '20760', '3.6', NULL, NULL, '2025-08-14 06:00:00', '0', '1', '1', '1', '2'),
(133, '114382', 'archivos/LAISA/2025/08/EA_I107_210159_250814', '210159', '114382', '1', '9', '3', '6', '0.00', '5760', '5760', '1', NULL, NULL, '2025-08-14 06:00:00', '0', '1', '1', '1', '2'),
(134, '114449', 'archivos/LAISA/2025/08/EA_I107_227961_250815', '227961', '114449', '1', '11', '4', '9', '0.00', '17660', '17660', '3.6', NULL, NULL, '2025-08-14 06:00:00', '0', '1', '1', '1', '2'),
(135, '1488', NULL, NULL, '1488', '1', '1', '26', '1', '0.00', '25890', '25890', '3.2', NULL, NULL, '2025-08-07 06:00:00', '0', '1', '1', '1', '2'),
(136, '7538M20794', 'archivos/LAISA/2025/08/EA_I107_183907_250820', '183907', '7538M20794', '1', '5', '20', '3', '0.00', '24600', '24600', '3.2', NULL, NULL, '2025-08-11 06:00:00', '0', '1', '1', '1', '2'),
(137, '20795', NULL, NULL, '20795', '1', '5', '32', '3', '0.00', '22180', '22180', '3.2', NULL, NULL, '2025-08-12 06:00:00', '0', '1', '1', '1', '2'),
(138, '7727M114440', 'archivos/LAISA/2025/08/EA_I107_227957_250815', '227957', '7727M114440', '1', '11', '3', '15', '0.00', '7200', '7200', '1', NULL, NULL, '2025-08-12 06:00:00', '0', '1', '1', '1', '2'),
(139, '114441', 'archivos/LAISA/2025/08/EA_I107_227958_250815', '227958', '114441', '1', '11', '3', '16', '0.00', '21570', '21570', '3.6', NULL, NULL, '2025-08-13 06:00:00', '0', '1', '1', '1', '2'),
(140, '114444', 'archivos/LAISA/2025/08/EA_I107_227959_250815', '227959', '114444', '1', '11', '3', '16', '0.00', '21920', '21920', '3.6', NULL, NULL, '2025-08-13 06:00:00', '0', '1', '1', '1', '2'),
(141, '20805', NULL, NULL, '20805', '1', '5', '27', '3', '0.00', '25880', '25880', '3.2', NULL, NULL, '2025-08-15 06:00:00', '0', '1', '1', '1', '2'),
(142, '23723', NULL, NULL, '23723', '1', '6', '3', '4', '0.00', '21700', '21700', '3.6', NULL, NULL, '2025-08-12 06:00:00', '0', '1', '1', '1', '2'),
(143, '7539M23724', NULL, NULL, '7539M23724', '1', '6', '3', '4', '0.00', '24760', '24760', '3.6', NULL, NULL, '2025-08-15 06:00:00', '0', '1', '1', '1', '2'),
(144, '7531M13444', 'archivos/LAISA/2025/08/EA_I107_152312_250818', '152312', '7531M13444', '1', '10', '23', '7', '0.00', '23710', '23710', '3.6', NULL, NULL, '2025-08-15 06:00:00', '0', '1', '1', '1', '2'),
(145, '7540M114385', 'archivos/LAISA/2025/08/EA_I107_210345_250818', '210345', '7540M114385', '1', '9', '3', '6', '0.00', '21690', '21690', '3.6', NULL, NULL, '2025-08-15 06:00:00', '0', '1', '1', '1', '2'),
(146, '7540M114384', 'archivos/LAISA/2025/08/EA_I107_210329_250818', '210329', '7540M114384', '1', '9', '3', '6', '0.00', '21290', '21290', '3.6', NULL, NULL, '2025-08-15 06:00:00', '0', '1', '1', '1', '2'),
(147, '114454', NULL, NULL, '114454', '1', '11', '4', '9', '0.00', '17860', '17860', '3.6', NULL, NULL, '2025-08-15 06:00:00', '0', '1', '1', '1', '2'),
(148, '114453', NULL, NULL, '114453', '1', '11', '3', '16', '0.00', '21130', '21130', '3.6', NULL, NULL, '2025-08-15 06:00:00', '0', '1', '1', '1', '2'),
(149, '20807', NULL, NULL, '20807', '1', '5', '20', '3', '0.00', '26580', '26580', '3.2', NULL, NULL, '2025-08-16 06:00:00', '0', '1', '1', '1', '2'),
(150, '20809', NULL, NULL, '20809', '1', '5', '22', '3', '0.00', '24950', '24950', '3.2', NULL, NULL, '2025-08-16 06:00:00', '0', '1', '1', '1', '2'),
(151, '7539M23725', NULL, NULL, '7539M23725', '1', '6', '3', '4', '0.00', '22970', '22970', '3.6', NULL, NULL, '2025-08-16 06:00:00', '0', '1', '1', '1', '2'),
(152, '7531M13446', 'archivos/LAISA/2025/08/EA_I107_152313_250818', '152313', '7531M13446', '1', '10', '23', '7', '0.00', '24700', '24700', '3.6', NULL, NULL, '2025-08-16 06:00:00', '0', '1', '1', '1', '2'),
(153, '7531M13447', 'archivos/LAISA/2025/08/EA_I107_152314_250818', '152314', '7531M13447', '1', '10', '23', '7', '0.00', '23110', '23110', '3.6', NULL, NULL, '2025-08-16 06:00:00', '0', '1', '1', '1', '2'),
(154, '7540M114387', 'archivos/LAISA/2025/08/EA_I107_210347_250818', '210347', '7540M114387', '1', '9', '3', '6', '0.00', '21020', '21020', '3.6', NULL, NULL, '2025-08-16 06:00:00', '0', '1', '1', '1', '2'),
(155, '7540M114388', 'archivos/LAISA/2025/08/EA_I107_210348_250818', '210348', '7540M114388', '1', '9', '3', '6', '0.00', '20550', '20550', '3.6', NULL, NULL, '2025-08-16 06:00:00', '0', '1', '1', '1', '2'),
(156, '7540M114386', 'archivos/LAISA/2025/08/EA_I107_210346_250818', '210346', '7540M114386', '1', '9', '3', '6', '0.00', '6620', '6620', '1', NULL, NULL, '2025-08-16 06:00:00', '0', '1', '1', '1', '2'),
(157, '114456', NULL, NULL, '114456', '1', '11', '3', '16', '0.00', '20850', '20850', '3.6', NULL, NULL, '2025-08-16 06:00:00', '0', '1', '1', '1', '2'),
(158, '7540M114389', 'archivos/LAISA/2025/08/EA_I107_210349_250818', '210349', '7540M114389', '1', '9', '3', '6', '0.00', '19820', '19820', '3.6', NULL, NULL, '2025-08-17 06:00:00', '0', '1', '1', '1', '2'),
(159, '114457', NULL, NULL, '114457', '1', '11', '4', '9', '0.00', '17870', '17870', '3.6', NULL, NULL, '2025-08-17 06:00:00', '0', '1', '1', '1', '2'),
(160, '114460', NULL, NULL, '114460', '1', '11', '4', '9', '0.00', '17520', '17520', '3.6', NULL, NULL, '2025-08-17 06:00:00', '0', '1', '1', '1', '2'),
(161, '1489', NULL, NULL, '1489', '1', '1', '26', '1', '0.00', '25358', '25358', '3.2', NULL, NULL, '2025-08-18 06:00:00', '0', '1', '1', '1', '2'),
(162, '10144', NULL, NULL, '10144', '1', '2', '29', '2', '0.00', '19867', '19867', '3.6', NULL, NULL, '2025-08-18 06:00:00', '0', '1', '1', '1', '2'),
(163, '7539M23726', NULL, NULL, '7539M23726', '1', '6', '3', '4', '0.00', '22350', '22350', '3.6', NULL, NULL, '2025-08-18 06:00:00', '0', '1', '1', '1', '2'),
(164, '7540M114391', 'archivos/LAISA/2025/08/EA_I107_210415_250819', '210415', '7540M114391', '1', '9', '3', '6', '0.00', '21140', '21140', '3.6', NULL, NULL, '2025-08-18 06:00:00', '0', '1', '1', '1', '2'),
(165, '7540M114390', 'archivos/LAISA/2025/08/EA_I107_210414_250819', '210414', '7540M114390', '1', '9', '3', '6', '0.00', '6790', '6790', '1', NULL, NULL, '2025-08-18 06:00:00', '0', '1', '1', '1', '2'),
(166, '20810', NULL, NULL, '20810', '1', '5', '15', '3', '0.00', '26800', '26800', '3.2', NULL, NULL, '2025-08-19 06:00:00', '0', '1', '1', '1', '2'),
(167, '7539M23727', NULL, NULL, '7539M23727', '1', '6', '3', '4', '0.00', '25940', '25940', '3.6', NULL, NULL, '2025-08-19 06:00:00', '0', '1', '1', '1', '2'),
(168, '7531M13448', NULL, NULL, '7531M13448', '1', '10', '23', '7', '0.00', '25030', '25030', '3.6', NULL, NULL, '2025-08-19 06:00:00', '0', '1', '1', '1', '2'),
(169, '7531M13452', NULL, NULL, '7531M13452', '1', '10', '23', '7', '0.00', '24280', '24280', '3.6', NULL, NULL, '2025-08-19 06:00:00', '0', '1', '1', '1', '2'),
(170, '7540M114392', 'archivos/LAISA/2025/08/EA_I107_210416_250819', '210416', '7540M114392', '1', '9', '3', '6', '0.00', '19280', '19280', '3.6', NULL, NULL, '2025-08-19 06:00:00', '0', '1', '1', '1', '2'),
(171, '114463', NULL, NULL, '114463', '1', '11', '3', '16', '0.00', '22300', '22300', '3.6', NULL, NULL, '2025-08-19 06:00:00', '0', '1', '1', '1', '2'),
(172, '7727M114466', NULL, NULL, '7727M114466', '1', '11', '3', '16', '0.00', '22220', '22220', '3.6', NULL, NULL, '2025-08-19 06:00:00', '0', '1', '1', '1', '2'),
(173, '7537M10147', 'archivos/LAISA/2025/08/EA_I107_102448_250815', '102448', '7537M10147', '1', '2', '29', '2', '0.00', '19979', '19979', '3.5', NULL, NULL, '2025-08-20 06:00:00', '0', '1', '1', '1', '2'),
(174, '7538M20813', 'archivos/LAISA/2025/08/EA_I107_184004_250825', '184004', '7538M20813', '1', '5', '32', '3', '0.00', '26440', '26440', '3.1', NULL, NULL, '2025-08-20 06:00:00', '0', '1', '1', '1', '2'),
(175, '7538M20811', 'archivos/LAISA/2025/08/EA_I107_184006_250825', '184006', '7538M20811', '1', '5', '30', '3', '0.00', '26410', '26410', '3.1', NULL, NULL, '2025-08-20 06:00:00', '0', '1', '1', '1', '2'),
(176, '7539M23728', NULL, NULL, '7539M23728', '1', '6', '3', '4', '0.00', '22040', '22040', '3.5', NULL, NULL, '2025-08-20 06:00:00', '0', '1', '1', '1', '2'),
(177, '148620', 'archivos/LAISA/2025/08/EA_I107_148620_250820', '148620', '148620', '1', '7', '3', '5', '0.00', '11539', '11539', '3.5', NULL, NULL, '2025-08-20 06:00:00', '0', '1', '1', '1', '2'),
(178, '148622', NULL, NULL, '148622', '1', '7', '3', '5', '0.00', '13203', '13203', '3.5', NULL, NULL, '2025-08-20 06:00:00', '0', '1', '1', '1', '2'),
(179, '7531M13457', 'archivos/LAISA/2025/08/EA_I107_152450_250825', '152450', '7531M13457', '1', '10', '22', '7', '0.00', '25380', '25380', '3.5', NULL, NULL, '2025-08-20 06:00:00', '0', '1', '1', '1', '2'),
(180, '7540M114394', 'archivos/LAISA/2025/08/EA_I107_210560_250822', '210560', '7540M114394', '1', '9', '3', '6', '0.00', '19980', '19980', '3.5', NULL, NULL, '2025-08-20 06:00:00', '0', '1', '1', '1', '2'),
(181, '7540M114395', 'archivos/LAISA/2025/08/EA_I107_210559_250822', '210559', '7540M114395', '1', '9', '3', '6', '0.00', '20640', '20640', '3.5', NULL, NULL, '2025-08-20 06:00:00', '0', '1', '1', '1', '2'),
(182, '7727M114472', 'archivos/LAISA/2025/08/EA_I107_228744_250829', '228744', '7727M114472', '1', '11', '4', '9', '0.00', '17820', '17820', '3.5', NULL, NULL, '2025-08-20 06:00:00', '0', '1', '1', '1', '2'),
(183, '7727M114471', 'archivos/LAISA/2025/08/EA_I107_228743_250829', '228743', '7727M114471', '1', '11', '3', '16', '0.00', '21470', '21470', '3.5', NULL, NULL, '2025-08-20 06:00:00', '0', '1', '1', '1', '2'),
(184, '7727M114469', 'archivos/LAISA/2025/08/EA_I107_228742_250829', '228742', '7727M114469', '1', '11', '3', '16', '0.00', '21980', '21980', '3.5', NULL, NULL, '2025-08-20 06:00:00', '0', '1', '1', '1', '2'),
(185, '7538M20815', 'archivos/LAISA/2025/08/EA_I107_184098_250828', '184098', '7538M20815', '1', '5', '28', '3', '0.00', '27500', '27500', '3.1', NULL, NULL, '2025-08-21 06:00:00', '0', '1', '1', '1', '2'),
(186, '7539M23729', NULL, NULL, '7539M23729', '1', '6', '3', '4', '0.00', '25410', '25410', '3.5', NULL, NULL, '2025-08-21 06:00:00', '0', '1', '1', '1', '2'),
(187, '7531M13461', 'archivos/LAISA/2025/08/EA_I107_152451_250825', '152451', '7531M13461', '1', '10', '23', '7', '0.00', '23180', '23180', '3.5', NULL, NULL, '2025-08-21 06:00:00', '0', '1', '1', '1', '2'),
(188, '7531M13467', 'archivos/LAISA/2025/08/EA_I107_152452_250825', '152452', '7531M13467', '1', '10', '23', '7', '0.00', '22710', '22710', '3.5', NULL, NULL, '2025-08-21 06:00:00', '0', '1', '1', '1', '2'),
(189, '7540M114396', NULL, NULL, '7540M114396', '1', '9', '3', '6', '0.00', '18880', '18880', '3.5', NULL, NULL, '2025-08-21 06:00:00', '0', '1', '1', '1', '2'),
(190, '7727M114474', 'archivos/LAISA/2025/08/EA_I107_228745_250829', '228745', '7727M114474', '1', '11', '3', '16', '0.00', '22110', '22110', '3.5', NULL, NULL, '2025-08-21 06:00:00', '0', '1', '1', '1', '2'),
(191, '7727M114477', 'archivos/LAISA/2025/08/EA_I107_228746_250829', '228746', '7727M114477', '1', '11', '4', '9', '0.00', '17770', '17770', '3.5', NULL, NULL, '2025-08-21 06:00:00', '0', '1', '1', '1', '2'),
(192, '7538M20817', 'archivos/LAISA/2025/08/EA_I107_184099_250828', '184099', '7538M20817', '1', '5', '20', '3', '0.00', '25400', '25400', '3.1', NULL, NULL, '2025-08-22 06:00:00', '0', '1', '1', '1', '2'),
(193, '7538M20816', 'archivos/LAISA/2025/08/EA_I107_184005_250825', '184005', '7538M20816', '1', '5', '28', '3', '0.00', '24300', '24300', '3.1', NULL, NULL, '2025-08-22 06:00:00', '0', '1', '1', '1', '2'),
(194, '7539M23730', NULL, NULL, '7539M23730', '1', '6', '3', '4', '0.00', '25130', '25130', '3.5', NULL, NULL, '2025-08-22 06:00:00', '0', '1', '1', '1', '2'),
(195, '7531M13475', NULL, NULL, '7531M13475', '1', '10', '23', '7', '0.00', '25540', '25540', '3.5', NULL, NULL, '2025-08-22 06:00:00', '0', '1', '1', '1', '2'),
(196, '7540M114397', 'archivos/LAISA/2025/08/EA_I107_210658_250825', '210658', '7540M114397', '1', '9', '3', '6', '0.00', '19510', '19510', '3.5', NULL, NULL, '2025-08-22 06:00:00', '0', '1', '1', '1', '2'),
(197, '7540M114398', 'archivos/LAISA/2025/08/EA_I107_210659_250825', '210659', '7540M114398', '1', '9', '3', '6', '0.00', '21500', '21500', '3.5', NULL, NULL, '2025-08-22 06:00:00', '0', '1', '1', '1', '2'),
(198, '7727M114479', 'archivos/LAISA/2025/08/EA_I107_228747_250829', '228747', '7727M114479', '1', '11', '4', '9', '0.00', '17840', '17840', '3.5', NULL, NULL, '2025-08-22 06:00:00', '0', '1', '1', '1', '2'),
(199, '7537M10148', 'archivos/LAISA/2025/08/EA_I107_102549_250826', '102549', '7537M10148', '1', '2', '29', '2', '0.00', '19857', '19857', '3.5', NULL, NULL, '2025-08-23 06:00:00', '0', '1', '1', '1', '2'),
(200, '7538M20819', 'archivos/LAISA/2025/08/EA_I107_184100_250828', '184100', '7538M20819', '1', '5', '20', '3', '0.00', '25060', '25060', '3.1', NULL, NULL, '2025-08-23 06:00:00', '0', '1', '1', '1', '2'),
(201, '7539M23731', NULL, NULL, '7539M23731', '1', '6', '3', '4', '0.00', '24880', '24880', '3.5', NULL, NULL, '2025-08-23 06:00:00', '0', '1', '1', '1', '2'),
(202, '7531M13483', NULL, NULL, '7531M13483', '1', '10', '23', '7', '0.00', '23220', '23220', '3.5', NULL, NULL, '2025-08-23 06:00:00', '0', '1', '1', '1', '2'),
(203, '7540M114400', 'archivos/LAISA/2025/08/EA_I107_210660_250825', '210660', '7540M114400', '1', '9', '3', '6', '0.00', '20500', '20500', '3.5', NULL, NULL, '2025-08-23 06:00:00', '0', '1', '1', '1', '2'),
(204, '7540M114401', 'archivos/LAISA/2025/08/EA_I107_210661_250825', '210661', '7540M114401', '1', '9', '3', '6', '0.00', '19870', '19870', '3.5', NULL, NULL, '2025-08-23 06:00:00', '0', '1', '1', '1', '2'),
(205, '7540M114403', 'archivos/LAISA/2025/08/EA_I107_210662_250825', '210662', '7540M114403', '1', '9', '3', '6', '0.00', '7780', '7780', '1', NULL, NULL, '2025-08-24 06:00:00', '0', '1', '1', '1', '2'),
(206, '7540M114404', 'archivos/LAISA/2025/08/EA_I107_210663_250825', '210663', '7540M114404', '1', '9', '3', '6', '0.00', '7780', '7780', '1', NULL, NULL, '2025-08-24 06:00:00', '0', '1', '1', '1', '2'),
(207, '7727M114484', 'archivos/LAISA/2025/08/EA_I107_228750_250829', '228750', '7727M114484', '1', '11', '4', '9', '0.00', '17760', '17760', '3.5', NULL, NULL, '2025-08-24 06:00:00', '0', '1', '1', '1', '2'),
(208, '7727M114483', 'archivos/LAISA/2025/08/EA_I107_228749_250829', '228749', '7727M114483', '1', '11', '3', '16', '0.00', '21490', '21490', '3.5', NULL, NULL, '2025-08-24 06:00:00', '0', '1', '1', '1', '2'),
(209, '7727M114485', 'archivos/LAISA/2025/08/EA_I107_228751_250829', '228751', '7727M114485', '1', '11', '3', '16', '0.00', '21680', '21680', '3.5', NULL, NULL, '2025-08-24 06:00:00', '0', '1', '1', '1', '2'),
(210, '11987-169383', NULL, NULL, '11987-169383', '1', '4', '10', '20', '0.00', '22089', '22089', '3.5', NULL, NULL, '2025-08-25 06:00:00', '0', '1', '1', '1', '2'),
(211, '7539M23732', NULL, NULL, '7539M23732', '1', '6', '3', '4', '0.00', '25310', '25310', '3.5', NULL, NULL, '2025-08-25 06:00:00', '0', '1', '1', '1', '2'),
(212, '7540M114406', 'archivos/LAISA/2025/08/EA_I107_210705_250826', '210705', '7540M114406', '1', '9', '3', '6', '0.00', '20360', '20360', '3.5', NULL, NULL, '2025-08-25 06:00:00', '0', '1', '1', '1', '2'),
(213, '7540M114405', 'archivos/LAISA/2025/08/EA_I107_210704_250826', '210704', '7540M114405', '1', '9', '3', '6', '0.00', '21480', '21480', '3.5', NULL, NULL, '2025-08-25 06:00:00', '0', '1', '1', '1', '2'),
(214, '7727M114488', 'archivos/LAISA/2025/08/EA_I107_228753_250829', '228753', '7727M114488', '1', '11', '3', '16', '0.00', '21920', '21920', '3.5', NULL, NULL, '2025-08-25 06:00:00', '0', '1', '1', '1', '2'),
(215, '7537M10149', 'archivos/LAISA/2025/08/EA_I107_102550_250826', '102550', '7537M10149', '1', '2', '29', '2', '0.00', '19829', '19829', '3.5', NULL, NULL, '2025-08-26 06:00:00', '0', '1', '1', '1', '2'),
(216, '7538M20820', 'archivos/LAISA/2025/08/EA_I107_184101_250828', '184101', '7538M20820', '1', '5', '20', '3', '0.00', '25860', '25860', '3.1', NULL, NULL, '2025-08-26 06:00:00', '0', '1', '1', '1', '2'),
(217, '7538M20821', 'archivos/LAISA/2025/08/EA_I107_184125_250829', '184125', '7538M20821', '1', '5', '3', '3', '0.00', '17970', '17970', '3.1', NULL, NULL, '2025-08-26 06:00:00', '0', '1', '1', '1', '2'),
(218, '7538M20822', 'archivos/LAISA/2025/08/EA_I107_184126_250829', '184126', '7538M20822', '1', '5', '3', '3', '0.00', '17280', '17280', '3.1', NULL, NULL, '2025-08-26 06:00:00', '0', '1', '1', '1', '2'),
(219, '7539M23734', NULL, NULL, '7539M23734', '1', '6', '3', '4', '0.00', '25300', '25300', '3.5', NULL, NULL, '2025-08-26 06:00:00', '0', '1', '1', '1', '2'),
(220, '148677', 'archivos/LAISA/2025/08/EA_I107_148677_250826', '148677', '148677', '1', '7', '3', '5', '0.00', '10060', '10060', '3.5', NULL, NULL, '2025-08-26 06:00:00', '0', '1', '1', '1', '2'),
(221, '7531M13490', NULL, NULL, '7531M13490', '1', '10', '23', '7', '0.00', '24280', '24280', '3.5', NULL, NULL, '2025-08-26 06:00:00', '0', '1', '1', '1', '2'),
(222, '7531M13491', NULL, NULL, '7531M13491', '1', '10', '23', '7', '0.00', '23300', '23300', '3.5', NULL, NULL, '2025-08-26 06:00:00', '0', '1', '1', '1', '2'),
(223, '7540M114408', 'archivos/LAISA/2025/08/EA_I107_210706_250826', '210706', '7540M114408', '1', '9', '3', '6', '0.00', '9580', '9580', '1', NULL, NULL, '2025-08-26 06:00:00', '0', '1', '1', '1', '2'),
(224, '7727M114490', 'archivos/LAISA/2025/08/EA_I107_228754_250829', '228754', '7727M114490', '1', '11', '4', '9', '0.00', '17740', '17740', '3.5', NULL, NULL, '2025-08-26 06:00:00', '0', '1', '1', '1', '2'),
(225, '7727M114491', 'archivos/LAISA/2025/08/EA_I107_228755_250829', '228755', '7727M114491', '1', '11', '3', '9', '0.00', '7020', '7020', '1', NULL, NULL, '2025-08-26 06:00:00', '0', '1', '1', '1', '2'),
(226, '11988-169605', NULL, NULL, '11988-169605', '1', '4', '10', '20', '0.00', '23293', '23293', '3.5', NULL, NULL, '2025-08-27 06:00:00', '0', '1', '1', '1', '2'),
(227, '7538M20824', 'archivos/LAISA/2025/08/EA_I107_184127_250829', '184127', '7538M20824', '1', '5', '27', '3', '0.00', '25130', '25130', '3.1', NULL, NULL, '2025-08-27 06:00:00', '0', '1', '1', '1', '2'),
(228, '7539M23735', NULL, NULL, '7539M23735', '1', '6', '3', '4', '0.00', '24110', '24110', '3.5', NULL, NULL, '2025-08-27 06:00:00', '0', '1', '1', '1', '2'),
(229, '7531M13493', NULL, NULL, '7531M13493', '1', '10', '23', '7', '0.00', '24230', '24230', '3.5', NULL, NULL, '2025-08-27 06:00:00', '0', '1', '1', '1', '2'),
(230, '7531M13494', NULL, NULL, '7531M13494', '1', '10', '23', '7', '0.00', '22960', '22960', '3.5', NULL, NULL, '2025-08-27 06:00:00', '0', '1', '1', '1', '2'),
(231, '7540M114409', 'archivos/LAISA/2025/08/EA_I107_210758_250827', '210758', '7540M114409', '1', '9', '3', '6', '0.00', '20040', '20040', '3.5', NULL, NULL, '2025-08-27 06:00:00', '0', '1', '1', '1', '2'),
(232, '7540M114410', 'archivos/LAISA/2025/08/EA_I107_210759_250827', '210759', '7540M114410', '1', '9', '3', '6', '0.00', '19740', '19740', '3.5', NULL, NULL, '2025-08-27 06:00:00', '0', '1', '1', '1', '2'),
(233, '7540M114411', 'archivos/LAISA/2025/08/EA_I107_210806_250828', '210806', '7540M114411', '1', '9', '3', '6', '0.00', '21500', '21500', '3.5', NULL, NULL, '2025-08-27 06:00:00', '0', '1', '1', '1', '2'),
(234, '7540M114412', 'archivos/LAISA/2025/08/EA_I107_210807_250828', '210807', '7540M114412', '1', '9', '3', '6', '0.00', '17980', '17980', '3.5', NULL, NULL, '2025-08-27 06:00:00', '0', '1', '1', '1', '2'),
(235, '7540M114414', 'archivos/LAISA/2025/08/EA_I107_210808_250828', '210808', '7540M114414', '1', '9', '3', '6', '0.00', '16440', '16440', '3.5', NULL, NULL, '2025-08-27 06:00:00', '0', '1', '1', '1', '2'),
(236, '7727M114499', 'archivos/LAISA/2025/08/EA_I107_228757_250829', '228757', '7727M114499', '1', '11', '3', '16', '0.00', '21430', '21430', '3.5', NULL, NULL, '2025-08-27 06:00:00', '0', '1', '1', '1', '2'),
(237, '7537M10151', 'archivos/LAISA/2025/08/EA_I107_102578_250828', '102578', '7537M10151', '1', '2', '29', '2', '0.00', '20118', '20118', '3.5', NULL, NULL, '2025-08-28 06:00:00', '0', '1', '1', '1', '2'),
(238, '7538M20827', 'archivos/LAISA/2025/08/EA_I107_184128_250829', '184128', '7538M20827', '1', '5', '28', '3', '0.00', '26090', '26090', '3.1', NULL, NULL, '2025-08-28 06:00:00', '0', '1', '1', '1', '2'),
(239, '7539M23736', NULL, NULL, '7539M23736', '1', '6', '3', '4', '0.00', '24730', '24730', '3.5', NULL, NULL, '2025-08-28 06:00:00', '0', '1', '1', '1', '2'),
(240, '7540M114416', 'archivos/LAISA/2025/08/EA_I107_210860_250829', '210860', '7540M114416', '1', '9', '3', '6', '0.00', '20880', '20880', '3.5', NULL, NULL, '2025-08-28 06:00:00', '0', '1', '1', '1', '2'),
(241, '7727M114503', NULL, NULL, '7727M114503', '1', '11', '3', '9', '0.00', '5760', '5760', '1', NULL, NULL, '2025-08-28 06:00:00', '0', '1', '1', '1', '2'),
(242, '7727M114505', 'archivos/LAISA/2025/08/EA_I107_228759_250829', '228759', '7727M114505', '1', '11', '3', '9', '0.00', '17860', '17860', '3.5', NULL, NULL, '2025-08-28 06:00:00', '0', '1', '1', '1', '2'),
(243, '7727M114506', 'archivos/LAISA/2025/08/EA_I107_228758_250829', '228758', '7727M114506', '1', '11', '3', '9', '0.00', '17840', '17840', '3.5', NULL, NULL, '2025-08-28 06:00:00', '0', '1', '1', '1', '2'),
(244, '7538M20837', 'archivos/LAISA/2025/08/EA_I107_184130_250829', '184130', '7538M20837', '1', '5', '3', '3', '0.00', '24320', '24320', '3.1', NULL, NULL, '2025-08-29 06:00:00', '0', '1', '1', '1', '2'),
(245, '7538M20840', 'archivos/LAISA/2025/09/EA_I107_184250_250904', '184250', '7538M20840', '1', '5', '3', '3', '0.00', '25950', '25950', '3.1', NULL, NULL, '2025-08-29 06:00:00', '0', '1', '1', '1', '2'),
(246, '7538M20833', 'archivos/LAISA/2025/08/EA_I107_184129_250829', '184129', '7538M20833', '1', '5', '3', '3', '0.00', '25740', '25740', '3.1', NULL, NULL, '2025-08-29 06:00:00', '0', '1', '1', '1', '2'),
(247, '7539M23739', NULL, NULL, '7539M23739', '1', '6', '3', '4', '0.00', '25020', '25020', '3.5', NULL, NULL, '2025-08-29 06:00:00', '0', '1', '1', '1', '2'),
(248, '7539M23740', NULL, NULL, '7539M23740', '1', '6', '3', '4', '0.00', '24340', '24340', '3.5', NULL, NULL, '2025-08-29 06:00:00', '0', '1', '1', '1', '2'),
(249, '148728', 'archivos/LAISA/2025/08/EA_I107_148728_250829', '148728', '148728', '1', '7', '3', '5', '0.00', '10330', '10330', '3.5', NULL, NULL, '2025-08-29 06:00:00', '0', '1', '1', '1', '2'),
(250, '7531M13495', NULL, NULL, '7531M13495', '1', '10', '3', '7', '0.00', '22850', '22850', '3.5', NULL, NULL, '2025-08-29 06:00:00', '0', '1', '1', '1', '2'),
(251, '7540M114417', NULL, NULL, '7540M114417', '1', '9', '3', '6', '0.00', '19740', '19740', '3.5', NULL, NULL, '2025-08-29 06:00:00', '0', '1', '1', '1', '2'),
(252, '7531M13496', NULL, NULL, '7531M13496', '1', '10', '3', '7', '0.00', '22150', '22150', '3.5', NULL, NULL, '2025-08-30 06:00:00', '0', '1', '1', '1', '2'),
(253, '7531M13497', NULL, NULL, '7531M13497', '1', '10', '3', '7', '0.00', '23370', '23370', '3.5', NULL, NULL, '2025-08-30 06:00:00', '0', '1', '1', '1', '2');

-- --------------------------------------------------------

--
-- Estructura de tabla para la tabla `direcciones`
--

CREATE TABLE `direcciones` (
  `id_direc` int NOT NULL,
  `id_us` varchar(255) DEFAULT NULL,
  `id_prov` varchar(255) DEFAULT NULL,
  `cod_al` varchar(255) DEFAULT NULL,
  `noma` varchar(255) DEFAULT NULL,
  `atencion` varchar(255) DEFAULT NULL,
  `calle` varchar(255) DEFAULT NULL,
  `c_postal` varchar(255) DEFAULT NULL,
  `numext` varchar(255) DEFAULT NULL,
  `numint` varchar(255) DEFAULT NULL,
  `pais` varchar(255) DEFAULT NULL,
  `estado` varchar(255) DEFAULT NULL,
  `mun` varchar(255) DEFAULT NULL,
  `colonia` varchar(255) DEFAULT NULL,
  `tel` varchar(255) DEFAULT NULL,
  `email` varchar(255) DEFAULT NULL,
  `obs` varchar(255) DEFAULT NULL,
  `status` varchar(255) DEFAULT '1'
) ENGINE=MyISAM DEFAULT CHARSET=utf8mb4 COLLATE=utf8mb4_0900_ai_ci;

--
-- Volcado de datos para la tabla `direcciones`
--

INSERT INTO `direcciones` (`id_direc`, `id_us`, `id_prov`, `cod_al`, `noma`, `atencion`, `calle`, `c_postal`, `numext`, `numint`, `pais`, `estado`, `mun`, `colonia`, `tel`, `email`, `obs`, `status`) VALUES
(1, NULL, '1', 'I-107CDJUA', 'CD JUAREZ', 'N/S', NULL, NULL, NULL, NULL, NULL, NULL, NULL, NULL, '55 5555 5555', 'ssilva@dexalapa.com.mx', '', '1'),
(2, NULL, '1', 'I-107GUA', 'GUADALAJARA', 'N/S', NULL, NULL, NULL, NULL, NULL, NULL, NULL, NULL, '55 5555 5555', 'ssilva@dexalapa.com.mx', '', '1'),
(3, NULL, '1', 'I-107APO', 'IP APODACA', 'N/S', NULL, NULL, NULL, NULL, NULL, NULL, NULL, NULL, '55 5555 5555', 'ssilva@dexalapa.com.mx', '', '1'),
(4, NULL, '1', 'I-107IXTAC', 'IXTACZOQUITLAN', 'N/S', NULL, NULL, NULL, NULL, NULL, NULL, NULL, NULL, '55 5555 5555', 'ssilva@dexalapa.com.mx', '', '1'),
(5, NULL, '1', 'I-107MOCH', 'LOS MOCHIS', 'N/S', NULL, NULL, NULL, NULL, NULL, NULL, NULL, NULL, '55 5555 5555', 'ssilva@dexalapa.com.mx', '', '1'),
(6, NULL, '1', 'I-107MTY', 'MONTERREY', 'N/S', NULL, NULL, NULL, NULL, NULL, NULL, NULL, NULL, '55 5555 5555', 'ssilva@dexalapa.com.mx', '', '1'),
(7, NULL, '1', 'I-107PUE', 'PUEBLA', 'N/S', NULL, NULL, NULL, NULL, NULL, NULL, NULL, NULL, '55 5555 5555', 'ssilva@dexalapa.com.mx', '', '1'),
(8, NULL, '1', 'I-107REY	', 'REYNOSA', 'N/S', NULL, NULL, NULL, NULL, NULL, NULL, NULL, NULL, '55 5555 5555', 'ssilva@dexalapa.com.mx', '', '1'),
(9, NULL, '1', 'I-107SNJI', 'SAN JOSE ITURBIDE', 'N/S', NULL, NULL, NULL, NULL, NULL, NULL, NULL, NULL, '55 5555 5555', 'ssilva@dexalapa.com.mx', '', '1'),
(10, NULL, '1', 'I-107SIL', 'SILAO', 'N/S', NULL, NULL, NULL, NULL, NULL, NULL, NULL, NULL, '55 5555 5555', 'ssilva@dexalapa.com.mx', '', '1'),
(11, NULL, '1', 'I-107TOL', 'TOLUCA', 'N/S', NULL, NULL, NULL, NULL, NULL, NULL, NULL, NULL, '55 5555 5555', 'ssilva@dexalapa.com.mx', '', '1'),
(12, '1', NULL, 'E002', 'EMPAQUES MODERNOS SAN PABLO', 'N/S', NULL, NULL, NULL, NULL, NULL, NULL, NULL, NULL, '55 5555 5555', '', '', '0'),
(13, '2', NULL, 'B001', 'BIO PAPPEL', 'N/S', NULL, NULL, NULL, NULL, NULL, NULL, NULL, NULL, '55 5555 5555', '', '', '1'),
(14, '3', NULL, 'P007', 'PAPELES ULTRA', 'N/S', NULL, NULL, NULL, NULL, NULL, NULL, NULL, NULL, '55 5555 5555', '', '', '1'),
(15, '4', NULL, 'S002', 'SMURFIT CARTON Y PAPEL DE MEXICO', 'N/S', NULL, NULL, NULL, NULL, NULL, NULL, NULL, NULL, '55 5555 5555', '', '', '1'),
(16, '5', NULL, 'P008', 'PAPELERA DEL NEVADO', 'N/S', NULL, NULL, NULL, NULL, NULL, NULL, NULL, NULL, '55 5555 5555', '', '', '1'),
(17, '6', NULL, 'D207', 'DISTRIBUIDORA DE EMPAQUES', 'N/S', NULL, NULL, NULL, NULL, NULL, NULL, NULL, NULL, '55 5555 5555', '', '', '1'),
(18, '7', NULL, 'E008', 'EMPAQUES MODERNOS SAN PABLO', 'N/S', NULL, NULL, NULL, NULL, NULL, NULL, NULL, NULL, '55 5555 5555', '', '', '1');

-- --------------------------------------------------------

--
-- Estructura de tabla para la tabla `precios`
--

CREATE TABLE `precios` (
  `id_precio` int NOT NULL,
  `id_prod` varchar(255) DEFAULT NULL,
  `precio` varchar(255) NOT NULL DEFAULT '0',
  `tipo` varchar(255) DEFAULT NULL,
  `fecha_ini` timestamp NOT NULL DEFAULT CURRENT_TIMESTAMP,
  `fecha_fin` timestamp NOT NULL DEFAULT CURRENT_TIMESTAMP,
  `origen` varchar(255) DEFAULT NULL,
  `destino` varchar(255) DEFAULT NULL,
  `conmin` varchar(255) DEFAULT NULL,
  `fecha` timestamp NOT NULL DEFAULT CURRENT_TIMESTAMP,
  `status` varchar(255) NOT NULL DEFAULT '1',
  `usuario` varchar(255) DEFAULT NULL
) ENGINE=MyISAM DEFAULT CHARSET=utf8mb4 COLLATE=utf8mb4_0900_ai_ci;

--
-- Volcado de datos para la tabla `precios`
--

INSERT INTO `precios` (`id_precio`, `id_prod`, `precio`, `tipo`, `fecha_ini`, `fecha_fin`, `origen`, `destino`, `conmin`, `fecha`, `status`, `usuario`) VALUES
(133, '3', '0', 'FV', '2025-01-01 06:00:00', '2025-12-31 06:00:00', '6', '18', '0', '2025-10-06 16:49:16', '1', '1'),
(132, '4', '3.50', 'c', '2025-09-16 06:00:00', '2025-11-15 06:00:00', NULL, '0', NULL, '2025-10-03 17:40:26', '1', '1'),
(131, '18', '1.2', 'v', '2025-09-16 06:00:00', '2025-11-15 06:00:00', NULL, '17', NULL, '2025-10-03 17:35:04', '1', '1'),
(20, '29', '15005', 'FV', '2025-01-01 06:00:00', '2025-12-31 06:00:00', '2', '13', '0', '2025-10-01 17:12:15', '1', '1'),
(19, '4', '7505', 'FV', '2025-01-01 06:00:00', '2025-12-31 06:00:00', '11', '18', '0', '2025-10-01 17:11:06', '1', '1'),
(130, '18', '1', 'c', '2025-09-16 06:00:00', '2025-11-15 06:00:00', NULL, '0', NULL, '2025-10-03 17:34:44', '1', '1'),
(129, '15', '1.20', 'v', '2025-09-16 06:00:00', '2025-11-15 06:00:00', NULL, '17', NULL, '2025-10-03 17:32:36', '1', '1'),
(10, '33', '1910', 'FT', '2025-09-01 06:00:00', '2025-09-23 06:00:00', '1', '13', '0', '2025-09-23 22:59:09', '0', '1'),
(11, '33', '1500', 'FT', '2025-09-01 06:00:00', '2025-09-23 06:00:00', '3', '17', '20', '2025-09-23 23:56:49', '0', '1'),
(12, '33', '1910', 'FT', '2025-01-01 06:00:00', '2025-12-31 06:00:00', '1', '13', '0', '2025-09-23 23:57:36', '0', '1'),
(13, '33', '8521', 'FV', '2025-09-01 06:00:00', '2025-09-23 06:00:00', '3', '13', '0', '2025-09-23 23:59:57', '0', '1'),
(14, '33', '1910', 'FT', '2025-09-01 06:00:00', '2025-09-30 06:00:00', '1', '18', '0', '2025-09-24 17:47:54', '0', '1'),
(128, '15', '1', 'c', '2025-09-16 06:00:00', '2025-11-15 06:00:00', NULL, '0', NULL, '2025-10-03 17:32:13', '1', '1'),
(127, '14', '1.2', 'v', '2025-09-16 06:00:00', '2025-11-15 06:00:00', NULL, '17', NULL, '2025-10-03 17:31:52', '1', '1'),
(17, '15', '1930', 'FT', '2025-01-01 06:00:00', '2025-12-31 06:00:00', '5', '14', '0', '2025-09-24 19:47:59', '1', '1'),
(18, '28', '1930.00', 'FT', '2025-01-01 06:00:00', '2025-12-31 06:00:00', '5', '14', '0', '2025-09-25 20:55:46', '1', '1'),
(21, '29', '15005', 'FV', '2025-01-01 06:00:00', '2025-12-31 06:00:00', '4', '13', '0', '2025-10-01 17:12:56', '1', '1'),
(22, '23', '660', 'FT', '2025-01-01 06:00:00', '2025-12-31 06:00:00', '10', '18', '0', '2025-10-01 17:13:47', '1', '1'),
(23, '31', '1930', 'FT', '2025-01-01 06:00:00', '2025-12-31 06:00:00', '5', '14', '0', '2025-10-01 17:14:59', '1', '1'),
(24, '30', '14350', 'FV', '2025-01-01 06:00:00', '2025-12-31 06:00:00', '4', '14', '0', '2025-10-01 17:15:43', '1', '1'),
(25, '30', '1930', 'FT', '2025-01-01 06:00:00', '2025-12-31 06:00:00', '5', '14', '0', '2025-10-01 17:16:17', '1', '1'),
(26, '27', '1930', 'FT', '2025-01-01 06:00:00', '2025-12-31 06:00:00', '5', '14', '0', '2025-10-01 17:17:06', '1', '1'),
(27, '3', '0', 'FV', '2025-01-01 06:00:00', '2025-12-31 06:00:00', '7', '15', '0', '2025-10-01 17:18:39', '1', '1'),
(28, '3', '0', 'FV', '2025-01-01 06:00:00', '2025-12-31 06:00:00', '9', '18', '0', '2025-10-01 17:20:44', '1', '1'),
(29, '3', '0', 'FV', '2025-01-01 06:00:00', '2025-12-31 06:00:00', '9', '17', '0', '2025-10-01 17:21:23', '1', '1'),
(30, '3', '0', 'FV', '2025-01-01 06:00:00', '2025-12-31 06:00:00', '11', '17', '0', '2025-10-01 17:21:48', '1', '1'),
(31, '22', '1930', 'FT', '2025-01-01 06:00:00', '2025-12-31 06:00:00', '5', '14', '0', '2025-10-01 17:22:42', '1', '1'),
(32, '22', '660', 'FT', '2025-01-01 06:00:00', '2025-12-31 06:00:00', '10', '18', '0', '2025-10-01 17:23:10', '1', '1'),
(33, '32', '1930', 'FT', '2025-01-01 06:00:00', '2025-12-31 06:00:00', '5', '14', '0', '2025-10-01 17:24:11', '1', '1'),
(34, '10', '14350', 'FV', '2025-01-01 06:00:00', '2025-12-31 06:00:00', '4', '14', '0', '2025-10-01 17:25:00', '1', '1'),
(35, '10', '1930', 'FT', '2025-01-01 06:00:00', '2025-12-31 06:00:00', '5', '14', '0', '2025-10-01 17:25:32', '1', '1'),
(36, '20', '1930', 'FT', '2025-01-01 06:00:00', '2025-12-31 06:00:00', '5', '14', '0', '2025-10-01 17:26:16', '1', '1'),
(37, '33', '1910.00', 'FT', '2025-01-01 06:00:00', '2025-12-31 06:00:00', '1', '18', '0', '2025-10-01 17:38:34', '1', '1'),
(126, '14', '1', 'c', '2025-09-16 06:00:00', '2025-11-15 06:00:00', NULL, '0', NULL, '2025-10-03 17:31:35', '1', '1'),
(125, '26', '1.2', 'v', '2025-09-16 06:00:00', '2025-11-15 06:00:00', NULL, '17', NULL, '2025-10-03 17:31:09', '1', '1'),
(124, '26', '1', 'c', '2025-09-16 06:00:00', '2025-11-15 06:00:00', NULL, '0', NULL, '2025-10-03 17:30:50', '1', '1'),
(123, '25', '1.2', 'v', '2025-09-16 06:00:00', '2025-11-15 06:00:00', NULL, '17', NULL, '2025-10-03 17:29:38', '1', '1'),
(122, '25', '1', 'c', '2025-09-16 06:00:00', '2025-11-15 06:00:00', NULL, '0', NULL, '2025-10-03 17:29:15', '1', '1'),
(121, '24', '1.2', 'v', '2025-09-16 06:00:00', '2025-11-15 06:00:00', NULL, '17', NULL, '2025-10-03 17:28:03', '1', '1'),
(120, '24', '1', 'c', '2025-09-16 06:00:00', '2025-11-15 06:00:00', NULL, '0', NULL, '2025-10-03 17:27:39', '1', '1'),
(119, '12', '1.20', 'v', '2025-09-16 06:00:00', '2025-11-15 06:00:00', NULL, '17', NULL, '2025-10-03 17:25:35', '1', '1'),
(118, '12', '1', 'c', '2025-09-16 06:00:00', '2025-11-15 06:00:00', NULL, '0', NULL, '2025-10-03 17:25:09', '1', '1'),
(117, '20', '5.3', 'v', '2025-09-16 06:00:00', '2025-11-15 06:00:00', NULL, '14', NULL, '2025-10-03 17:24:39', '1', '1'),
(116, '20', '5.29', 'v', '2025-09-16 06:00:00', '2025-11-15 06:00:00', NULL, '13', NULL, '2025-10-03 17:24:16', '1', '1'),
(115, '9', '3.7', 'v', '2025-09-16 06:00:00', '2025-11-15 06:00:00', NULL, '17', NULL, '2025-10-03 16:47:00', '1', '1'),
(114, '9', '5.37', 'v', '2025-09-16 06:00:00', '2025-11-15 06:00:00', NULL, '18', NULL, '2025-10-03 16:46:31', '1', '1'),
(113, '9', '5.4', 'v', '2025-09-16 06:00:00', '2025-11-15 06:00:00', NULL, '13', NULL, '2025-10-03 16:46:05', '1', '1'),
(112, '6', '4.6', 'v', '2025-09-16 06:00:00', '2025-11-15 06:00:00', NULL, '18', NULL, '2025-10-03 16:45:14', '1', '1'),
(111, '7', '5.39', 'v', '2025-09-16 06:00:00', '2025-11-15 06:00:00', NULL, '18', NULL, '2025-10-03 16:42:04', '1', '1'),
(110, '23', '3.7', 'v', '2025-09-16 06:00:00', '2025-11-15 06:00:00', NULL, '17', NULL, '2025-10-03 16:39:01', '1', '1'),
(109, '5', '3.88', 'v', '2025-09-16 06:00:00', '2025-11-15 06:00:00', NULL, '15', NULL, '2025-10-03 16:28:43', '1', '1'),
(108, '4', '4.5', 'v', '2025-09-16 06:00:00', '2025-11-15 06:00:00', NULL, '18', NULL, '2025-10-03 16:25:56', '1', '1'),
(107, '3', '5.3', 'v', '2025-09-16 06:00:00', '2025-11-15 06:00:00', NULL, '14', NULL, '2025-10-03 16:23:55', '1', '1'),
(106, '3', '5.53', 'v', '2025-09-16 06:00:00', '2025-11-15 06:00:00', NULL, '13', NULL, '2025-10-03 16:22:17', '1', '1'),
(105, '20', '1.2', 'v', '2025-09-16 06:00:00', '2025-10-15 06:00:00', NULL, '17', NULL, '2025-10-03 16:19:35', '0', '1'),
(104, '2', '5.29', 'v', '2025-09-16 06:00:00', '2025-11-15 06:00:00', NULL, '13', NULL, '2025-10-03 16:18:53', '1', '1'),
(103, '1', '5.58', 'v', '2025-09-16 06:00:00', '2025-11-15 06:00:00', NULL, '18', NULL, '2025-10-03 16:17:44', '1', '1'),
(102, '21', '3.7', 'v', '2025-09-16 06:00:00', '2025-11-15 06:00:00', NULL, '17', NULL, '2025-10-03 16:12:11', '1', '1'),
(101, '1', '3.1', 'c', '2025-09-16 06:00:00', '2025-11-15 06:00:00', NULL, NULL, NULL, '2025-10-02 16:48:16', '1', '1'),
(100, '3', '3.1', 'c', '2025-09-16 06:00:00', '2025-11-15 06:00:00', NULL, NULL, NULL, '2025-10-02 16:48:16', '1', '1'),
(99, '9', '3.5', 'c', '2025-09-16 06:00:00', '2025-11-15 06:00:00', NULL, NULL, NULL, '2025-10-02 16:45:57', '1', '1'),
(98, '6', '3.5', 'c', '2025-09-16 06:00:00', '2025-11-15 06:00:00', NULL, NULL, NULL, '2025-10-02 16:45:57', '1', '1'),
(97, '7', '3.5', 'c', '2025-09-16 06:00:00', '2025-11-15 06:00:00', NULL, NULL, NULL, '2025-10-02 16:45:57', '1', '1'),
(96, '22', '3.5', 'c', '2025-09-16 06:00:00', '2025-11-15 06:00:00', NULL, NULL, NULL, '2025-10-02 16:45:57', '1', '1'),
(95, '23', '3.5', 'c', '2025-09-16 06:00:00', '2025-11-15 06:00:00', NULL, NULL, NULL, '2025-10-02 16:45:57', '1', '1'),
(94, '5', '3.5', 'c', '2025-09-16 06:00:00', '2025-11-15 06:00:00', NULL, NULL, NULL, '2025-10-02 16:45:57', '1', '1'),
(93, '20', '3.5', 'c', '2025-09-16 06:00:00', '2025-11-15 06:00:00', NULL, NULL, NULL, '2025-10-02 16:45:57', '1', '1'),
(92, '2', '3.5', 'c', '2025-09-16 06:00:00', '2025-11-15 06:00:00', NULL, NULL, NULL, '2025-10-02 16:45:57', '1', '1'),
(91, '21', '3.5', 'c', '2025-09-16 06:00:00', '2025-11-15 06:00:00', NULL, NULL, NULL, '2025-10-02 16:45:57', '1', '1'),
(134, '4', '10500', 'FV', '2025-01-01 06:00:00', '2025-12-31 06:00:00', '11', '13', '0', '2025-10-06 23:56:36', '1', '1'),
(135, '3', '0', 'FV', '2025-01-01 06:00:00', '2025-12-31 06:00:00', '6', '17', '0', '2025-10-06 23:58:36', '1', '1'),
(136, '31', '14350', 'FV', '2025-01-01 06:00:00', '2025-12-31 06:00:00', '2', '14', '0', '2025-10-07 00:07:13', '0', '1'),
(137, '31', '14350', 'FT', '2025-01-01 06:00:00', '2025-12-31 06:00:00', '4', '14', '0', '2025-10-07 00:08:25', '0', '1'),
(138, '31', '14350', 'FV', '2025-01-01 06:00:00', '2025-12-31 06:00:00', '4', '14', '0', '2025-10-07 00:08:51', '1', '1'),
(139, '28', '1210', 'FT', '2025-01-01 06:00:00', '2025-12-31 06:00:00', '5', '13', '0', '2025-10-07 00:13:01', '1', '1'),
(140, '28', '1930', 'FT', '2025-01-01 06:00:00', '2025-12-31 06:00:00', '5', '18', '0', '2025-10-07 00:13:44', '1', '1'),
(141, '3', '0', 'FV', '2025-01-01 06:00:00', '2025-12-31 06:00:00', '4', '17', '0', '2025-10-16 15:48:47', '1', '1'),
(142, '4', '1210.00', 'FT', '2025-01-01 06:00:00', '2025-12-31 06:00:00', '5', '13', '0', '2025-10-16 16:49:32', '1', '1'),
(143, '29', '1210.00', 'FT', '2025-01-01 06:00:00', '2025-12-31 06:00:00', '5', '13', '0', '2025-10-16 16:50:58', '1', '1'),
(144, '31', '1210.00', 'FT', '2025-01-01 06:00:00', '2025-12-31 06:00:00', '5', '13', '0', '2025-10-16 16:51:27', '1', '1'),
(145, '30', '1210.00', 'FT', '2025-01-01 06:00:00', '2025-12-31 06:00:00', '5', '13', '0', '2025-10-16 16:51:50', '1', '1'),
(146, '22', '1210.00', 'FT', '2025-01-01 06:00:00', '2025-12-31 06:00:00', '5', '13', '0', '2025-10-16 16:52:24', '1', '1'),
(147, '10', '1210.00', 'FT', '2025-01-01 06:00:00', '2025-12-31 06:00:00', '5', '13', '0', '2025-10-16 16:52:46', '1', '1'),
(148, '33', '1210.00', 'FT', '2025-01-01 06:00:00', '2025-12-31 06:00:00', '5', '13', '0', '2025-10-16 16:53:02', '1', '1'),
(149, '23', '1210.00', 'FT', '2025-01-01 06:00:00', '2025-12-31 06:00:00', '5', '13', '0', '2025-10-16 16:53:20', '1', '1'),
(150, '27', '1210.00', 'FT', '2025-01-01 06:00:00', '2025-12-31 06:00:00', '5', '13', '0', '2025-10-16 16:53:40', '1', '1'),
(151, '32', '1210.00', 'FT', '2025-01-01 06:00:00', '2025-12-31 06:00:00', '5', '13', '0', '2025-10-16 16:53:57', '1', '1'),
(152, '15', '1210.00', 'FT', '2025-01-01 06:00:00', '2025-12-31 06:00:00', '5', '13', '0', '2025-10-16 16:54:19', '1', '1'),
(153, '20', '1210.00', 'FT', '2025-01-01 06:00:00', '2025-12-31 06:00:00', '5', '13', '0', '2025-10-16 16:54:39', '1', '1'),
(154, '3', '0', 'FV', '2025-01-01 06:00:00', '2025-12-31 06:00:00', '3', '17', '0', '2025-10-22 18:27:36', '1', '1'),
(155, '3', '0', 'FV', '2025-01-01 06:00:00', '2025-12-31 06:00:00', '8', '17', '0', '2025-10-22 18:28:39', '1', '1'),
(156, '15', '5.37', 'v', '2025-09-16 06:00:00', '2025-11-15 06:00:00', NULL, '18', NULL, '2025-10-22 18:33:15', '1', '1'),
(157, '12', '3.90', 'v', '2025-10-15 06:00:00', '2025-10-17 06:00:00', NULL, '17', NULL, '2025-10-22 18:42:57', '1', '1');

-- --------------------------------------------------------

--
-- Estructura de tabla para la tabla `productos`
--

CREATE TABLE `productos` (
  `id_prod` int NOT NULL,
  `nom_pro` varchar(255) DEFAULT NULL,
  `cod` varchar(255) DEFAULT NULL,
  `lin` varchar(255) DEFAULT NULL,
  `fecha` timestamp NOT NULL DEFAULT CURRENT_TIMESTAMP,
  `id_user` varchar(255) DEFAULT NULL,
  `status` varchar(255) NOT NULL DEFAULT '1',
  `zona` varchar(255) DEFAULT NULL
) ENGINE=MyISAM DEFAULT CHARSET=utf8mb4 COLLATE=utf8mb4_0900_ai_ci;

--
-- Volcado de datos para la tabla `productos`
--

INSERT INTO `productos` (`id_prod`, `nom_pro`, `cod`, `lin`, `fecha`, `id_user`, `status`, `zona`) VALUES
(1, 'DKL CD JUAREZ', '15DKLCDJUA', '15 DKL', '2025-07-29 06:05:00', '1', '1', '1'),
(2, 'DKL GUADALAJARA', '15DKLGUA', '15 DKL', '2025-07-29 06:06:19', '1', '1', '1'),
(3, 'DKL MOCHIS', '15DKLMOCH', '15 DKL', '2025-07-29 06:06:36', '1', '1', '1'),
(4, 'DKL MONTERREY', '15DKLMTY', '15 DKL', '2025-07-29 06:06:52', '1', '1', '1'),
(5, 'DKL PUEBLA', '15DKLPUE', '15 DKL', '2025-07-29 06:07:05', '1', '1', '1'),
(6, 'DKL SAN JOSE ITURBIDE', '15DKLSNJI', '15 DKL', '2025-07-29 06:07:17', '1', '1', '1'),
(7, 'DKL SILAO', '15DKLSIL', '15 DKL', '2025-07-29 06:07:28', '1', '1', '1'),
(8, 'DKL SILAO ENCERADO', '15DKLSILENC', '15 DKL', '2025-07-29 06:07:39', '1', '0', '1'),
(9, 'DKL TOLUCA', '15DKLTOL', '15 DKL', '2025-07-29 06:07:50', '1', '1', '1'),
(10, 'DKL XALAPA', '15DKLXAL', '15 DKL', '2025-07-29 06:11:59', '1', '1', '1'),
(11, 'DKL IXTAC EMPACADO PRE-CONSUMO', '15DKLIXTACEMPPC	', '15 DKL', '2025-07-29 06:12:16', '1', '0', '1'),
(12, 'DKL IXTAC GRANEL PRE-CONSUMO', '15DKLIXTACGPC', '15 DKL', '2025-07-29 06:13:25', '1', '1', '1'),
(13, 'DKL IXTAC RE-EMPACADO PRE-CONSUMO', '15DKLIXTACREPC', '15 DKL', '2025-07-29 06:13:37', '1', '0', '1'),
(14, 'DKL SAN JOSE IT. GRANEL PRE-CONSUMO', '15DKLSNJIGPC', '15 DKL', '2025-07-29 06:13:48', '1', '1', '1'),
(15, 'DKL TOLUCA GRANEL PRE-CONSUMO', '15DKLTOLGPC', '15 DKL', '2025-07-29 06:13:59', '1', '1', '1'),
(16, 'DKL TOLUCA PRE-CONSUMO', '15DKLTOLPC', '15 DKL', '2025-07-29 06:14:12', '1', '0', '1'),
(17, 'DKL MOCHIS PRE-CONSUMO', '15DKLMOCHPC', '15 DKL', '2025-07-29 06:14:25', '1', '0', '1'),
(18, 'DKL MOCHIS GRANEL PRE-CONSUMO', '15DKLMOCHGPC', '15 DKL', '2025-07-29 06:14:43', '1', '1', '1'),
(19, 'DKL MONTERREY PRE-CONSUMO', '15DKLMTYPC', '15 DKL', '2025-07-29 06:14:55', '1', '0', '1'),
(20, 'DKL IXTAC', '15DKLIXTAC', '15 DKL', '2025-09-04 04:59:26', '1', '1', '1'),
(21, 'DKL APODACA', '15DKLAPO', '15 DKL', '2025-10-02 16:26:53', '1', '1', '1'),
(22, 'DKL SANTA CATARINA', '15DKLSANCAT', '15 DKL', '2025-10-02 16:29:43', '1', '1', '1'),
(23, 'DKL REYNOSA', '15DKLREY', '15 DKL', '2025-10-02 16:30:20', '1', '1', '1'),
(24, 'DKL APODACA GRANEL PRE-CONSUMO', '15DKLAPOGPC', '15 DKL', '2025-10-03 17:27:20', '1', '1', '1'),
(25, 'DKL MONTERREY GRANEL PRE-CONSUMO', '15DKLMTYGPC', '15 DKL', '2025-10-03 17:28:57', '1', '1', '1'),
(26, 'DKL REYNOSA GRANEL PRE-CONSUMO', '15DKLREYGPC', '15 DKL', '2025-10-03 17:30:33', '1', '1', '1');

-- --------------------------------------------------------

--
-- Estructura de tabla para la tabla `producto_recole`
--

CREATE TABLE `producto_recole` (
  `id_prd_rec` int NOT NULL,
  `id_recol` varchar(255) DEFAULT NULL,
  `id_prod` varchar(255) DEFAULT NULL,
  `id_cprecio_c` varchar(255) DEFAULT NULL,
  `id_cprecio_v` varchar(255) DEFAULT NULL,
  `id_user` varchar(255) DEFAULT NULL,
  `fecha` timestamp NOT NULL DEFAULT CURRENT_TIMESTAMP,
  `status` varchar(255) NOT NULL DEFAULT '1'
) ENGINE=MyISAM DEFAULT CHARSET=utf8mb4 COLLATE=utf8mb4_0900_ai_ci;

--
-- Volcado de datos para la tabla `producto_recole`
--

INSERT INTO `producto_recole` (`id_prd_rec`, `id_recol`, `id_prod`, `id_cprecio_c`, `id_cprecio_v`, `id_user`, `fecha`, `status`) VALUES
(1, '1', '2', '92', '104', '4', '2025-10-06 16:00:01', '1'),
(2, '2', '7', '97', '111', '4', '2025-10-06 16:30:25', '1'),
(3, '3', '4', '132', '108', '4', '2025-10-06 16:50:25', '1'),
(4, '4', '6', '98', '112', '5', '2025-10-06 18:50:06', '1'),
(5, '5', '6', '98', '112', '5', '2025-10-06 19:04:14', '1'),
(6, '6', '6', '98', '112', '5', '2025-10-06 20:33:10', '1'),
(7, '7', '4', '132', '108', '5', '2025-10-06 20:46:48', '1'),
(8, '8', '14', '126', '127', '5', '2025-10-06 20:51:18', '1'),
(9, '9', '14', '126', '127', '5', '2025-10-06 20:53:58', '1'),
(10, '10', '9', '99', '115', '5', '2025-10-06 20:55:58', '1'),
(11, '11', '3', '100', '107', '5', '2025-10-06 21:28:48', '1'),
(12, '12', '7', '97', '111', '5', '2025-10-06 21:39:12', '1'),
(13, '13', '6', '98', '112', '5', '2025-10-06 21:41:29', '1'),
(14, '14', '6', '98', '112', '5', '2025-10-06 21:44:29', '1'),
(15, '15', '3', '100', '107', '4', '2025-10-06 23:08:45', '1'),
(16, '16', '2', '92', '104', '4', '2025-10-06 23:16:17', '1'),
(17, '17', '2', '92', '104', '4', '2025-10-06 23:17:43', '1'),
(18, '18', '7', '97', '111', '4', '2025-10-06 23:22:02', '1'),
(19, '19', '7', '97', '111', '4', '2025-10-06 23:23:48', '1'),
(20, '20', '7', '97', '111', '4', '2025-10-06 23:24:50', '1'),
(21, '21', '6', '98', '112', '4', '2025-10-06 23:26:08', '1'),
(22, '22', '6', '98', '112', '4', '2025-10-06 23:27:36', '1'),
(23, '23', '6', '98', '112', '4', '2025-10-06 23:28:51', '1'),
(24, '24', '6', '98', '112', '4', '2025-10-06 23:29:51', '1'),
(25, '25', '6', '98', '112', '4', '2025-10-06 23:31:09', '1'),
(26, '26', '6', '98', '112', '4', '2025-10-06 23:34:22', '1'),
(27, '27', '14', '126', '127', '4', '2025-10-06 23:38:04', '1'),
(28, '28', '12', '118', '119', '4', '2025-10-06 23:39:09', '1'),
(29, '29', '14', '126', '127', '4', '2025-10-06 23:40:01', '1'),
(30, '30', '3', '100', '106', '4', '2025-10-07 00:19:32', '1'),
(31, '31', '9', '99', '113', '4', '2025-10-07 00:20:39', '1'),
(32, '32', '9', '99', '113', '4', '2025-10-07 00:21:56', '1'),
(33, '33', '25', '122', '123', '4', '2025-10-07 00:23:41', '1'),
(34, '34', '9', '99', '113', '4', '2025-10-07 03:05:06', '1'),
(35, '35', '9', '99', '113', '4', '2025-10-07 03:07:36', '1'),
(36, '36', '9', '99', '113', '4', '2025-10-07 03:09:08', '1'),
(37, '37', '9', '99', '113', '4', '2025-10-07 03:10:13', '1'),
(38, '38', '9', '99', '115', '4', '2025-10-07 03:11:24', '1'),
(39, '39', '9', '99', '115', '4', '2025-10-07 03:12:17', '1'),
(40, '40', '9', '99', '115', '4', '2025-10-07 03:13:12', '1'),
(41, '41', '9', '99', '115', '4', '2025-10-07 03:14:14', '1'),
(42, '42', '15', '128', '129', '4', '2025-10-07 03:15:33', '1'),
(43, '43', '20', '93', '117', '4', '2025-10-07 03:17:48', '1'),
(44, '44', '6', '98', '112', '4', '2025-10-07 23:00:19', '1'),
(45, '45', '4', '132', '108', '4', '2025-10-07 23:02:19', '1'),
(46, '46', '4', '132', '108', '4', '2025-10-07 23:03:38', '1'),
(47, '47', '4', '132', '108', '4', '2025-10-07 23:05:18', '1'),
(48, '48', '4', '132', '108', '4', '2025-10-07 23:06:19', '1'),
(49, '49', '12', '118', '119', '5', '2025-10-17 01:07:49', '1'),
(50, '50', '3', '100', '106', '5', '2025-10-17 01:13:37', '1'),
(51, '51', '1', '101', '103', '5', '2025-10-17 01:17:26', '1'),
(52, '52', '3', '100', '106', '5', '2025-10-17 01:20:23', '1'),
(53, '53', '6', '98', '112', '5', '2025-10-17 01:23:12', '1'),
(54, '54', '6', '98', '112', '5', '2025-10-17 01:25:39', '1'),
(55, '55', '25', '122', '123', '5', '2025-10-17 01:31:06', '1'),
(56, '56', '9', '99', '115', '5', '2025-10-17 01:35:23', '1'),
(57, '57', '15', '128', '129', '5', '2025-10-17 01:35:23', '1'),
(58, '58', '14', '126', '127', '5', '2025-10-17 02:21:15', '1'),
(59, '59', '14', '126', '127', '5', '2025-10-17 02:29:45', '1'),
(60, '60', '14', '126', '127', '5', '2025-10-17 02:35:55', '1'),
(61, '61', '5', '94', '109', '5', '2025-10-17 02:38:51', '1'),
(62, '62', '14', '126', '127', '5', '2025-10-17 02:43:01', '1'),
(63, '63', '12', '118', '119', '5', '2025-10-17 02:45:43', '1'),
(64, '64', '12', '118', '157', '5', '2025-10-17 02:47:57', '1'),
(65, '65', '25', '122', '123', '5', '2025-10-17 02:55:33', '1'),
(66, '66', '15', '128', '129', '5', '2025-10-17 02:58:07', '1'),
(67, '67', '1', '101', '103', '5', '2025-10-17 03:01:06', '1'),
(68, '68', '2', '92', '104', '5', '2025-10-17 03:10:55', '1'),
(69, '69', '3', '100', '107', '5', '2025-10-17 03:13:24', '1'),
(70, '70', '3', '100', '107', '5', '2025-10-17 03:15:40', '1'),
(71, '71', '3', '100', '107', '5', '2025-10-17 03:17:23', '1'),
(72, '72', '3', '100', '107', '5', '2025-10-17 03:19:42', '1'),
(73, '73', '3', '100', '107', '5', '2025-10-17 03:34:32', '1'),
(74, '74', '3', '100', '107', '5', '2025-10-17 03:37:06', '1'),
(75, '75', '3', '100', '107', '5', '2025-10-17 03:39:02', '1'),
(76, '76', '3', '100', '107', '5', '2025-10-17 03:41:32', '1'),
(77, '77', '3', '100', '106', '5', '2025-10-17 03:43:56', '1'),
(78, '78', '3', '100', '106', '5', '2025-10-17 03:46:00', '1'),
(79, '79', '4', '132', '108', '5', '2025-10-17 03:47:36', '1'),
(80, '80', '4', '132', '108', '5', '2025-10-17 03:50:23', '1'),
(81, '81', '4', '132', '108', '5', '2025-10-17 03:52:10', '1'),
(82, '82', '4', '132', '108', '5', '2025-10-17 03:55:09', '1'),
(83, '83', '7', '97', '111', '5', '2025-10-17 04:00:59', '1'),
(84, '84', '7', '97', '111', '5', '2025-10-17 04:02:36', '1'),
(85, '85', '7', '97', '111', '5', '2025-10-17 04:05:22', '1'),
(86, '86', '7', '97', '111', '5', '2025-10-17 04:06:50', '1'),
(87, '87', '9', '99', '115', '5', '2025-10-17 04:08:35', '1'),
(88, '88', '9', '99', '115', '5', '2025-10-17 04:10:10', '1'),
(89, '89', '9', '99', '115', '5', '2025-10-17 04:11:34', '1'),
(90, '90', '15', '128', '156', '5', '2025-10-17 04:13:49', '1'),
(91, '91', '15', '128', '156', '5', '2025-10-17 04:17:02', '1'),
(92, '92', '9', '99', '113', '5', '2025-10-17 04:20:10', '1'),
(93, '93', '9', '99', '113', '5', '2025-10-17 04:21:22', '1'),
(94, '94', '2', '92', '104', '5', '2025-10-17 04:23:25', '1'),
(95, '95', '7', '97', '111', '5', '2025-10-17 04:25:17', '1'),
(96, '96', '7', '97', '111', '5', '2025-10-17 04:32:15', '1'),
(97, '97', '7', '97', '111', '5', '2025-10-17 04:34:35', '1'),
(98, '98', '6', '98', '112', '5', '2025-10-17 04:36:01', '1'),
(99, '99', '6', '98', '112', '5', '2025-10-17 04:38:34', '1'),
(100, '100', '6', '98', '112', '5', '2025-10-17 04:40:29', '1'),
(101, '101', '6', '98', '112', '5', '2025-10-17 04:41:57', '1'),
(102, '102', '6', '98', '112', '5', '2025-10-17 04:44:23', '1'),
(103, '103', '6', '98', '112', '5', '2025-10-17 04:45:43', '1'),
(104, '104', '6', '98', '112', '5', '2025-10-17 04:48:22', '1'),
(105, '105', '6', '98', '112', '5', '2025-10-17 04:49:57', '1'),
(106, '106', '9', '99', '115', '5', '2025-10-17 04:52:12', '1'),
(107, '107', '3', '100', '107', '5', '2025-10-17 04:54:14', '1'),
(108, '108', '5', '94', '109', '5', '2025-10-17 04:55:43', '1'),
(109, '109', '2', '92', '104', '5', '2025-10-17 04:57:30', '1'),
(110, '110', '2', '92', '104', '5', '2025-10-17 04:59:00', '1'),
(111, '111', '3', '100', '106', '5', '2025-10-17 05:15:31', '1'),
(112, '112', '9', '99', '113', '5', '2025-10-17 05:17:18', '1'),
(113, '113', '9', '99', '113', '5', '2025-10-17 05:18:59', '1'),
(114, '114', '9', '99', '113', '5', '2025-10-17 05:20:48', '1'),
(115, '115', '6', '98', '112', '5', '2025-10-17 05:22:18', '1'),
(116, '116', '6', '98', '112', '5', '2025-10-17 05:24:35', '1'),
(117, '117', '4', '132', '108', '5', '2025-10-17 05:26:48', '1'),
(118, '118', '4', '132', '108', '5', '2025-10-17 05:29:04', '1'),
(119, '119', '4', '132', '108', '5', '2025-10-17 05:30:37', '1'),
(120, '120', '15', '128', '156', '5', '2025-10-17 05:32:51', '1'),
(121, '121', '15', '128', '156', '5', '2025-10-17 05:35:30', '1'),
(122, '122', '9', '99', '115', '5', '2025-10-17 05:37:28', '1'),
(123, '123', '3', '100', '107', '5', '2025-10-17 05:40:07', '1'),
(124, '124', '3', '100', '107', '5', '2025-10-17 05:42:18', '1'),
(125, '125', '7', '97', '111', '5', '2025-10-17 21:56:24', '1'),
(126, '126', '7', '97', '111', '5', '2025-10-17 21:57:54', '1'),
(127, '127', '7', '97', '111', '5', '2025-10-17 21:59:15', '1'),
(128, '128', '6', '98', '112', '5', '2025-10-20 15:16:31', '1'),
(129, '129', '6', '98', '112', '5', '2025-10-20 15:18:02', '1'),
(130, '130', '3', '100', '107', '5', '2025-10-20 15:25:57', '1'),
(131, '131', '20', '93', '117', '5', '2025-10-20 15:28:04', '1'),
(132, '132', '20', '93', '117', '5', '2025-10-20 15:29:56', '1'),
(133, '133', '2', '92', '104', '5', '2025-10-20 15:31:44', '1'),
(134, '134', '3', '100', '106', '5', '2025-10-20 15:33:31', '1'),
(135, '135', '7', '97', '111', '5', '2025-10-20 15:38:04', '1'),
(136, '136', '7', '97', '111', '5', '2025-10-20 15:48:02', '1'),
(137, '137', '6', '98', '112', '5', '2025-10-20 15:49:25', '1'),
(138, '138', '6', '98', '112', '5', '2025-10-20 15:51:26', '1'),
(139, '139', '14', '126', '127', '5', '2025-10-20 15:52:53', '1'),
(140, '140', '9', '99', '115', '5', '2025-10-20 15:54:07', '1'),
(141, '141', '9', '99', '115', '5', '2025-10-20 15:56:08', '1'),
(142, '142', '7', '97', '111', '5', '2025-10-20 18:43:16', '1'),
(143, '143', '4', '132', '108', '5', '2025-10-20 18:45:47', '1'),
(144, '144', '4', '132', '108', '5', '2025-10-20 18:46:59', '1'),
(145, '145', '4', '132', '108', '5', '2025-10-20 18:48:20', '1'),
(146, '146', '4', '132', '108', '5', '2025-10-20 18:49:31', '1'),
(147, '147', '4', '132', '108', '5', '2025-10-20 18:50:36', '1'),
(148, '148', '9', '99', '115', '5', '2025-10-20 18:51:59', '1'),
(149, '149', '3', '100', '107', '5', '2025-10-20 18:53:52', '1'),
(150, '150', '3', '100', '107', '5', '2025-10-20 18:55:22', '1'),
(151, '151', '5', '94', '109', '5', '2025-10-20 18:56:47', '1'),
(152, '152', '25', '122', '123', '5', '2025-10-20 19:00:32', '1'),
(153, '153', '9', '99', '113', '5', '2025-10-22 14:43:13', '1'),
(154, '154', '9', '99', '113', '5', '2025-10-22 14:46:05', '1'),
(155, '155', '9', '99', '113', '5', '2025-10-22 14:47:49', '1'),
(156, '156', '7', '97', '111', '5', '2025-10-22 15:09:59', '1'),
(157, '157', '7', '97', '111', '5', '2025-10-22 15:12:33', '1'),
(158, '158', '6', '98', '112', '5', '2025-10-22 15:14:02', '1'),
(159, '159', '6', '98', '112', '5', '2025-10-22 15:15:28', '1'),
(160, '160', '6', '98', '112', '5', '2025-10-22 15:16:37', '1'),
(161, '161', '6', '98', '112', '5', '2025-10-22 15:17:55', '1'),
(162, '162', '6', '98', '112', '5', '2025-10-22 15:20:29', '1'),
(163, '163', '6', '98', '112', '5', '2025-10-22 15:22:02', '1'),
(164, '164', '6', '98', '112', '5', '2025-10-22 15:23:36', '1'),
(165, '165', '6', '98', '112', '5', '2025-10-22 15:27:04', '1'),
(166, '166', '6', '98', '112', '5', '2025-10-22 15:28:35', '1'),
(167, '167', '6', '98', '112', '5', '2025-10-22 15:30:37', '1'),
(168, '168', '4', '132', '108', '5', '2025-10-22 15:31:42', '1'),
(169, '169', '4', '132', '108', '5', '2025-10-22 15:33:33', '1'),
(170, '170', '4', '132', '108', '5', '2025-10-22 15:35:22', '1'),
(171, '171', '4', '132', '108', '5', '2025-10-22 15:36:42', '1'),
(172, '172', '4', '132', '108', '5', '2025-10-22 15:41:20', '1'),
(173, '173', '1', '101', '103', '5', '2025-10-22 15:43:00', '1'),
(174, '174', '1', '101', '103', '5', '2025-10-22 15:44:24', '1'),
(175, '175', '15', '128', '156', '5', '2025-10-22 15:46:56', '1'),
(176, '176', '15', '128', '156', '5', '2025-10-22 15:49:58', '1'),
(177, '177', '15', '128', '156', '5', '2025-10-22 15:51:08', '1'),
(178, '178', '15', '128', '156', '5', '2025-10-22 15:52:22', '1'),
(179, '179', '15', '128', '129', '5', '2025-10-22 15:54:36', '1'),
(180, '180', '9', '99', '115', '5', '2025-10-22 15:56:41', '1'),
(181, '181', '9', '99', '115', '5', '2025-10-22 15:59:06', '1'),
(182, '182', '15', '128', '129', '5', '2025-10-22 16:12:24', '1'),
(183, '183', '15', '128', '129', '5', '2025-10-22 16:13:44', '1'),
(184, '184', '14', '126', '127', '5', '2025-10-22 16:15:07', '1'),
(185, '185', '14', '126', '127', '5', '2025-10-22 16:16:05', '1'),
(186, '186', '3', '100', '107', '5', '2025-10-22 16:28:59', '1'),
(187, '187', '3', '100', '107', '5', '2025-10-22 16:30:33', '1'),
(188, '188', '3', '100', '107', '5', '2025-10-22 16:31:39', '1'),
(189, '189', '20', '93', '117', '5', '2025-10-22 16:35:06', '1'),
(190, '190', '5', '94', '109', '5', '2025-10-22 16:36:27', '1'),
(191, '191', '21', '91', '102', '5', '2025-10-23 18:26:55', '1'),
(192, '192', '24', '120', '121', '5', '2025-10-23 18:29:49', '1'),
(193, '193', '26', '124', '125', '5', '2025-10-23 18:33:25', '1'),
(194, '194', '24', '120', '121', '5', '2025-10-23 18:38:34', '1'),
(195, '195', '26', '124', '125', '5', '2025-10-23 18:40:39', '1'),
(196, '196', '21', '91', '102', '5', '2025-10-23 22:44:19', '1'),
(197, '197', '23', '95', '110', '5', '2025-10-23 22:46:14', '1'),
(198, '198', '26', '124', '125', '5', '2025-10-23 22:47:52', '1'),
(199, '199', '2', '92', '104', '5', '2025-10-24 02:50:17', '1'),
(200, '200', '14', '126', '127', '5', '2025-10-24 02:55:51', '1'),
(201, '201', '3', '100', '107', '5', '2025-10-24 03:22:26', '1'),
(202, '202', '3', '100', '107', '5', '2025-10-24 03:27:27', '1'),
(203, '203', '3', '100', '107', '5', '2025-10-24 03:32:24', '1'),
(204, '204', '3', '100', '107', '5', '2025-10-24 03:34:10', '1'),
(205, '205', '9', '99', '113', '5', '2025-10-24 03:35:46', '1'),
(206, '206', '9', '99', '113', '5', '2025-10-24 03:37:24', '1'),
(207, '207', '7', '97', '111', '5', '2025-10-24 03:39:05', '1'),
(208, '208', '1', '101', '103', '5', '2025-10-24 03:40:54', '1'),
(209, '209', '9', '99', '115', '5', '2025-10-24 03:45:29', '1'),
(210, '210', '9', '99', '115', '5', '2025-10-24 03:47:04', '1'),
(211, '211', '9', '99', '115', '5', '2025-10-24 03:48:34', '1'),
(212, '212', '3', '100', '107', '5', '2025-10-24 03:51:00', '1');

-- --------------------------------------------------------

--
-- Estructura de tabla para la tabla `proveedores`
--

CREATE TABLE `proveedores` (
  `id_prov` int NOT NULL,
  `nombre` varchar(255) DEFAULT NULL,
  `cod` varchar(255) DEFAULT NULL,
  `rs` varchar(255) DEFAULT NULL,
  `rfc` varchar(255) DEFAULT NULL,
  `c_contable` varchar(255) DEFAULT NULL,
  `tpersona` varchar(255) DEFAULT NULL,
  `tproveedor` varchar(255) DEFAULT NULL,
  `m_pago` varchar(255) DEFAULT NULL,
  `f_pago` varchar(255) DEFAULT NULL,
  `banco` varchar(255) DEFAULT NULL,
  `cfdi` varchar(255) DEFAULT NULL,
  `dir_a` varchar(255) DEFAULT NULL,
  `nom_cuenta` varchar(255) DEFAULT NULL,
  `con_pago` varchar(255) DEFAULT NULL,
  `obs` varchar(255) DEFAULT NULL,
  `fecha` timestamp NOT NULL DEFAULT CURRENT_TIMESTAMP,
  `id_user` varchar(255) DEFAULT NULL,
  `status` varchar(255) DEFAULT '1',
  `zona` varchar(255) DEFAULT NULL
) ENGINE=MyISAM DEFAULT CHARSET=utf8mb4 COLLATE=utf8mb4_0900_ai_ci;

--
-- Volcado de datos para la tabla `proveedores`
--

INSERT INTO `proveedores` (`id_prov`, `nombre`, `cod`, `rs`, `rfc`, `c_contable`, `tpersona`, `tproveedor`, `m_pago`, `f_pago`, `banco`, `cfdi`, `dir_a`, `nom_cuenta`, `con_pago`, `obs`, `fecha`, `id_user`, `status`, `zona`) VALUES
(1, 'IP', 'I-107', 'INTERNATIONAL PAPER MEXICO COMPANY', 'IPH140130GE7', NULL, 'moral', NULL, NULL, NULL, NULL, NULL, NULL, NULL, NULL, '', '2025-07-28 23:36:54', '1', '1', '1');

-- --------------------------------------------------------

--
-- Estructura de tabla para la tabla `recoleccion`
--

CREATE TABLE `recoleccion` (
  `id_recol` int NOT NULL,
  `folio` varchar(255) DEFAULT NULL,
  `fecha_r` timestamp NULL DEFAULT CURRENT_TIMESTAMP,
  `zona` varchar(255) DEFAULT NULL,
  `id_prov` varchar(255) DEFAULT NULL,
  `id_direc_prov` varchar(255) DEFAULT NULL,
  `id_transp` varchar(255) DEFAULT NULL,
  `pre_flete` varchar(255) DEFAULT NULL,
  `id_prd_rec` varchar(255) DEFAULT NULL,
  `id_cli` varchar(255) DEFAULT NULL,
  `id_direc_cli` varchar(255) DEFAULT NULL,
  `factura_v` varchar(255) DEFAULT NULL,
  `fecha_v` timestamp NOT NULL DEFAULT CURRENT_TIMESTAMP,
  `factus_v_corr` varchar(255) NOT NULL DEFAULT '0',
  `remision` varchar(255) DEFAULT NULL,
  `peso_prov` varchar(255) DEFAULT NULL,
  `factura_fle` varchar(255) DEFAULT NULL,
  `peso_fle` varchar(255) DEFAULT NULL,
  `placas_fle` varchar(255) DEFAULT NULL,
  `nom_fle` varchar(255) DEFAULT NULL,
  `tipo_fle` varchar(255) DEFAULT NULL,
  `factura_pro` varchar(255) DEFAULT NULL,
  `doc_pro` varchar(255) DEFAULT NULL,
  `d_f_p` varchar(255) DEFAULT NULL,
  `doc_fle` varchar(255) DEFAULT NULL,
  `d_f_f` varchar(255) DEFAULT NULL,
  `im_tras_inv` varchar(255) DEFAULT NULL,
  `im_rete_inv` varchar(255) DEFAULT NULL,
  `sub_tot_inv` varchar(255) DEFAULT NULL,
  `total_inv` varchar(255) DEFAULT NULL,
  `alias_inv_fle` varchar(255) DEFAULT NULL,
  `folio_inv_fle` varchar(255) DEFAULT NULL,
  `alias_inv_pro` varchar(255) DEFAULT NULL,
  `folio_inv_pro` varchar(255) DEFAULT NULL,
  `id_user` varchar(255) DEFAULT NULL,
  `status` varchar(255) NOT NULL DEFAULT '1',
  `acciones` varchar(255) DEFAULT '0',
  `ex` varchar(255) NOT NULL DEFAULT '0',
  `FacCexis` varchar(255) DEFAULT '0',
  `CRcomexis` varchar(255) NOT NULL DEFAULT '0',
  `FacFexis` varchar(255) NOT NULL DEFAULT '0',
  `CRfleexis` varchar(255) NOT NULL DEFAULT '0'
) ENGINE=MyISAM DEFAULT CHARSET=utf8mb4 COLLATE=utf8mb4_0900_ai_ci;

--
-- Volcado de datos para la tabla `recoleccion`
--

INSERT INTO `recoleccion` (`id_recol`, `folio`, `fecha_r`, `zona`, `id_prov`, `id_direc_prov`, `id_transp`, `pre_flete`, `id_prd_rec`, `id_cli`, `id_direc_cli`, `factura_v`, `fecha_v`, `factus_v_corr`, `remision`, `peso_prov`, `factura_fle`, `peso_fle`, `placas_fle`, `nom_fle`, `tipo_fle`, `factura_pro`, `doc_pro`, `d_f_p`, `doc_fle`, `d_f_f`, `im_tras_inv`, `im_rete_inv`, `sub_tot_inv`, `total_inv`, `alias_inv_fle`, `folio_inv_fle`, `alias_inv_pro`, `folio_inv_pro`, `id_user`, `status`, `acciones`, `ex`, `FacCexis`, `CRcomexis`, `FacFexis`, `CRfleexis`) VALUES
(1, '0001', '2025-10-06 06:00:00', '1', '1', '2', '29', '20', NULL, '2', '13', 'A32007', '2025-10-02 06:00:00', '1', '7537M10174', '19758', '984', '19758', NULL, NULL, NULL, '103020', 'archivos/LAISA/2025/10/103020IPH140130GE7', 'archivos/LAISA/2025/10/EA_I107_103020_251014', 'archivos/LAISA/2025/10/984BAOE511130TF1', 'archivos/LAISA/2025/10/EA_B186_984_251004', '2400.800', '600.200', '15005.000', '16805.600', 'LAISA', '18228', 'LAISA', '18266', '4', '1', '0', '0', '0', '0', '0', '0'),
(2, '0002', '2025-10-06 06:00:00', '1', '1', '10', '23', '22', NULL, '7', '18', 'A32008', '2025-10-02 06:00:00', '1', '7531M13537', '25160', '3735', '25160', NULL, NULL, NULL, '153319', 'archivos/LAISA/2025/10/153319IPH140130GE7', 'archivos/LAISA/2025/10/EA_I107_153319_251003', 'archivos/LAISA/2025/10/3735CTR030227FT5', 'archivos/LAISA/2025/10/EA_C600_3735_251004', '2656.900', '664.220', '16605.600', '18598.280', 'LAISA', '18225', 'LAISA', '18179', '4', '1', '0', '0', '0', '0', '0', '0'),
(48, '0048', '2025-10-07 06:00:00', '1', '1', '6', '3', '133', NULL, '7', '18', 'A32083', '2025-10-07 06:00:00', '1', '7539M23789', '24170', 'N/A', '24170.00', NULL, NULL, NULL, '304565', 'archivos/LAISA/2025/10/304565IPH140130GE7', 'archivos/LAISA/2025/10/EA_I107_304565_251010', NULL, NULL, NULL, NULL, NULL, NULL, NULL, NULL, 'LAISA', '18305', '4', '1', '0', '0', '0', '0', '0', '0'),
(3, '0003', '2025-10-06 06:00:00', '1', '1', '6', '3', '133', NULL, '7', '18', 'A32009', '2025-10-02 06:00:00', '1', '7539M23782', '23720', 'N/A', '23720', NULL, NULL, NULL, '304558', 'archivos/LAISA/2025/10/304558IPH140130GE7', 'archivos/LAISA/2025/10/EA_I107_304558_251010', NULL, NULL, NULL, NULL, NULL, NULL, NULL, NULL, 'LAISA', '18305', '4', '1', '0', '0', '0', '0', '0', '0'),
(4, '0004', '2025-10-06 06:00:00', '1', '1', '9', '3', '28', NULL, '7', '18', 'A32011', '2025-10-02 06:00:00', '1', '7540M114490', '20690', 'N/A', NULL, NULL, NULL, NULL, '212796', 'archivos/LAISA/2025/10/212796IPH140130GE7', 'archivos/LAISA/2025/10/EA_I107_212796_251015', NULL, NULL, NULL, NULL, NULL, NULL, NULL, NULL, 'LAISA', '18266', '5', '1', '0', '0', '0', '0', '0', '0'),
(5, '0005', '2025-10-06 06:00:00', '1', '1', '9', '3', '28', NULL, '7', '18', 'A32012', '2025-10-02 06:00:00', '1', '7540M114491', '21540', 'N/A', NULL, NULL, NULL, NULL, '212392', 'archivos/LAISA/2025/10/212392IPH140130GE7', 'archivos/LAISA/2025/10/EA_I107_212392_251006', NULL, NULL, NULL, NULL, NULL, NULL, NULL, NULL, 'LAISA', '18179', '5', '1', '0', '0', '0', '0', '0', '0'),
(6, '0006', '2025-10-06 06:00:00', '1', '1', '9', '3', '28', NULL, '7', '18', 'A32013', '2025-10-02 06:00:00', '1', '7540M114493', '19930', 'N/A', NULL, NULL, NULL, NULL, '212381', 'archivos/LAISA/2025/10/212381IPH140130GE7', 'archivos/LAISA/2025/10/EA_I107_212381_251006', NULL, NULL, NULL, NULL, NULL, NULL, NULL, NULL, 'LAISA', '18179', '5', '1', '0', '0', '0', '0', '0', '0'),
(7, '0007', '2025-10-06 06:00:00', '1', '1', '6', '3', '133', NULL, '7', '18', 'A32010', '2025-10-02 06:00:00', '1', '7539M23783', '23290', 'N/A', NULL, NULL, NULL, NULL, '304559', 'archivos/LAISA/2025/10/304559IPH140130GE7', 'archivos/LAISA/2025/10/EA_I107_304559_251010', NULL, NULL, NULL, NULL, NULL, NULL, NULL, NULL, 'LAISA', '18305', '5', '1', '0', '0', '0', '0', '0', '0'),
(8, '0008', '2025-10-06 06:00:00', '1', '1', '9', '3', '29', NULL, '6', '17', 'A32014', '2025-10-02 06:00:00', '1', '7540M114489', '6840', 'N/A', NULL, NULL, NULL, NULL, '212108', 'archivos/LAISA/2025/09/212108IPH140130GE7', 'archivos/LAISA/2025/09/EA_I107_212108_250930', NULL, NULL, NULL, NULL, NULL, NULL, NULL, NULL, 'LAISA', '18182', '5', '1', '0', '0', '0', '0', '0', '0'),
(9, '0009', '2025-10-06 06:00:00', '1', '1', '9', '3', '29', NULL, '6', '17', 'A32015', '2025-10-02 06:00:00', '1', '7540M114492', '6770', 'N/A', NULL, NULL, NULL, NULL, '212393', 'archivos/LAISA/2025/10/212393IPH140130GE7', 'archivos/LAISA/2025/10/EA_I107_212393_251006', NULL, NULL, NULL, NULL, NULL, NULL, NULL, NULL, 'LAISA', '18179', '5', '1', '0', '0', '0', '0', '0', '0'),
(10, '0010', '2025-10-06 06:00:00', '1', '1', '11', '3', '30', NULL, '6', '17', 'A32016', '2025-10-02 06:00:00', '1', '7727M114636', '21740', 'N/A', NULL, NULL, NULL, NULL, NULL, NULL, NULL, NULL, NULL, NULL, NULL, NULL, NULL, NULL, NULL, NULL, NULL, '5', '1', '0', '0', '0', '0', '0', '0'),
(11, '0011', '2025-10-06 06:00:00', '1', '1', '5', '28', '18', NULL, '3', '14', 'A32017', '2025-10-02 06:00:00', '1', '7538M20903', '26910', '20739', '26910', NULL, NULL, 'TRAILER', '185131', 'archivos/LAISA/2025/10/185131IPH140130GE7', '', 'archivos/LAISA/2025/10/20739DAPR5704074N1', 'archivos/LAISA/2025/10/EA_D227_20739_251006', '8309.810', '2077.450', '51936.300', '58168.660', 'LAISA', '18315', NULL, NULL, '5', '1', '0', '0', '0', '0', '0', '0'),
(12, '0012', '2025-10-06 06:00:00', '1', '1', '10', '23', '22', NULL, '7', '18', 'A32032', '2025-10-03 06:00:00', '1', '7531M13536', '24450', '3734', '24450', NULL, NULL, 'TRAILER', '153318', 'archivos/LAISA/2025/10/153318IPH140130GE7', 'archivos/LAISA/2025/10/EA_I107_153318_251003', 'archivos/LAISA/2025/10/3734CTR030227FT5', 'archivos/LAISA/2025/10/EA_C600_3734_251003', '2581.920', '645.480', '16137.000', '18073.440', 'LAISA', '18225', 'LAISA', '18179', '5', '1', '0', '0', '0', '0', '0', '0'),
(13, '0013', '2025-10-06 06:00:00', '1', '1', '9', '3', '28', NULL, '7', '18', 'A32033', '2025-10-03 06:00:00', '1', '7540M114498', '21460', 'N/A', NULL, NULL, NULL, NULL, '212394', 'archivos/LAISA/2025/10/212394IPH140130GE7', 'archivos/LAISA/2025/10/EA_I107_212394_251006', NULL, NULL, NULL, NULL, NULL, NULL, NULL, NULL, 'LAISA', '18179', '5', '1', '0', '0', '0', '0', '0', '0'),
(14, '0014', '2025-10-06 06:00:00', '1', '1', '9', '3', '28', NULL, '7', '18', 'A32034', '2025-10-03 06:00:00', '1', '7540M114499', '21550', 'N/A', NULL, NULL, NULL, NULL, '212395', 'archivos/LAISA/2025/10/212395IPH140130GE7', 'archivos/LAISA/2025/10/EA_I107_212395_251006', NULL, NULL, NULL, NULL, NULL, NULL, NULL, NULL, 'LAISA', '18179', '5', '1', '0', '0', '0', '0', '0', '0'),
(15, '0015', '2025-10-06 06:00:00', '1', '1', '5', '27', '26', NULL, '3', '14', 'A32037', '2025-10-03 06:00:00', '1', '7538M20902', '27170', NULL, '27170', NULL, NULL, 'TRAILER', '185128', 'archivos/LAISA/2025/10/185128IPH140130GE7', '', NULL, 'archivos/LAISA/2025/10/EA_H165_14982_251010', NULL, NULL, NULL, NULL, NULL, NULL, NULL, NULL, '4', '1', '0', '0', '0', '0', '1', '1'),
(16, '0016', '2025-10-06 06:00:00', '1', '1', '2', '29', '20', NULL, '2', '13', 'A32045', '2025-10-06 06:00:00', '1', '7537M10176', '19565 ', '985', '19565', NULL, NULL, 'TRAILER', '103021', 'archivos/LAISA/2025/10/103021IPH140130GE7', 'archivos/LAISA/2025/10/EA_I107_103021_251014', 'archivos/LAISA/2025/10/985BAOE511130TF1', 'archivos/LAISA/2025/10/EA_B186_985_251006', '2400.800', '600.200', '15005.000', '16805.600', NULL, NULL, 'LAISA', '18266', '4', '1', '0', '0', '0', '0', '0', '0'),
(17, '0017', '2025-10-06 06:00:00', '1', '1', '2', '29', '20', NULL, '2', '13', 'A32046', '2025-10-06 06:00:00', '1', '7537M10177', '19866', '986', '19866', NULL, NULL, 'TRAILER', '103022', 'archivos/LAISA/2025/10/103022IPH140130GE7', 'archivos/LAISA/2025/10/EA_I107_103022_251014', 'archivos/LAISA/2025/10/986BAOE511130TF1', 'archivos/LAISA/2025/10/EA_B186_986_251009', '2400.800', '600.200', '15005.000', '16805.600', 'LAISA', '18228', 'LAISA', '18266', '4', '1', '0', '0', '0', '0', '0', '0'),
(18, '0018', '2025-10-06 06:00:00', '1', '1', '10', '23', '22', NULL, '7', '18', 'A32051', '2025-10-06 06:00:00', '1', '7531M13538', '20900', '3736', '20900', NULL, NULL, 'TRAILER', '153467', 'archivos/LAISA/2025/10/153467IPH140130GE7', 'archivos/LAISA/2025/10/EA_I107_153467_251009', 'archivos/LAISA/2025/10/3736CTR030227FT5', 'archivos/LAISA/2025/10/EA_C600_3736_251004', '2207.040', '551.760', '13794.000', '15449.280', 'LAISA', '18225', 'LAISA', '18179', '4', '1', '0', '0', '0', '0', '0', '0'),
(19, '0019', '2025-10-06 06:00:00', '1', '1', '10', '23', '22', NULL, '7', '18', 'A32052', '2025-10-06 06:00:00', '1', '7531M13539', '23370', '3737', '23370', NULL, NULL, 'TRAILER', '153468', 'archivos/LAISA/2025/10/153468IPH140130GE7', 'archivos/LAISA/2025/10/EA_I107_153468_251009', 'archivos/LAISA/2025/10/3737CTR030227FT5', 'archivos/LAISA/2025/10/EA_C600_3737_251004', '2467.870', '616.970', '15424.200', '17275.100', 'LAISA', '18225', 'LAISA', '18179', '4', '1', '0', '0', '0', '0', '0', '0'),
(20, '0020', '2025-10-06 06:00:00', '1', '1', '10', '23', '22', NULL, '7', '18', 'A32053', '2025-10-06 06:00:00', '1', '7531M13540', '22900', '3744', '22900', NULL, NULL, 'TRAILER', '153469', 'archivos/LAISA/2025/10/153469IPH140130GE7', 'archivos/LAISA/2025/10/EA_I107_153469_251009', 'archivos/LAISA/2025/10/3744CTR030227FT5', 'archivos/LAISA/2025/10/EA_C600_3744_251007', '2418.240', '604.560', '15114.000', '16927.680', 'LAISA', '18225', 'LAISA', '18179', '4', '1', '0', '0', '0', '0', '0', '0'),
(21, '0021', '2025-10-06 06:00:00', '1', '1', '9', '3', '28', NULL, '7', '18', 'A32054', '2025-10-06 06:00:00', '1', '7540M114500', '19710', 'N/A', NULL, NULL, NULL, NULL, '212391', 'archivos/LAISA/2025/10/212391IPH140130GE7', 'archivos/LAISA/2025/10/EA_I107_212391_251006', NULL, NULL, NULL, NULL, NULL, NULL, NULL, NULL, 'LAISA', '18179', '4', '1', '0', '0', '0', '0', '0', '0'),
(22, '0022', '2025-10-06 06:00:00', '1', '1', '9', '3', '28', NULL, '7', '18', 'A32055', '2025-10-06 06:00:00', '1', '7540M114501', '21070', 'N/A', NULL, NULL, NULL, NULL, '212390', 'archivos/LAISA/2025/10/212390IPH140130GE7', 'archivos/LAISA/2025/10/EA_I107_212390_251006', NULL, NULL, NULL, NULL, NULL, NULL, NULL, NULL, 'LAISA', '18179', '4', '1', '0', '0', '0', '0', '0', '0'),
(23, '0023', '2025-10-06 06:00:00', '1', '1', '9', '3', '28', NULL, '7', '18', 'A32056', '2025-10-06 06:00:00', '1', '7540M114503', '20030', 'N/A', NULL, NULL, NULL, NULL, '212386', 'archivos/LAISA/2025/10/212386IPH140130GE7', 'archivos/LAISA/2025/10/EA_I107_212386_251006', NULL, NULL, NULL, NULL, NULL, NULL, NULL, NULL, 'LAISA', '18179', '4', '1', '0', '0', '0', '0', '0', '0'),
(24, '0024', '2025-10-06 06:00:00', '1', '1', '9', '3', '28', NULL, '7', '18', 'A32057', '2025-10-06 06:00:00', '1', '7540M114504', '21400', 'N/A', NULL, NULL, NULL, NULL, '212385', 'archivos/LAISA/2025/10/212385IPH140130GE7', 'archivos/LAISA/2025/10/EA_I107_212385_251006', NULL, NULL, NULL, NULL, NULL, NULL, NULL, NULL, 'LAISA', '18179', '4', '1', '0', '0', '0', '0', '0', '0'),
(25, '0025', '2025-10-06 06:00:00', '1', '1', '9', '3', '28', NULL, '7', '18', 'A32058', '2025-10-06 06:00:00', '1', '7540M114506', '25030', 'N/A', NULL, NULL, NULL, NULL, '212511', 'archivos/LAISA/2025/10/212511IPH140130GE7', 'archivos/LAISA/2025/10/EA_I107_212511_251008', NULL, NULL, NULL, NULL, NULL, NULL, NULL, NULL, 'LAISA', '18179', '4', '1', '0', '0', '0', '0', '0', '0'),
(26, '0026', '2025-10-06 06:00:00', '1', '1', '9', '3', '28', NULL, '7', '18', 'A32059', '2025-10-06 06:00:00', '1', '7540M114507', '21880', 'N/A', NULL, NULL, NULL, NULL, '212512', 'archivos/LAISA/2025/10/212512IPH140130GE7', 'archivos/LAISA/2025/10/EA_I107_212512_251008', NULL, NULL, NULL, NULL, NULL, NULL, NULL, NULL, 'LAISA', '18179', '4', '1', '0', '0', '0', '0', '0', '0'),
(27, '0027', '2025-10-06 06:00:00', '1', '1', '9', '3', '29', NULL, '6', '17', 'A32065', '2025-10-06 06:00:00', '1', '7540M114494', '8540', 'N/A', NULL, NULL, NULL, NULL, '212382', 'archivos/LAISA/2025/10/212382IPH140130GE7', 'archivos/LAISA/2025/10/EA_I107_212382_251006', NULL, NULL, NULL, NULL, NULL, NULL, NULL, NULL, 'LAISA', '18179', '4', '1', '0', '0', '0', '0', '0', '0'),
(28, '0028', '2025-10-06 06:00:00', '1', '1', '9', '3', '29', NULL, '6', '17', 'A32067', '2025-10-06 06:00:00', '1', '7540M114495', '8540', 'N/A', NULL, NULL, NULL, NULL, '212383', 'archivos/LAISA/2025/10/212383IPH140130GE7', 'archivos/LAISA/2025/10/EA_I107_212383_251006', NULL, NULL, NULL, NULL, NULL, NULL, NULL, NULL, 'LAISA', '18179', '4', '1', '0', '0', '0', '0', '0', '0'),
(29, '0029', '2025-10-06 06:00:00', '1', '1', '9', '3', '29', NULL, '6', '17', 'A32068', '2025-10-06 06:00:00', '1', '7540M114502', '16920', 'N/A', NULL, NULL, NULL, NULL, '212387', 'archivos/LAISA/2025/10/212387IPH140130GE7', 'archivos/LAISA/2025/10/EA_I107_212387_251006', NULL, NULL, NULL, NULL, NULL, NULL, NULL, NULL, 'LAISA', '18179', '4', '1', '0', '0', '0', '0', '0', '0'),
(30, '0030', '2025-10-06 06:00:00', '1', '1', '5', '28', '139', NULL, '2', '13', 'A32029', '2025-10-06 06:00:00', '1', '7538M20905', '26780', '20696', '26780', NULL, NULL, 'TRAILER', NULL, NULL, NULL, 'archivos/LAISA/2025/10/20696DAPR5704074N1', 'archivos/LAISA/2025/10/EA_D227_20696_251003', '5184.610', '1296.150', '32403.800', '36292.260', 'LAISA', '18315', NULL, NULL, '4', '1', '0', '0', '0', '0', '0', '0'),
(31, '0031', '2025-10-06 06:00:00', '1', '1', '11', '4', '134', NULL, '2', '13', 'A32030', '2025-10-03 06:00:00', '1', '7727M114624', '17840', '8900', '17840', NULL, NULL, 'TRAILER', NULL, NULL, NULL, 'archivos/LAISA/2025/10/8900AERR770225RC0', 'archivos/LAISA/2025/10/EA_A420_8900_251001', '1680.000', '420.000', '10500.000', '11760.000', 'LAISA', '18175', NULL, NULL, '4', '1', '0', '0', '0', '0', '0', '0'),
(32, '0032', '2025-10-06 06:00:00', '1', '1', '11', '4', '134', NULL, '2', '13', 'A32031', '2025-10-03 06:00:00', '1', '7727M114628', '17350', '8901', '17350', NULL, NULL, 'TRAILER', NULL, NULL, NULL, 'archivos/LAISA/2025/10/8901AERR770225RC0', 'archivos/LAISA/2025/10/EA_A420_8901_251001', '1680.000', '420.000', '10500.000', '11760.000', 'LAISA', '18175', NULL, NULL, '4', '1', '0', '0', '0', '0', '0', '0'),
(33, '0033', '2025-10-06 06:00:00', '1', '1', '6', '3', '135', NULL, '6', '17', 'A32036', '2025-10-03 06:00:00', '1', '17563-23774', '8190', 'N/A', NULL, NULL, NULL, NULL, NULL, NULL, NULL, NULL, NULL, NULL, NULL, NULL, NULL, NULL, NULL, NULL, NULL, '4', '1', '0', '0', '0', '0', '0', '0'),
(34, '0034', '2025-10-06 06:00:00', '1', '1', '11', '4', '134', NULL, '2', '13', 'A32047', '2025-10-06 06:00:00', '1', '7727M114645', '18160', '8905', '18160', NULL, NULL, 'TRAILER', '231635', 'archivos/LAISA/2025/10/231635IPH140130GE7', 'archivos/LAISA/2025/10/EA_I107_231635_251021', 'archivos/LAISA/2025/10/8905AERR770225RC0', 'archivos/LAISA/2025/10/EA_A420_8905_251001', '1680.000', '420.000', '10500.000', '11760.000', 'LAISA', '18175', 'LAISA', '18318', '4', '1', '0', '0', '0', '0', '0', '0'),
(35, '0035', '2025-10-06 06:00:00', '1', '1', '11', '4', '134', NULL, '2', '13', 'A32048', '2025-10-06 06:00:00', '1', '7727M114651', '18140', '8913', '18140', NULL, NULL, 'TRAILER', '231638', 'archivos/LAISA/2025/10/231638IPH140130GE7', 'archivos/LAISA/2025/10/EA_I107_231638_251021', 'archivos/LAISA/2025/10/8913AERR770225RC0', 'archivos/LAISA/2025/10/EA_A420_8913_251003', '1680.000', '420.000', '10500.000', '11760.000', 'LAISA', '18175', 'LAISA', '18318', '4', '1', '0', '0', '0', '0', '0', '0'),
(36, '0036', '2025-10-06 06:00:00', '1', '1', '11', '4', '134', NULL, '2', '13', 'A32049', '2025-10-06 06:00:00', '1', '7727M114652', '17710', '8911', '17710', NULL, NULL, 'TRAILER', '231639', 'archivos/LAISA/2025/10/231639IPH140130GE7', 'archivos/LAISA/2025/10/EA_I107_231639_251021', 'archivos/LAISA/2025/10/8911AERR770225RC0', 'archivos/LAISA/2025/10/EA_A420_8911_251003', '1680.000', '420.000', '10500.000', '11760.000', 'LAISA', '18175', 'LAISA', '18318', '4', '1', '0', '0', '0', '0', '0', '0'),
(37, '0037', '2025-10-06 06:00:00', '1', '1', '11', '4', '134', NULL, '2', '13', 'A32050', '2025-10-06 06:00:00', '1', '7727M114656', '17620', '8917', '17620', NULL, NULL, 'TRAILER', '231641', 'archivos/LAISA/2025/10/231641IPH140130GE7', 'archivos/LAISA/2025/10/EA_I107_231641_251021', 'archivos/LAISA/2025/10/8917AERR770225RC0', 'archivos/LAISA/2025/10/EA_A420_8917_251005', '1680.000', '420.000', '10500.000', '11760.000', 'LAISA', '18175', 'LAISA', '18318', '4', '1', '0', '0', '0', '0', '0', '0'),
(38, '0038', '2025-10-06 06:00:00', '1', '1', '11', '3', '30', NULL, '6', '17', 'A32060', '2025-10-06 06:00:00', '1', '7727M114639', '22890', 'N/A', NULL, NULL, NULL, NULL, '231632', 'archivos/LAISA/2025/10/231632IPH140130GE7', '', NULL, NULL, NULL, NULL, NULL, NULL, NULL, NULL, NULL, NULL, '4', '1', '0', '0', '0', '0', '0', '0'),
(39, '0039', '2025-10-06 06:00:00', '1', '1', '11', '3', '30', NULL, '6', '17', 'A32061', '2025-10-06 06:00:00', '1', '7727M114641', '22020', 'N/A', NULL, NULL, NULL, NULL, '231634', 'archivos/LAISA/2025/10/231634IPH140130GE7', 'archivos/LAISA/2025/10/EA_I107_231634_251021', NULL, NULL, NULL, NULL, NULL, NULL, NULL, NULL, 'LAISA', '18318', '4', '1', '0', '0', '0', '0', '0', '0'),
(40, '0040', '2025-10-06 06:00:00', '1', '1', '11', '3', '30', NULL, '6', '17', 'A32062', '2025-10-06 06:00:00', '1', '7727M114646', '21520', 'N/A', NULL, NULL, NULL, NULL, '231636', 'archivos/LAISA/2025/10/231636IPH140130GE7', 'archivos/LAISA/2025/10/EA_I107_231636_251021', NULL, NULL, NULL, NULL, NULL, NULL, NULL, NULL, 'LAISA', '18318', '4', '1', '0', '0', '0', '0', '0', '0'),
(41, '0041', '2025-10-06 06:00:00', '1', '1', '11', '3', '30', NULL, '6', '17', 'A32063', '2025-10-06 06:00:00', '1', '7727M114654', '22030', 'N/A', NULL, NULL, NULL, NULL, '231640', 'archivos/LAISA/2025/10/231640IPH140130GE7', '', NULL, NULL, NULL, NULL, NULL, NULL, NULL, NULL, NULL, NULL, '4', '1', '0', '0', '0', '0', '0', '0'),
(42, '0042', '2025-10-06 06:00:00', '1', '1', '11', '3', '30', NULL, '6', '17', 'A32064', '2025-10-06 06:00:00', '1', '7727M114640', '7540', 'N/A', NULL, NULL, NULL, NULL, '231633', 'archivos/LAISA/2025/10/231633IPH140130GE7', '', NULL, NULL, NULL, NULL, NULL, NULL, NULL, NULL, NULL, NULL, '4', '1', '0', '0', '0', '0', '0', '0'),
(43, '0043', '2025-10-06 06:00:00', '1', '1', '4', '31', '138', NULL, '3', '14', 'A32069', '2025-10-06 06:00:00', '1', '12017-172675', '20162', NULL, NULL, NULL, NULL, NULL, NULL, NULL, NULL, NULL, NULL, NULL, NULL, NULL, NULL, NULL, NULL, NULL, NULL, '4', '1', '0', '0', '0', '0', '0', '0'),
(44, '0044', '2025-10-07 06:00:00', '1', '1', '9', '3', '28', NULL, '7', '18', 'A32079', '2025-10-07 06:00:00', '1', '7540M114508', '19990', 'N/A', NULL, NULL, NULL, NULL, '212513', 'archivos/LAISA/2025/10/212513IPH140130GE7', 'archivos/LAISA/2025/10/EA_I107_212513_251008', NULL, NULL, NULL, NULL, NULL, NULL, NULL, NULL, 'LAISA', '18179', '4', '1', '0', '0', '0', '0', '0', '0'),
(45, '0045', '2025-10-07 06:00:00', '1', '1', '6', '3', '133', NULL, '7', '18', 'A32080', '2025-10-07 06:00:00', '1', '7539M23784', '23930', 'N/A', NULL, NULL, NULL, NULL, '304560', 'archivos/LAISA/2025/10/304560IPH140130GE7', 'archivos/LAISA/2025/10/EA_I107_304560_251010', NULL, NULL, NULL, NULL, NULL, NULL, NULL, NULL, 'LAISA', '18305', '4', '1', '0', '0', '0', '0', '0', '0'),
(46, '0046', '2025-10-07 06:00:00', '1', '1', '6', '3', '133', NULL, '7', '18', 'A32081', '2025-10-07 06:00:00', '1', '7539M23787', '24450', 'N/A', NULL, NULL, NULL, NULL, '304561', 'archivos/LAISA/2025/10/304561IPH140130GE7', 'archivos/LAISA/2025/10/EA_I107_304561_251010', NULL, NULL, NULL, NULL, NULL, NULL, NULL, NULL, 'LAISA', '18305', '4', '1', '0', '0', '0', '0', '0', '0'),
(47, '0047', '2025-10-07 06:00:00', '1', '1', '6', '3', '133', NULL, '7', '18', 'A32082', '2025-10-07 06:00:00', '1', '7539M23788', '23220', 'N/A', NULL, NULL, NULL, NULL, '304562', 'archivos/LAISA/2025/10/304562IPH140130GE7', 'archivos/LAISA/2025/10/EA_I107_304562_251010', NULL, NULL, NULL, NULL, NULL, NULL, NULL, NULL, 'LAISA', '18305', '4', '1', '0', '0', '0', '0', '0', '0'),
(49, '0049', '2025-10-16 06:00:00', '1', '1', '4', '3', '141', NULL, '6', '17', 'A32035', '2025-10-03 06:00:00', '1', '7526M15314', '6055', 'N/A', NULL, NULL, NULL, NULL, '173451', 'archivos/LAISA/2025/10/173451IPH140130GE7', 'archivos/LAISA/2025/10/EA_I107_173451_251020', NULL, NULL, NULL, NULL, NULL, NULL, NULL, NULL, NULL, NULL, '5', '1', '0', '0', '0', '0', '0', '0'),
(50, '0050', '2025-10-16 06:00:00', '1', '1', '5', '20', '153', NULL, '2', '13', 'A32078', '2025-10-07 06:00:00', '1', '7538M20924', '26020', '22473', '26020', NULL, NULL, 'TRAILER', '185136', 'archivos/LAISA/2025/10/185136IPH140130GE7', '', 'archivos/LAISA/2025/10/22473TMT930202335', 'archivos/LAISA/2025/10/EA_T237_22473_251006', '5037.470', '1259.370', '31484.200', '35262.300', 'LAISA', '18268', NULL, NULL, '5', '1', '0', '0', '0', '0', '0', '0'),
(51, '0051', '2025-10-16 06:00:00', '1', '1', '1', '33', '37', NULL, '7', '18', 'A32084', '2025-10-07 06:00:00', '1', '1499', '24352', '27006', '24352', NULL, NULL, NULL, NULL, NULL, NULL, 'archivos/LAISA/2025/10/27006ATR680120636', 'archivos/LAISA/2025/10/EA_A327_27006_251006', '7441.970', '1860.490', '46512.320', '52093.800', NULL, NULL, NULL, NULL, '5', '1', '0', '0', '0', '0', '0', '0'),
(52, '0052', '2025-10-16 06:00:00', '1', '1', '5', '28', '139', NULL, '2', '13', 'A32109', '2025-10-08 06:00:00', '1', '7538M20927', '24840', '20774', '24840', NULL, NULL, 'TRAILER', '185253', 'archivos/LAISA/2025/10/185253IPH140130GE7', 'archivos/LAISA/2025/10/EA_I107_185253_251010', 'archivos/LAISA/2025/10/20774DAPR5704074N1', 'archivos/LAISA/2025/10/EA_D227_20774_251007', '7670.590', '1917.650', '47941.200', '53694.140', 'LAISA', '18315', 'LAISA', '18305', '5', '1', '0', '0', '0', '0', '0', '0'),
(53, '0053', '2025-10-16 06:00:00', '1', '1', '9', '3', '28', NULL, '7', '18', 'A32110', '2025-10-08 06:00:00', '1', '7540M114509', '18900', 'N/A', NULL, NULL, NULL, NULL, '212514', 'archivos/LAISA/2025/10/212514IPH140130GE7', 'archivos/LAISA/2025/10/EA_I107_212514_251008', NULL, NULL, NULL, NULL, NULL, NULL, NULL, NULL, 'LAISA', '18179', '5', '1', '0', '0', '0', '0', '0', '0'),
(54, '0054', '2025-10-16 06:00:00', '1', '1', '9', '3', '28', NULL, '7', '18', 'A32111', '2025-10-08 06:00:00', '1', '7540M114510', '21240', 'N/A', NULL, NULL, NULL, NULL, '212515', 'archivos/LAISA/2025/10/212515IPH140130GE7', 'archivos/LAISA/2025/10/EA_I107_212515_251008', NULL, NULL, NULL, NULL, NULL, NULL, NULL, NULL, 'LAISA', '18179', '5', '1', '0', '0', '0', '0', '0', '0'),
(55, '0055', '2025-10-16 06:00:00', '1', '1', '6', '3', '135', NULL, '6', '17', 'A32113', '2025-10-08 06:00:00', '1', '31-567', '15377', 'N/A', NULL, NULL, NULL, NULL, NULL, NULL, NULL, NULL, NULL, NULL, NULL, NULL, NULL, NULL, NULL, NULL, NULL, '5', '1', '0', '0', '0', '0', '0', '0'),
(56, '0056', '2025-10-16 06:00:00', '1', '1', '11', '3', '30', NULL, '6', '17', 'A32117', '2025-10-08 06:00:00', '1', '7727M114657', '21840', 'N/A', NULL, NULL, NULL, NULL, '231642', 'archivos/LAISA/2025/10/231642IPH140130GE7', 'archivos/LAISA/2025/10/EA_I107_231642_251021', NULL, NULL, NULL, NULL, NULL, NULL, NULL, NULL, 'LAISA', '18318', '5', '1', '0', '0', '0', '0', '0', '0'),
(57, '0057', '2025-10-16 06:00:00', '1', '1', '11', '3', '30', NULL, '6', '17', 'A32116', '2025-10-08 06:00:00', '1', '7727M114647', '9340', 'N/A', NULL, NULL, NULL, NULL, '231637', 'archivos/LAISA/2025/10/231637IPH140130GE7', 'archivos/LAISA/2025/10/EA_I107_231637_251021', NULL, NULL, NULL, NULL, NULL, NULL, NULL, NULL, 'LAISA', '18318', '5', '1', '0', '0', '0', '0', '0', '0'),
(58, '0058', '2025-10-16 06:00:00', '1', '1', '9', '3', '29', NULL, '6', '17', 'A32118', '2025-10-08 06:00:00', '1', '7540M114334', '9900', 'N/A', NULL, NULL, NULL, NULL, NULL, NULL, NULL, NULL, NULL, NULL, NULL, NULL, NULL, NULL, NULL, NULL, NULL, '5', '1', '0', '0', '0', '0', '0', '0'),
(59, '0059', '2025-10-16 06:00:00', '1', '1', '9', '3', '29', NULL, '6', '17', 'A32119', '2025-10-08 06:00:00', '1', '7540M114333', '7430', 'N/A', NULL, NULL, NULL, NULL, NULL, NULL, NULL, NULL, NULL, NULL, NULL, NULL, NULL, NULL, NULL, NULL, NULL, '5', '1', '0', '0', '0', '0', '0', '0'),
(60, '0060', '2025-10-16 06:00:00', '1', '1', '9', '3', '29', NULL, '6', '17', 'A32120', '2025-10-08 06:00:00', '1', '7540M114505', '8000', 'N/A', NULL, NULL, NULL, NULL, '212384', 'archivos/LAISA/2025/10/212384IPH140130GE7', 'archivos/LAISA/2025/10/EA_I107_212384_251006', NULL, NULL, NULL, NULL, NULL, NULL, NULL, NULL, 'LAISA', '18179', '5', '1', '0', '0', '0', '0', '0', '0'),
(61, '0061', '2025-10-16 06:00:00', '1', '1', '7', '3', '27', NULL, '4', '15', 'A32121', '2025-10-08 06:00:00', '1', '149172', '11190', 'N/A', NULL, NULL, NULL, NULL, '149172', 'archivos/LAISA/2025/10/149172IPH140130GE7', 'archivos/LAISA/2025/10/EA_I107_149172_251008', NULL, NULL, NULL, NULL, NULL, NULL, NULL, NULL, 'LAISA', '18305', '5', '1', '0', '0', '0', '0', '0', '0'),
(62, '0062', '2025-10-16 06:00:00', '1', '1', '9', '3', '29', NULL, '6', '17', 'A32152', '2025-10-10 06:00:00', '1', '7540M114231,4242,4244.', '18260', 'N/A', NULL, NULL, NULL, NULL, NULL, NULL, NULL, NULL, NULL, NULL, NULL, NULL, NULL, NULL, NULL, NULL, NULL, '5', '1', '0', '0', '0', '0', '0', '0'),
(63, '0063', '2025-10-16 06:00:00', '1', '1', '4', '3', '141', NULL, '6', '17', 'A32153', '2025-10-10 06:00:00', '1', 'T97273 R3739', '11380', 'N/A', NULL, NULL, NULL, NULL, '173237', 'archivos/LAISA/2025/08/173237IPH140130GE7', '', NULL, NULL, NULL, NULL, NULL, NULL, NULL, NULL, 'LAISA', '17881', '5', '1', '0', '0', '0', '0', '0', '0'),
(64, '0064', '2025-10-16 06:00:00', '1', '1', '4', '3', '141', NULL, '6', '17', 'A32154', '2025-10-10 06:00:00', '1', '165941', '22420', 'N/A', NULL, NULL, NULL, NULL, NULL, NULL, NULL, NULL, NULL, NULL, NULL, NULL, NULL, NULL, NULL, NULL, NULL, '5', '1', '0', '0', '0', '0', '0', '0'),
(65, '0065', '2025-10-16 06:00:00', '1', '1', '6', '3', '135', NULL, '6', '17', 'A32155', '2025-10-10 06:00:00', '1', '7539M23425', '19830', 'N/A', NULL, NULL, NULL, NULL, NULL, NULL, NULL, NULL, NULL, NULL, NULL, NULL, NULL, NULL, NULL, NULL, NULL, '5', '1', '0', '0', '0', '0', '0', '0'),
(66, '0066', '2025-10-16 06:00:00', '1', '1', '11', '3', '30', NULL, '6', '17', 'A32158', '2025-10-10 06:00:00', '1', '7727M114281', '7230', 'N/A', NULL, NULL, NULL, NULL, NULL, NULL, NULL, NULL, NULL, NULL, NULL, NULL, NULL, NULL, NULL, NULL, NULL, '5', '1', '0', '0', '0', '0', '0', '0'),
(67, '0067', '2025-10-16 06:00:00', '1', '1', '1', '33', '37', NULL, '7', '18', 'A32162', '2025-10-10 06:00:00', '1', '1501', '25122', '27040', '25122', NULL, NULL, NULL, '489585', 'archivos/LAISA/2025/10/489585IPH140130GE7', 'archivos/LAISA/2025/10/EA_I107_489585_251009', 'archivos/LAISA/2025/10/27040ATR680120636', 'archivos/LAISA/2025/10/EA_A327_27040_251010', '7677.280', '1919.320', '47983.020', '53740.980', NULL, NULL, 'LAISA', '18266', '5', '1', '0', '0', '0', '0', '0', '0'),
(68, '0068', '2025-10-16 06:00:00', '1', '1', '2', '29', '20', NULL, '2', '13', 'A32144', '2025-10-10 06:00:00', '1', '7537M10178', '19585', '987', '19585', NULL, NULL, 'TRAILER', '103024', 'archivos/LAISA/2025/10/103024IPH140130GE7', 'archivos/LAISA/2025/10/EA_I107_103024_251014', 'archivos/LAISA/2025/10/987BAOE511130TF1', 'archivos/LAISA/2025/10/EA_B186_987_251012', '2400.800', '600.200', '15005.000', '16805.600', NULL, NULL, 'LAISA', '18266', '5', '1', '0', '0', '0', '0', '0', '0'),
(69, '0069', '2025-10-16 06:00:00', '1', '1', '5', '32', '33', NULL, '3', '14', 'A32173', '2025-10-10 06:00:00', '1', '7538M20909', '24010', '2215', '24010', NULL, NULL, 'TRAILER', '185132', 'archivos/LAISA/2025/10/185132IPH140130GE7', '', 'archivos/LAISA/2025/10/2215STN950927MK8', 'archivos/LAISA/2025/10/EA_S425_2215_251003', '7414.290', '1853.570', '46339.300', '51900.020', 'LAISA', '18313', NULL, NULL, '5', '1', '0', '0', '0', '0', '0', '0'),
(70, '0070', '2025-10-16 06:00:00', '1', '1', '5', '20', '36', NULL, '3', '14', 'A32174', '2025-10-10 06:00:00', '1', '7538M20913', '25970', '22480', '25970', NULL, NULL, 'TRAILER', '185133', 'archivos/LAISA/2025/10/185133IPH140130GE7', '', 'archivos/LAISA/2025/10/22480TMT930202335', 'archivos/LAISA/2025/10/EA_T237_22480_251007', '8019.540', '2004.880', '50122.100', '56136.760', 'LAISA', '18268', NULL, NULL, '5', '1', '0', '0', '0', '0', '0', '0'),
(71, '0071', '2025-10-16 06:00:00', '1', '1', '5', '28', '18', NULL, '3', '14', 'A32175', '2025-10-10 06:00:00', '1', '7538M20918', '24430', '20731', '24430', NULL, NULL, 'TRAILER', '185134', 'archivos/LAISA/2025/10/185134IPH140130GE7', '', 'archivos/LAISA/2025/10/20731DAPR5704074N1', 'archivos/LAISA/2025/10/EA_D227_20731_251004', '7543.980', '1886.000', '47149.900', '52807.880', 'LAISA', '18315', NULL, NULL, '5', '1', '0', '0', '0', '0', '0', '0'),
(72, '0072', '2025-10-16 06:00:00', '1', '1', '5', '28', '18', NULL, '3', '14', 'A32176', '2025-10-10 06:00:00', '1', '7538M20923', '25230', '20743', '25230', NULL, NULL, 'TRAILER', '185135', 'archivos/LAISA/2025/10/185135IPH140130GE7', 'archivos/LAISA/2025/10/EA_I107_185135_251008', 'archivos/LAISA/2025/10/20743DAPR5704074N1', 'archivos/LAISA/2025/10/EA_D227_20743_251006', '7791.020', '1947.760', '48693.900', '54537.160', 'LAISA', '18315', 'LAISA', '18266', '5', '1', '0', '0', '0', '0', '0', '0'),
(73, '0073', '2025-10-16 06:00:00', '1', '1', '5', '27', '26', NULL, '3', '14', 'A32177', '2025-10-10 06:00:00', '1', '7538M20926', '23690', '14981', '23690', NULL, NULL, 'TRAILER', '185252', 'archivos/LAISA/2025/10/185252IPH140130GE7', 'archivos/LAISA/2025/10/EA_I107_185252_251010', 'archivos/LAISA/2025/10/14981HEGM421018131', 'archivos/LAISA/2025/10/EA_H165_14981_251010', '7315.470', '1828.870', '45721.700', '51208.300', 'LAISA', '18221', 'LAISA', '18266', '5', '1', '0', '0', '0', '0', '0', '0'),
(74, '0074', '2025-10-16 06:00:00', '1', '1', '5', '22', '31', NULL, '3', '14', 'A32178', '2025-10-10 06:00:00', '1', '7538M20933', '24900', '2305', '24900', NULL, NULL, NULL, '185255', 'archivos/LAISA/2025/10/185255IPH140130GE7', 'archivos/LAISA/2025/10/EA_I107_185255_251010', 'archivos/LAISA/2025/10/2305SASJ520624QI8', 'archivos/LAISA/2025/10/EA_S409_2305_251009', '7689.120', '1922.280', '48057.000', '53823.840', 'LAISA', '18267', 'LAISA', '18305', '5', '1', '0', '0', '0', '0', '0', '0'),
(75, '0075', '2025-10-16 06:00:00', '1', '1', '5', '32', '33', NULL, '3', '14', 'A32179', '2025-10-10 06:00:00', '1', '7538M20934', '23410', '2223', '23410', NULL, NULL, NULL, '185256', 'archivos/LAISA/2025/10/185256IPH140130GE7', 'archivos/LAISA/2025/10/EA_I107_185256_251010', 'archivos/LAISA/2025/10/2223STN950927MK8', 'archivos/LAISA/2025/10/EA_S425_2223_251009', '7229.010', '1807.250', '45181.300', '50603.060', 'LAISA', '18269', 'LAISA', '18305', '5', '1', '0', '0', '0', '0', '0', '0'),
(76, '0076', '2025-10-16 06:00:00', '1', '1', '5', '28', '18', NULL, '3', '14', 'A32180', '2025-10-10 06:00:00', '1', '7538M20936', '25400', '20809', '25400', NULL, NULL, NULL, '185258', 'archivos/LAISA/2025/10/185258IPH140130GE7', 'archivos/LAISA/2025/10/EA_I107_185258_251010', 'archivos/LAISA/2025/10/20809DAPR5704074N1', 'archivos/LAISA/2025/10/EA_D227_20809_251010', '7843.520', '1960.880', '49022.000', '54904.640', NULL, NULL, 'LAISA', '18305', '5', '1', '0', '0', '0', '0', '0', '0'),
(77, '0077', '2025-10-16 06:00:00', '1', '1', '5', '28', '139', NULL, '2', '13', 'A32145', '2025-10-10 06:00:00', '1', '7538M20925', '24310', '20759', '24310', NULL, NULL, NULL, '185251', 'archivos/LAISA/2025/10/185251IPH140130GE7', 'archivos/LAISA/2025/10/EA_I107_185251_251010', 'archivos/LAISA/2025/10/20759DAPR5704074N1', 'archivos/LAISA/2025/10/EA_D227_20759_251007', '4706.420', '1176.600', '29415.100', '32944.920', 'LAISA', '18315', 'LAISA', '18266', '5', '1', '0', '0', '0', '0', '0', '0'),
(78, '0078', '2025-10-16 06:00:00', '1', '1', '5', '15', '152', NULL, '2', '13', 'A32146', '2025-10-10 06:00:00', '1', '7538M20929', '24830', '6234', '24830', NULL, NULL, NULL, '185254', 'archivos/LAISA/2025/10/185254IPH140130GE7', 'archivos/LAISA/2025/10/EA_I107_185254_251010', 'archivos/LAISA/2025/10/6234SIL210405VD1', 'archivos/LAISA/2025/10/EA_S421_6234_251008', '4807.090', '1201.770', '30044.300', '33649.620', 'LAISA', '18222', 'LAISA', '18305', '5', '1', '0', '0', '0', '0', '0', '0'),
(79, '0079', '2025-10-16 06:00:00', '1', '1', '6', '3', '133', NULL, '7', '18', 'A32163', '2025-10-10 06:00:00', '1', '7539M23790', '24250', 'N/A', NULL, NULL, NULL, NULL, '304566', 'archivos/LAISA/2025/10/304566IPH140130GE7', 'archivos/LAISA/2025/10/EA_I107_304566_251010', NULL, NULL, NULL, NULL, NULL, NULL, NULL, NULL, 'LAISA', '18305', '5', '1', '0', '0', '0', '0', '0', '0'),
(80, '0080', '2025-10-16 06:00:00', '1', '1', '6', '3', '133', NULL, '7', '18', 'A32164', '2025-10-10 06:00:00', '1', '7539M23791', '24000', 'N/A', NULL, NULL, NULL, NULL, '304567', 'archivos/LAISA/2025/10/304567IPH140130GE7', 'archivos/LAISA/2025/10/EA_I107_304567_251010', NULL, NULL, NULL, NULL, NULL, NULL, NULL, NULL, 'LAISA', '18305', '5', '1', '0', '0', '0', '0', '0', '0'),
(81, '0081', '2025-10-16 06:00:00', '1', '1', '6', '3', '133', NULL, '7', '18', 'A32165', '2025-10-10 06:00:00', '1', '7539M23792', '24650', 'N/A', NULL, NULL, NULL, NULL, '304568', 'archivos/LAISA/2025/10/304568IPH140130GE7', 'archivos/LAISA/2025/10/EA_I107_304568_251010', NULL, NULL, NULL, NULL, NULL, NULL, NULL, NULL, 'LAISA', '18305', '5', '1', '0', '0', '0', '0', '0', '0'),
(82, '0082', '2025-10-16 06:00:00', '1', '1', '6', '3', '133', NULL, '7', '18', 'A32166', '2025-10-10 06:00:00', '1', '7539M23794', '24810', 'N/A', NULL, NULL, NULL, NULL, '304569', 'archivos/LAISA/2025/10/304569IPH140130GE7', 'archivos/LAISA/2025/10/EA_I107_304569_251010', NULL, NULL, NULL, NULL, NULL, NULL, NULL, NULL, 'LAISA', '18305', '5', '1', '0', '0', '0', '0', '0', '0'),
(83, '0083', '2025-10-16 06:00:00', '1', '1', '10', '23', '22', NULL, '7', '18', 'A32167', '2025-10-10 06:00:00', '1', '7531M13541', '23940', '3745', '23940', NULL, NULL, NULL, '153495', 'archivos/LAISA/2025/10/153495IPH140130GE7', 'archivos/LAISA/2025/10/EA_I107_153495_251010', 'archivos/LAISA/2025/10/3745CTR030227FT5', 'archivos/LAISA/2025/10/EA_C600_3745_251007', '2528.060', '632.020', '15800.400', '17696.440', 'LAISA', '18225', 'LAISA', '18266', '5', '1', '0', '0', '0', '0', '0', '0'),
(84, '0084', '2025-10-16 06:00:00', '1', '1', '10', '23', '22', NULL, '7', '18', 'A32168', '2025-10-10 06:00:00', '1', '7531M13542', '23800', '3774', '23800', NULL, NULL, NULL, '153496', 'archivos/LAISA/2025/10/153496IPH140130GE7', 'archivos/LAISA/2025/10/EA_I107_153496_251010', 'archivos/LAISA/2025/10/3774CTR030227FT5', 'archivos/LAISA/2025/10/EA_C600_3774_251010', '2513.280', '628.320', '15708.000', '17592.960', 'LAISA', '18271', 'LAISA', '18266', '5', '1', '0', '0', '0', '0', '0', '0'),
(85, '0085', '2025-10-16 06:00:00', '1', '1', '10', '23', '22', NULL, '7', '18', 'A32169', '2025-10-10 06:00:00', '1', '7531M13545', '23790', '3783', '23790', NULL, NULL, NULL, '153498', 'archivos/LAISA/2025/10/153498IPH140130GE7', 'archivos/LAISA/2025/10/EA_I107_153498_251010', 'archivos/LAISA/2025/10/3783CTR030227FT5', 'archivos/LAISA/2025/10/EA_C600_3783_251013', '2512.220', '628.060', '15701.400', '17585.560', 'LAISA', '18271', 'LAISA', '18266', '5', '1', '0', '0', '0', '0', '0', '0'),
(86, '0086', '2025-10-16 06:00:00', '1', '1', '10', '23', '22', NULL, '7', '18', 'A32170', '2025-10-10 06:00:00', '1', '7531M13548', '25990', '3775', '25990', NULL, NULL, NULL, '153499', 'archivos/LAISA/2025/10/153499IPH140130GE7', 'archivos/LAISA/2025/10/EA_I107_153499_251010', 'archivos/LAISA/2025/10/3775CTR030227FT5', 'archivos/LAISA/2025/10/EA_C600_3775_251010', '2744.540', '686.140', '17153.400', '19211.800', 'LAISA', '18271', 'LAISA', '18266', '5', '1', '0', '0', '0', '0', '0', '0'),
(87, '0087', '2025-10-16 06:00:00', '1', '1', '11', '3', '30', NULL, '6', '17', 'A32159', '2025-10-10 06:00:00', '1', '7727M114661', '21460', 'N/A', NULL, NULL, NULL, NULL, '231643', 'archivos/LAISA/2025/10/231643IPH140130GE7', 'archivos/LAISA/2025/10/EA_I107_231643_251021', NULL, NULL, NULL, NULL, NULL, NULL, NULL, NULL, 'LAISA', '18318', '5', '1', '0', '0', '0', '0', '0', '0'),
(88, '0088', '2025-10-16 06:00:00', '1', '1', '11', '3', '30', NULL, '6', '17', 'A32160', '2025-10-10 06:00:00', '1', '7727M114662', '21300', 'N/A', NULL, NULL, NULL, NULL, '231644', 'archivos/LAISA/2025/10/231644IPH140130GE7', 'archivos/LAISA/2025/10/EA_I107_231644_251021', NULL, NULL, NULL, NULL, NULL, NULL, NULL, NULL, 'LAISA', '18318', '5', '1', '0', '0', '0', '0', '0', '0'),
(89, '0089', '2025-10-16 06:00:00', '1', '1', '11', '3', '30', NULL, '6', '17', 'A32161', '2025-10-10 06:00:00', '1', '7727M114664', '22280', 'N/A', NULL, NULL, NULL, NULL, '231645', 'archivos/LAISA/2025/10/231645IPH140130GE7', 'archivos/LAISA/2025/10/EA_I107_231645_251021', NULL, NULL, NULL, NULL, NULL, NULL, NULL, NULL, 'LAISA', '18318', '5', '1', '0', '0', '0', '0', '0', '0'),
(90, '0090', '2025-10-16 06:00:00', '1', '1', '11', '4', '19', NULL, '7', '18', 'A32171', '2025-10-10 06:00:00', '1', '7727M114668', '9500', '8932', '9500', NULL, NULL, NULL, '231647', 'archivos/LAISA/2025/10/231647IPH140130GE7', 'archivos/LAISA/2025/10/EA_I107_231647_251021', 'archivos/LAISA/2025/10/8932AERR770225RC0', 'archivos/LAISA/2025/10/EA_A420_8932_251009', '1200.800', '300.200', '7505.000', '8405.600', 'LAISA', '18311', 'LAISA', '18318', '5', '1', '0', '0', '0', '0', '0', '0'),
(91, '0091', '2025-10-16 06:00:00', '1', '1', '11', '4', '19', NULL, '7', '18', 'A32172', '2025-10-10 06:00:00', '1', '7727M114670', '9340', '8933', '9340', NULL, NULL, NULL, '231648', 'archivos/LAISA/2025/10/231648IPH140130GE7', 'archivos/LAISA/2025/10/EA_I107_231648_251021', 'archivos/LAISA/2025/10/8933AERR770225RC0', 'archivos/LAISA/2025/10/EA_A420_8933_251009', '1200.800', '300.200', '7505.000', '8405.600', 'LAISA', '18311', 'LAISA', '18318', '5', '1', '0', '0', '0', '0', '0', '0'),
(92, '0092', '2025-10-16 06:00:00', '1', '1', '11', '4', '134', NULL, '2', '13', 'A32147', '2025-10-10 06:00:00', '1', '7727M114665', '18300', '8928', '18300', NULL, NULL, NULL, '231646', 'archivos/LAISA/2025/10/231646IPH140130GE7', 'archivos/LAISA/2025/10/EA_I107_231646_251021', 'archivos/LAISA/2025/10/8928AERR770225RC0', 'archivos/LAISA/2025/10/EA_A420_8928_251008', '1680.000', '420.000', '10500.000', '11760.000', 'LAISA', '18311', 'LAISA', '18318', '5', '1', '0', '0', '0', '0', '0', '0'),
(93, '0093', '2025-10-16 06:00:00', '1', '1', '11', '4', '134', NULL, '2', '13', 'A32148', '2025-10-10 06:00:00', '1', '7727M114674', '18390', '8935', '18390', NULL, NULL, NULL, '231649', 'archivos/LAISA/2025/10/231649IPH140130GE7', 'archivos/LAISA/2025/10/EA_I107_231649_251021', 'archivos/LAISA/2025/10/8935AERR770225RC0', 'archivos/LAISA/2025/10/EA_A420_8935_251010', '1680.000', '420.000', '10500.000', '11760.000', 'LAISA', '18311', 'LAISA', '18318', '5', '1', '0', '0', '0', '0', '0', '0'),
(94, '0094', '2025-10-16 06:00:00', '1', '1', '2', '29', '20', NULL, '2', '13', 'A32203', '2025-10-13 06:00:00', '1', '7537M10179', '19757', NULL, NULL, NULL, NULL, NULL, '103025', 'archivos/LAISA/2025/10/103025IPH140130GE7', 'archivos/LAISA/2025/10/EA_I107_103025_251014', NULL, NULL, NULL, NULL, NULL, NULL, NULL, NULL, 'LAISA', '18266', '5', '1', '0', '0', '0', '0', '0', '0'),
(95, '0095', '2025-10-16 06:00:00', '1', '1', '10', '23', '22', NULL, '7', '18', 'A32204', '2025-10-13 06:00:00', '1', '7531M13553', '22700', '3784', '22700', NULL, NULL, NULL, '153562', 'archivos/LAISA/2025/10/153562IPH140130GE7', 'archivos/LAISA/2025/10/EA_I107_153562_251013', 'archivos/LAISA/2025/10/3784CTR030227FT5', 'archivos/LAISA/2025/10/EA_C600_3784_251013', '2397.120', '599.280', '14982.000', '16779.840', 'LAISA', '18271', 'LAISA', '18305', '5', '1', '0', '0', '0', '0', '0', '0'),
(96, '0096', '2025-10-16 06:00:00', '1', '1', '10', '23', '22', NULL, '7', '18', 'A32205', '2025-10-13 06:00:00', '1', '7531M13554', '23490', '3785', '23490', NULL, NULL, NULL, '153563', 'archivos/LAISA/2025/10/153563IPH140130GE7', 'archivos/LAISA/2025/10/EA_I107_153563_251013', 'archivos/LAISA/2025/10/3785CTR030227FT5', 'archivos/LAISA/2025/10/EA_C600_3785_251013', '2480.540', '620.140', '15503.400', '17363.800', 'LAISA', '18271', 'LAISA', '18305', '5', '1', '0', '0', '0', '0', '0', '0'),
(97, '0097', '2025-10-16 06:00:00', '1', '1', '10', '23', '22', NULL, '7', '18', 'A32206', '2025-10-13 06:00:00', '1', '7531M13555', '22840', '3831', '22840', NULL, NULL, NULL, '153564', 'archivos/LAISA/2025/10/153564IPH140130GE7', 'archivos/LAISA/2025/10/EA_I107_153564_251013', 'archivos/LAISA/2025/10/3831CTR030227FT5', 'archivos/LAISA/2025/10/EA_C600_3831_251021', '2411.900', '602.980', '15074.400', '16883.320', NULL, NULL, 'LAISA', '18305', '5', '1', '0', '0', '0', '0', '0', '0'),
(98, '0098', '2025-10-16 06:00:00', '1', '1', '9', '3', '28', NULL, '7', '18', 'A32207', '2025-10-13 06:00:00', '1', '7540M114511', '21530', 'N/A', NULL, NULL, NULL, NULL, '212566', 'archivos/LAISA/2025/10/212566IPH140130GE7', 'archivos/LAISA/2025/10/EA_I107_212566_251009', NULL, NULL, NULL, NULL, NULL, NULL, NULL, NULL, 'LAISA', '18266', '5', '1', '0', '0', '0', '0', '0', '0'),
(99, '0099', '2025-10-16 06:00:00', '1', '1', '9', '3', '28', NULL, '7', '18', 'A32208', '2025-10-13 06:00:00', '1', '7540M114512', '20800', 'N/A', NULL, NULL, NULL, NULL, '212567', 'archivos/LAISA/2025/10/212567IPH140130GE7', 'archivos/LAISA/2025/10/EA_I107_212567_251009', NULL, NULL, NULL, NULL, NULL, NULL, NULL, NULL, NULL, NULL, '5', '1', '0', '0', '0', '0', '0', '0'),
(100, '0100', '2025-10-16 06:00:00', '1', '1', '9', '3', '28', NULL, '7', '18', 'A32209', '2025-10-13 06:00:00', '1', '7540M114513', '21660', 'N/A', NULL, NULL, NULL, NULL, '212606', 'archivos/LAISA/2025/10/212606IPH140130GE7', 'archivos/LAISA/2025/10/EA_I107_212606_251010', NULL, NULL, NULL, NULL, NULL, NULL, NULL, NULL, 'LAISA', '18266', '5', '1', '0', '0', '0', '0', '0', '0'),
(101, '0101', '2025-10-16 06:00:00', '1', '1', '9', '3', '28', NULL, '7', '18', 'A32210', '2025-10-13 06:00:00', '1', '7540M114515', '19530', 'N/A', NULL, NULL, NULL, NULL, '212607', 'archivos/LAISA/2025/10/212607IPH140130GE7', 'archivos/LAISA/2025/10/EA_I107_212607_251010', NULL, NULL, NULL, NULL, NULL, NULL, NULL, NULL, 'LAISA', '18266', '5', '1', '0', '0', '0', '0', '0', '0'),
(102, '0102', '2025-10-16 06:00:00', '1', '1', '9', '3', '28', NULL, '7', '18', 'A32211', '2025-10-13 06:00:00', '1', '7540M114516', '21010', 'N/A', NULL, NULL, NULL, NULL, '212700', 'archivos/LAISA/2025/10/212700IPH140130GE7', 'archivos/LAISA/2025/10/EA_I107_212700_251013', NULL, NULL, NULL, NULL, NULL, NULL, NULL, NULL, 'LAISA', '18266', '5', '1', '0', '0', '0', '0', '0', '0'),
(103, '0103', '2025-10-16 06:00:00', '1', '1', '9', '3', '28', NULL, '7', '18', 'A32212', '2025-10-13 06:00:00', '1', '7540M114517', '21020', 'N/A', NULL, NULL, NULL, NULL, '212701', 'archivos/LAISA/2025/10/212701IPH140130GE7', 'archivos/LAISA/2025/10/EA_I107_212701_251013', NULL, NULL, NULL, NULL, NULL, NULL, NULL, NULL, 'LAISA', '18266', '5', '1', '0', '0', '0', '0', '0', '0'),
(104, '0104', '2025-10-16 06:00:00', '1', '1', '9', '3', '28', NULL, '7', '18', 'A32213', '2025-10-13 06:00:00', '1', '7540M114518', '20580', 'N/A', NULL, NULL, NULL, NULL, '212702', 'archivos/LAISA/2025/10/212702IPH140130GE7', 'archivos/LAISA/2025/10/EA_I107_212702_251013', NULL, NULL, NULL, NULL, NULL, NULL, NULL, NULL, 'LAISA', '18266', '5', '1', '0', '0', '0', '0', '0', '0'),
(105, '0105', '2025-10-16 06:00:00', '1', '1', '9', '3', '28', NULL, '7', '18', 'A32214', '2025-10-13 06:00:00', '1', '7540M114519', '20170', 'N/A', NULL, NULL, NULL, NULL, '212703', 'archivos/LAISA/2025/10/212703IPH140130GE7', 'archivos/LAISA/2025/10/EA_I107_212703_251013', NULL, NULL, NULL, NULL, NULL, NULL, NULL, NULL, 'LAISA', '18266', '5', '1', '0', '0', '0', '0', '0', '0'),
(106, '0106', '2025-10-16 06:00:00', '1', '1', '11', '3', '30', NULL, '6', '17', 'A32215', '2025-10-13 06:00:00', '1', '7727M114675', '21660', 'N/A', NULL, NULL, NULL, NULL, '231650', 'archivos/LAISA/2025/10/231650IPH140130GE7', 'archivos/LAISA/2025/10/EA_I107_231650_251021', NULL, NULL, NULL, NULL, NULL, NULL, NULL, NULL, 'LAISA', '18318', '5', '1', '0', '0', '0', '0', '0', '0'),
(107, '0107', '2025-10-16 06:00:00', '1', '1', '5', '20', '36', NULL, '3', '14', 'A32216', '2025-10-13 06:00:00', '1', '7538M20935', '23760', '22503', '23760', NULL, NULL, NULL, '185257', 'archivos/LAISA/2025/10/185257IPH140130GE7', 'archivos/LAISA/2025/10/EA_I107_185257_251010', 'archivos/LAISA/2025/10/22503TMT930202335', 'archivos/LAISA/2025/10/EA_T237_22503_251010', '7337.090', '1834.270', '45856.800', '51359.620', 'LAISA', '18268', 'LAISA', '18305', '5', '1', '0', '0', '0', '0', '0', '0'),
(108, '0108', '2025-10-16 06:00:00', '1', '1', '7', '3', '27', NULL, '4', '15', 'A32217', '2025-10-13 06:00:00', '1', '149248', '12215', 'N/A', NULL, NULL, NULL, NULL, '149248', 'archivos/LAISA/2025/10/149248IPH140130GE7', 'archivos/LAISA/2025/10/EA_I107_149248_251013', NULL, NULL, NULL, NULL, NULL, NULL, NULL, NULL, NULL, NULL, '5', '1', '0', '0', '0', '0', '0', '0'),
(109, '0109', '2025-10-16 06:00:00', '1', '1', '2', '29', '20', NULL, '2', '13', 'A32229', '2025-10-14 06:00:00', '1', '7537M10170', '19461', '980', '19461', NULL, NULL, NULL, '102869', 'archivos/LAISA/2025/09/102869IPH140130GE7', 'archivos/LAISA/2025/09/EA_I107_102869_250930', 'archivos/LAISA/2025/09/980BAOE511130TF1', 'archivos/LAISA/2025/09/EA_B186_980_250929', '2400.800', '600.200', '15005.000', '16805.600', 'LAISA', '18219', 'LAISA', '18182', '5', '1', '0', '0', '0', '0', '0', '0'),
(110, '0110', '2025-10-16 06:00:00', '1', '1', '2', '29', '20', NULL, '2', '13', 'A32230', '2025-10-14 06:00:00', '1', '7537M10182', '18897', NULL, NULL, NULL, NULL, NULL, '103026', 'archivos/LAISA/2025/10/103026IPH140130GE7', 'archivos/LAISA/2025/10/EA_I107_103026_251014', NULL, NULL, NULL, NULL, NULL, NULL, NULL, NULL, 'LAISA', '18266', '5', '1', '0', '0', '0', '0', '0', '0'),
(111, '0111', '2025-10-16 06:00:00', '1', '1', '5', '28', '139', NULL, '2', '13', 'A32231', '2025-10-14 06:00:00', '1', '7538M20944', '27410', '20847', '27410', NULL, NULL, NULL, NULL, NULL, NULL, 'archivos/LAISA/2025/10/20847DAPR5704074N1', 'archivos/LAISA/2025/10/EA_D227_20847_251013', '5306.580', '1326.640', '33166.100', '37146.040', NULL, NULL, NULL, NULL, '5', '1', '0', '0', '0', '0', '0', '0'),
(112, '0112', '2025-10-16 06:00:00', '1', '1', '11', '4', '134', NULL, '2', '13', 'A32232', '2025-10-14 06:00:00', '1', '7727M114685', '21550', '8942', '21550', NULL, NULL, NULL, '231652', 'archivos/LAISA/2025/10/231652IPH140130GE7', 'archivos/LAISA/2025/10/EA_I107_231652_251021', 'archivos/LAISA/2025/10/8942AERR770225RC0', 'archivos/LAISA/2025/10/EA_A420_8942_251012', '1680.000', '420.000', '10500.000', '11760.000', 'LAISA', '18311', 'LAISA', '18318', '5', '1', '0', '0', '0', '0', '0', '0'),
(113, '0113', '2025-10-16 06:00:00', '1', '1', '11', '4', '134', NULL, '2', '13', 'A32233', '2025-10-14 06:00:00', '1', '7727M114686', '17950', '8941', '17950', NULL, NULL, NULL, '231653', 'archivos/LAISA/2025/10/231653IPH140130GE7', 'archivos/LAISA/2025/10/EA_I107_231653_251021', 'archivos/LAISA/2025/10/8941AERR770225RC0', 'archivos/LAISA/2025/10/EA_A420_8941_251012', '1680.000', '420.000', '10500.000', '11760.000', 'LAISA', '18311', 'LAISA', '18318', '5', '1', '0', '0', '0', '0', '0', '0'),
(114, '0114', '2025-10-16 06:00:00', '1', '1', '11', '4', '134', NULL, '2', '13', 'A32234', '2025-10-14 06:00:00', '1', '7727M114694', '17920', '8943', '17920', NULL, NULL, NULL, '231656', 'archivos/LAISA/2025/10/231656IPH140130GE7', 'archivos/LAISA/2025/10/EA_I107_231656_251021', 'archivos/LAISA/2025/10/8943AERR770225RC0', 'archivos/LAISA/2025/10/EA_A420_8943_251013', '1680.000', '420.000', '10500.000', '11760.000', 'LAISA', '18270', 'LAISA', '18318', '5', '1', '0', '0', '0', '0', '0', '0'),
(115, '0115', '2025-10-16 06:00:00', '1', '1', '9', '3', '28', NULL, '7', '18', 'A32235', '2025-10-14 06:00:00', '1', '7540M114520', '20170', 'N/A', NULL, NULL, NULL, NULL, '212762', 'archivos/LAISA/2025/10/212762IPH140130GE7', 'archivos/LAISA/2025/10/EA_I107_212762_251014', NULL, NULL, NULL, NULL, NULL, NULL, NULL, NULL, NULL, NULL, '5', '1', '0', '0', '0', '0', '0', '0'),
(116, '0116', '2025-10-16 06:00:00', '1', '1', '9', '3', '28', NULL, '7', '18', 'A32236', '2025-10-14 06:00:00', '1', '7540M114521', '21300', 'N/A', NULL, NULL, NULL, NULL, '212763', 'archivos/LAISA/2025/10/212763IPH140130GE7', 'archivos/LAISA/2025/10/EA_I107_212763_251014', NULL, NULL, NULL, NULL, NULL, NULL, NULL, NULL, 'LAISA', '18266', '5', '1', '0', '0', '0', '0', '0', '0'),
(117, '0117', '2025-10-16 06:00:00', '1', '1', '6', '3', '133', NULL, '7', '18', 'A32237', '2025-10-14 06:00:00', '1', '7539M23795', '25030', 'N/A', NULL, NULL, NULL, NULL, '304570', 'archivos/LAISA/2025/10/304570IPH140130GE7', 'archivos/LAISA/2025/10/EA_I107_304570_251010', NULL, NULL, NULL, NULL, NULL, NULL, NULL, NULL, 'LAISA', '18305', '5', '1', '0', '0', '0', '0', '0', '0'),
(118, '0118', '2025-10-16 06:00:00', '1', '1', '6', '3', '133', NULL, '7', '18', 'A32238', '2025-10-14 06:00:00', '1', '7539M23796', '25100', 'N/A', NULL, NULL, NULL, NULL, NULL, NULL, NULL, NULL, NULL, NULL, NULL, NULL, NULL, NULL, NULL, NULL, NULL, '5', '1', '0', '0', '0', '0', '0', '0'),
(119, '0119', '2025-10-16 06:00:00', '1', '1', '6', '3', '133', NULL, '7', '18', 'A32239', '2025-10-14 06:00:00', '1', '7539M23797', '24520', 'N/A', NULL, NULL, NULL, NULL, NULL, NULL, NULL, NULL, NULL, NULL, NULL, NULL, NULL, NULL, NULL, NULL, NULL, '5', '1', '0', '0', '0', '0', '0', '0'),
(120, '0120', '2025-10-16 06:00:00', '1', '1', '11', '4', '19', NULL, '7', '18', 'A32240', '2025-10-14 06:00:00', '1', '7727M114679', '8750', '8936', '8750', NULL, NULL, NULL, '231651', 'archivos/LAISA/2025/10/231651IPH140130GE7', 'archivos/LAISA/2025/10/EA_I107_231651_251021', 'archivos/LAISA/2025/10/8936AERR770225RC0', 'archivos/LAISA/2025/10/EA_A420_8936_251011', '1200.800', '300.200', '7505.000', '8405.600', 'LAISA', '18311', 'LAISA', '18318', '5', '1', '0', '0', '0', '0', '0', '0');
INSERT INTO `recoleccion` (`id_recol`, `folio`, `fecha_r`, `zona`, `id_prov`, `id_direc_prov`, `id_transp`, `pre_flete`, `id_prd_rec`, `id_cli`, `id_direc_cli`, `factura_v`, `fecha_v`, `factus_v_corr`, `remision`, `peso_prov`, `factura_fle`, `peso_fle`, `placas_fle`, `nom_fle`, `tipo_fle`, `factura_pro`, `doc_pro`, `d_f_p`, `doc_fle`, `d_f_f`, `im_tras_inv`, `im_rete_inv`, `sub_tot_inv`, `total_inv`, `alias_inv_fle`, `folio_inv_fle`, `alias_inv_pro`, `folio_inv_pro`, `id_user`, `status`, `acciones`, `ex`, `FacCexis`, `CRcomexis`, `FacFexis`, `CRfleexis`) VALUES
(121, '0121', '2025-10-16 06:00:00', '1', '1', '11', '4', '19', NULL, '7', '18', 'A32241', '2025-10-14 06:00:00', '1', '7727M114693', '9620', '8944', '9620', NULL, NULL, NULL, '231655', 'archivos/LAISA/2025/10/231655IPH140130GE7', 'archivos/LAISA/2025/10/EA_I107_231655_251021', 'archivos/LAISA/2025/10/8944AERR770225RC0', 'archivos/LAISA/2025/10/EA_A420_8944_251013', '1200.800', '300.200', '7505.000', '8405.600', 'LAISA', '18275', 'LAISA', '18318', '5', '1', '0', '0', '0', '0', '0', '0'),
(122, '0122', '2025-10-16 06:00:00', '1', '1', '11', '3', '30', NULL, '6', '17', 'A32242', '2025-10-14 06:00:00', '1', '7727M114689', '20940', 'N/A', NULL, NULL, NULL, NULL, '231654', 'archivos/LAISA/2025/10/231654IPH140130GE7', 'archivos/LAISA/2025/10/EA_I107_231654_251021', NULL, NULL, NULL, NULL, NULL, NULL, NULL, NULL, 'LAISA', '18318', '5', '1', '0', '0', '0', '0', '0', '0'),
(123, '0123', '2025-10-16 06:00:00', '1', '1', '5', '20', '36', NULL, '3', '14', 'A32243', '2025-10-14 06:00:00', '1', '7538M20939', '23500', NULL, NULL, NULL, NULL, NULL, '185424', 'archivos/LAISA/2025/10/185424IPH140130GE7', 'archivos/LAISA/2025/10/EA_I107_185424_251017', NULL, NULL, NULL, NULL, NULL, NULL, NULL, NULL, NULL, NULL, '5', '1', '0', '0', '0', '0', '0', '0'),
(124, '0124', '2025-10-16 06:00:00', '1', '1', '5', '15', '17', NULL, '3', '14', 'A32244', '2025-10-14 06:00:00', '1', '7538M20946', '26820', '6254', '26820', NULL, NULL, NULL, NULL, NULL, NULL, 'archivos/LAISA/2025/10/6254SIL210405VD1', 'archivos/LAISA/2025/10/EA_S421_6254_251021', '8282.020', '2070.500', '51762.600', '57974.120', NULL, NULL, NULL, NULL, '5', '1', '0', '0', '0', '0', '0', '0'),
(125, '0125', '2025-10-17 06:00:00', '1', '1', '10', '23', '22', NULL, '7', '18', 'A32259', '2025-10-15 06:00:00', '1', '7531M13557', '23320', '3832', '23320', NULL, NULL, NULL, '153601', 'archivos/LAISA/2025/10/153601IPH140130GE7', 'archivos/LAISA/2025/10/EA_I107_153601_251014', 'archivos/LAISA/2025/10/3832CTR030227FT5', 'archivos/LAISA/2025/10/EA_C600_3832_251021', '2462.590', '615.650', '15391.200', '17238.140', NULL, NULL, 'LAISA', '18305', '5', '1', '0', '0', '0', '0', '0', '0'),
(126, '0126', '2025-10-17 06:00:00', '1', '1', '10', '23', '22', NULL, '7', '18', 'A32260', '2025-10-15 06:00:00', '1', '7531M13558', '20780', '3833', '20780', NULL, NULL, NULL, '153602', 'archivos/LAISA/2025/10/153602IPH140130GE7', 'archivos/LAISA/2025/10/EA_I107_153602_251014', 'archivos/LAISA/2025/10/3833CTR030227FT5', 'archivos/LAISA/2025/10/EA_C600_3833_251021', '2194.370', '548.590', '13714.800', '15360.580', NULL, NULL, 'LAISA', '18305', '5', '1', '0', '0', '0', '0', '0', '0'),
(127, '0127', '2025-10-17 06:00:00', '1', '1', '10', '23', '22', NULL, '7', '18', 'A32261', '2025-10-15 06:00:00', '1', '7531M13559', '23010', '3834', '23010', NULL, NULL, NULL, '153603', 'archivos/LAISA/2025/10/153603IPH140130GE7', 'archivos/LAISA/2025/10/EA_I107_153603_251014', 'archivos/LAISA/2025/10/3834CTR030227FT5', 'archivos/LAISA/2025/10/EA_C600_3834_251021', '2429.860', '607.460', '15186.600', '17009.000', NULL, NULL, 'LAISA', '18305', '5', '1', '0', '0', '0', '0', '0', '0'),
(128, '0128', '2025-10-20 06:00:00', '1', '1', '9', '3', '28', NULL, '7', '18', 'A32262', '2025-10-15 06:00:00', '1', '7540M114522', '19080', 'N/A', NULL, NULL, NULL, NULL, '212797', 'archivos/LAISA/2025/10/212797IPH140130GE7', 'archivos/LAISA/2025/10/EA_I107_212797_251015', NULL, NULL, NULL, NULL, NULL, NULL, NULL, NULL, 'LAISA', '18266', '5', '1', '0', '0', '0', '0', '0', '0'),
(129, '0129', '2025-10-20 06:00:00', '1', '1', '9', '3', '28', NULL, '7', '18', 'A32263', '2025-10-15 06:00:00', '1', '7540M114523', '20640', 'N/A', NULL, NULL, NULL, NULL, '212798', 'archivos/LAISA/2025/10/212798IPH140130GE7', 'archivos/LAISA/2025/10/EA_I107_212798_251015', NULL, NULL, NULL, NULL, NULL, NULL, NULL, NULL, 'LAISA', '18266', '5', '1', '0', '0', '0', '0', '0', '0'),
(130, '0130', '2025-10-20 06:00:00', '1', '1', '5', '10', '35', NULL, '3', '14', 'A32264', '2025-10-15 06:00:00', '1', '7538M20951', '26480', '16164', '26480', NULL, NULL, NULL, NULL, NULL, NULL, 'archivos/LAISA/2025/10/16164TTR240321JJ0', 'archivos/LAISA/2025/10/EA_T230_16164_251015', '8177.020', '2044.260', '51106.400', '57239.160', 'LAISA', '18276', NULL, NULL, '5', '1', '0', '0', '0', '0', '0', '0'),
(131, '0131', '2025-10-20 06:00:00', '1', '1', '4', '10', '34', NULL, '3', '14', 'A32265', '2025-10-15 06:00:00', '1', '12026-173565', '23702', NULL, NULL, NULL, NULL, NULL, NULL, NULL, NULL, NULL, NULL, NULL, NULL, NULL, NULL, NULL, NULL, NULL, NULL, '5', '1', '0', '0', '0', '0', '0', '0'),
(132, '0132', '2025-10-20 06:00:00', '1', '1', '4', '10', '34', NULL, '3', '14', 'A32266', '2025-10-15 06:00:00', '1', '12027-173609', '23244', NULL, NULL, NULL, NULL, NULL, NULL, NULL, NULL, NULL, NULL, NULL, NULL, NULL, NULL, NULL, NULL, NULL, NULL, '5', '1', '0', '0', '0', '0', '0', '0'),
(133, '0133', '2025-10-20 06:00:00', '1', '1', '2', '29', '20', NULL, '2', '13', 'A32284', '2025-10-16 06:00:00', '1', '7537M10184', '19825', NULL, NULL, NULL, NULL, NULL, '103076', 'archivos/LAISA/2025/10/103076IPH140130GE7', 'archivos/LAISA/2025/10/EA_I107_103076_251020', NULL, NULL, NULL, NULL, NULL, NULL, NULL, NULL, NULL, NULL, '5', '1', '0', '0', '0', '0', '0', '0'),
(134, '0134', '2025-10-20 06:00:00', '1', '1', '5', '20', '153', NULL, '2', '13', 'A32285', '2025-10-16 06:00:00', '1', '7538M20961', '26650', NULL, NULL, NULL, NULL, NULL, NULL, NULL, NULL, NULL, NULL, NULL, NULL, NULL, NULL, NULL, NULL, NULL, NULL, '5', '1', '0', '0', '0', '0', '0', '0'),
(135, '0135', '2025-10-20 06:00:00', '1', '1', '10', '23', '22', NULL, '7', '18', 'A32286', '2025-10-16 06:00:00', '1', '7531M13562', '22450', NULL, NULL, NULL, NULL, NULL, '153681', 'archivos/LAISA/2025/10/153681IPH140130GE7', 'archivos/LAISA/2025/10/EA_I107_153681_251016', NULL, NULL, NULL, NULL, NULL, NULL, NULL, NULL, 'LAISA', '18305', '5', '1', '0', '0', '0', '0', '0', '0'),
(136, '0136', '2025-10-20 06:00:00', '1', '1', '10', '23', '22', NULL, '7', '18', 'A32287', '2025-10-16 06:00:00', '1', '7531M13564', '23260', '3835', '23260', NULL, NULL, NULL, '153682', 'archivos/LAISA/2025/10/153682IPH140130GE7', 'archivos/LAISA/2025/10/EA_I107_153682_251016', 'archivos/LAISA/2025/10/3835CTR030227FT5', 'archivos/LAISA/2025/10/EA_C600_3835_251021', '2456.260', '614.060', '15351.600', '17193.800', NULL, NULL, 'LAISA', '18305', '5', '1', '0', '0', '0', '0', '0', '0'),
(137, '0137', '2025-10-20 06:00:00', '1', '1', '9', '3', '28', NULL, '7', '18', 'A32288', '2025-10-16 06:00:00', '1', '7540M114526', '20070', 'N/A', NULL, NULL, NULL, NULL, '213059', 'archivos/LAISA/2025/10/213059IPH140130GE7', 'archivos/LAISA/2025/10/EA_I107_213059_251021', NULL, NULL, NULL, NULL, NULL, NULL, NULL, NULL, NULL, NULL, '5', '1', '0', '0', '0', '0', '0', '0'),
(138, '0138', '2025-10-20 06:00:00', '1', '1', '9', '3', '28', NULL, '7', '18', 'A32289', '2025-10-16 06:00:00', '1', '7540M114527', '20120', 'N/A', NULL, NULL, NULL, NULL, '213060', 'archivos/LAISA/2025/10/213060IPH140130GE7', 'archivos/LAISA/2025/10/EA_I107_213060_251021', NULL, NULL, NULL, NULL, NULL, NULL, NULL, NULL, NULL, NULL, '5', '1', '0', '0', '0', '0', '0', '0'),
(139, '0139', '2025-10-20 06:00:00', '1', '1', '9', '3', '29', NULL, '6', '17', 'A32290', '2025-10-16 06:00:00', '1', '7540M114524', '11700', 'N/A', NULL, NULL, NULL, NULL, '212799', 'archivos/LAISA/2025/10/212799IPH140130GE7', 'archivos/LAISA/2025/10/EA_I107_212799_251015', NULL, NULL, NULL, NULL, NULL, NULL, NULL, NULL, NULL, NULL, '5', '1', '0', '0', '0', '0', '0', '0'),
(140, '0140', '2025-10-20 06:00:00', '1', '1', '11', '3', '30', NULL, '6', '17', 'A32291', '2025-10-16 06:00:00', '1', '7727M114695', '21480', 'N/A', NULL, NULL, NULL, NULL, '231657', 'archivos/LAISA/2025/10/231657IPH140130GE7', 'archivos/LAISA/2025/10/EA_I107_231657_251021', NULL, NULL, NULL, NULL, NULL, NULL, NULL, NULL, 'LAISA', '18318', '5', '1', '0', '0', '0', '0', '0', '0'),
(141, '0141', '2025-10-20 06:00:00', '1', '1', '11', '3', '30', NULL, '6', '17', 'A32292', '2025-10-16 06:00:00', '1', '7727M114697', '22080', 'N/A', NULL, NULL, NULL, NULL, '231658', 'archivos/LAISA/2025/10/231658IPH140130GE7', 'archivos/LAISA/2025/10/EA_I107_231658_251021', NULL, NULL, NULL, NULL, NULL, NULL, NULL, NULL, 'LAISA', '18318', '5', '1', '0', '0', '0', '0', '0', '0'),
(142, '0142', '2025-10-20 06:00:00', '1', '1', '10', '22', '32', NULL, '7', '18', 'A32319', '2025-10-20 06:00:00', '1', '7531M13569', '24530', NULL, NULL, NULL, NULL, NULL, '153731', 'archivos/LAISA/2025/10/153731IPH140130GE7', 'archivos/LAISA/2025/10/EA_I107_153731_251017', NULL, NULL, NULL, NULL, NULL, NULL, NULL, NULL, 'LAISA', '18305', '5', '1', '0', '0', '0', '0', '0', '0'),
(143, '0143', '2025-10-20 06:00:00', '1', '1', '6', '3', '133', NULL, '7', '18', 'A32320', '2025-10-20 06:00:00', '1', '7539M23800', '22290', 'N/A', NULL, NULL, NULL, NULL, NULL, NULL, NULL, NULL, NULL, NULL, NULL, NULL, NULL, NULL, NULL, NULL, NULL, '5', '1', '0', '0', '0', '0', '0', '0'),
(144, '0144', '2025-10-20 06:00:00', '1', '1', '6', '3', '133', NULL, '7', '18', 'A32321', '2025-10-20 06:00:00', '1', '7539M23801', '23460', 'N/A', NULL, NULL, NULL, NULL, NULL, NULL, NULL, NULL, NULL, NULL, NULL, NULL, NULL, NULL, NULL, NULL, NULL, '5', '1', '0', '0', '0', '0', '0', '0'),
(145, '0145', '2025-10-20 06:00:00', '1', '1', '6', '3', '133', NULL, '7', '18', 'A32322', '2025-10-20 06:00:00', '1', '7539M23802', '24340', 'N/A', NULL, NULL, NULL, NULL, NULL, NULL, NULL, NULL, NULL, NULL, NULL, NULL, NULL, NULL, NULL, NULL, NULL, '5', '1', '0', '0', '0', '0', '0', '0'),
(146, '0146', '2025-10-20 06:00:00', '1', '1', '6', '3', '133', NULL, '7', '18', 'A32323', '2025-10-20 06:00:00', '1', '7539M23803', '22450', 'N/A', NULL, NULL, NULL, NULL, NULL, NULL, NULL, NULL, NULL, NULL, NULL, NULL, NULL, NULL, NULL, NULL, NULL, '5', '1', '0', '0', '0', '0', '0', '0'),
(147, '0147', '2025-10-20 06:00:00', '1', '1', '6', '3', '133', NULL, '7', '18', 'A32324', '2025-10-20 06:00:00', '1', '7539M23805', '23210', 'N/A', NULL, NULL, NULL, NULL, NULL, NULL, NULL, NULL, NULL, NULL, NULL, NULL, NULL, NULL, NULL, NULL, NULL, '5', '1', '0', '0', '0', '0', '0', '0'),
(148, '0148', '2025-10-20 06:00:00', '1', '1', '11', '3', '30', NULL, '6', '17', 'A32325', '2025-10-20 06:00:00', '1', '7727M114701', '21710', 'N/A', NULL, NULL, NULL, NULL, '231660', 'archivos/LAISA/2025/10/231660IPH140130GE7', 'archivos/LAISA/2025/10/EA_I107_231660_251021', NULL, NULL, NULL, NULL, NULL, NULL, NULL, NULL, 'LAISA', '18318', '5', '1', '0', '0', '0', '0', '0', '0'),
(149, '0149', '2025-10-20 06:00:00', '1', '1', '5', '10', '35', NULL, '3', '14', 'A32326', '2025-10-20 06:00:00', '1', '7538M20967', '26590', '16273', '26590', NULL, NULL, NULL, NULL, NULL, NULL, 'archivos/LAISA/2025/10/16273TTR240321JJ0', '', '8210.990', '2052.750', '51318.700', '57476.940', NULL, NULL, NULL, NULL, '5', '1', '0', '0', '0', '0', '0', '0'),
(150, '0150', '2025-10-20 06:00:00', '1', '1', '5', '10', '35', NULL, '3', '14', 'A32327', '2025-10-20 06:00:00', '1', '7538M20968', '27360', '16300', '27360', NULL, NULL, NULL, NULL, NULL, NULL, 'archivos/LAISA/2025/10/16300TTR240321JJ0', '', '8448.770', '2112.190', '52804.800', '59141.380', NULL, NULL, NULL, NULL, '5', '1', '0', '0', '0', '0', '0', '0'),
(151, '0151', '2025-10-20 06:00:00', '1', '1', '7', '3', '27', NULL, '4', '15', 'A32328', '2025-10-20 06:00:00', '1', '149306', '11813', 'N/A', NULL, NULL, NULL, NULL, '149306', 'archivos/LAISA/2025/10/149306IPH140130GE7', 'archivos/LAISA/2025/10/EA_I107_149306_251016', NULL, NULL, NULL, NULL, NULL, NULL, NULL, NULL, NULL, NULL, '5', '1', '0', '0', '0', '0', '0', '0'),
(152, '0152', '2025-10-20 06:00:00', '1', '1', '6', '3', '135', NULL, '6', '17', 'A32330', '2025-10-20 06:00:00', '1', '815-874', '8684', 'N/A', NULL, NULL, NULL, NULL, NULL, NULL, NULL, NULL, NULL, NULL, NULL, NULL, NULL, NULL, NULL, NULL, NULL, '5', '1', '0', '0', '0', '0', '0', '0'),
(153, '0153', '2025-10-22 06:00:00', '1', '1', '11', '4', '134', NULL, '2', '13', 'A32343', '2025-10-21 06:00:00', '1', '7727M114708', '17970', '8951', '17970', NULL, NULL, 'TRAILER', '231662', 'archivos/LAISA/2025/10/231662IPH140130GE7', 'archivos/LAISA/2025/10/EA_I107_231662_251021', 'archivos/LAISA/2025/10/8951AERR770225RC0', 'archivos/LAISA/2025/10/EA_A420_8951_251015', '1680.000', '420.000', '10500.000', '11760.000', 'LAISA', '18275', 'LAISA', '18318', '5', '1', '0', '0', '0', '0', '0', '0'),
(154, '0154', '2025-10-22 06:00:00', '1', '1', '11', '4', '134', NULL, '2', '13', 'A32344', '2025-10-21 06:00:00', '1', '7727M114713', '17950', '8955', '17950', NULL, NULL, 'TRAILER', NULL, NULL, NULL, 'archivos/LAISA/2025/10/8955AERR770225RC0', 'archivos/LAISA/2025/10/EA_A420_8955_251016', '1680.000', '420.000', '10500.000', '11760.000', 'LAISA', '18275', NULL, NULL, '5', '1', '0', '0', '0', '0', '0', '0'),
(155, '0155', '2025-10-22 06:00:00', '1', '1', '11', '4', '134', NULL, '2', '13', 'A32345', '2025-10-21 06:00:00', '1', '7727M114724', '18040', '8971', '18040', NULL, NULL, NULL, NULL, NULL, NULL, 'archivos/LAISA/2025/10/8971AERR770225RC0', 'archivos/LAISA/2025/10/EA_A420_8971_251020', '1680.000', '420.000', '10500.000', '11760.000', 'LAISA', '18326', NULL, NULL, '5', '1', '0', '0', '0', '0', '0', '0'),
(156, '0156', '2025-10-22 06:00:00', '1', '1', '10', '23', '22', NULL, '7', '18', 'A32346', '2025-10-21 06:00:00', '1', '7531M13570', '24890', '3836', '24890', NULL, NULL, NULL, NULL, NULL, NULL, 'archivos/LAISA/2025/10/3836CTR030227FT5', 'archivos/LAISA/2025/10/EA_C600_3836_251021', '2628.380', '657.100', '16427.400', '18398.680', NULL, NULL, NULL, NULL, '5', '1', '0', '0', '0', '0', '0', '0'),
(157, '0157', '2025-10-22 06:00:00', '1', '1', '10', '23', '22', NULL, '7', '18', 'A32348', '2025-10-21 06:00:00', '1', '7531M13572', '25160', NULL, NULL, NULL, NULL, NULL, NULL, NULL, NULL, NULL, NULL, NULL, NULL, NULL, NULL, NULL, NULL, NULL, NULL, '5', '1', '0', '0', '0', '0', '0', '0'),
(158, '0158', '2025-10-22 06:00:00', '1', '1', '9', '3', '28', NULL, '7', '18', 'A32349', '2025-10-21 06:00:00', '1', '7540M114528', '19640', 'N/A', NULL, NULL, NULL, NULL, '213061', 'archivos/LAISA/2025/10/213061IPH140130GE7', 'archivos/LAISA/2025/10/EA_I107_213061_251021', NULL, NULL, NULL, NULL, NULL, NULL, NULL, NULL, NULL, NULL, '5', '1', '0', '0', '0', '0', '0', '0'),
(159, '0159', '2025-10-22 06:00:00', '1', '1', '9', '3', '28', NULL, '7', '18', 'A32350', '2025-10-21 06:00:00', '1', '7540M114529', '21180', 'N/A', NULL, NULL, NULL, NULL, '213062', 'archivos/LAISA/2025/10/213062IPH140130GE7', 'archivos/LAISA/2025/10/EA_I107_213062_251021', NULL, NULL, NULL, NULL, NULL, NULL, NULL, NULL, NULL, NULL, '5', '1', '0', '0', '0', '0', '0', '0'),
(160, '0160', '2025-10-22 06:00:00', '1', '1', '9', '3', '28', NULL, '7', '18', 'A32351', '2025-10-21 06:00:00', '1', '7540M114530', '19820', 'N/A', NULL, NULL, NULL, NULL, '213063', 'archivos/LAISA/2025/10/213063IPH140130GE7', 'archivos/LAISA/2025/10/EA_I107_213063_251021', NULL, NULL, NULL, NULL, NULL, NULL, NULL, NULL, NULL, NULL, '5', '1', '0', '0', '0', '0', '0', '0'),
(161, '0161', '2025-10-22 06:00:00', '1', '1', '9', '3', '28', NULL, '7', '18', 'A32352', '2025-10-21 06:00:00', '1', '7540M114531', '20900', 'N/A', NULL, NULL, NULL, NULL, '213064', 'archivos/LAISA/2025/10/213064IPH140130GE7', 'archivos/LAISA/2025/10/EA_I107_213064_251021', NULL, NULL, NULL, NULL, NULL, NULL, NULL, NULL, NULL, NULL, '5', '1', '0', '0', '0', '0', '0', '0'),
(162, '0162', '2025-10-22 06:00:00', '1', '1', '9', '3', '28', NULL, '7', '18', 'A32353', '2025-10-21 06:00:00', '1', '7540M114533', '18820', 'N/A', NULL, NULL, NULL, NULL, '213066', 'archivos/LAISA/2025/10/213066IPH140130GE7', '', NULL, NULL, NULL, NULL, NULL, NULL, NULL, NULL, NULL, NULL, '5', '1', '0', '0', '0', '0', '0', '0'),
(163, '0163', '2025-10-22 06:00:00', '1', '1', '9', '3', '28', NULL, '7', '18', 'A32354', '2025-10-21 06:00:00', '1', '7540M114534', '20140', 'N/A', NULL, NULL, NULL, NULL, '213067', 'archivos/LAISA/2025/10/213067IPH140130GE7', '', NULL, NULL, NULL, NULL, NULL, NULL, NULL, NULL, NULL, NULL, '5', '1', '0', '0', '0', '0', '0', '0'),
(164, '0164', '2025-10-22 06:00:00', '1', '1', '9', '3', '28', NULL, '7', '18', 'A32355', '2025-10-21 06:00:00', '1', '7540M114535', '19860', 'N/A', NULL, NULL, NULL, NULL, '213068', 'archivos/LAISA/2025/10/213068IPH140130GE7', '', NULL, NULL, NULL, NULL, NULL, NULL, NULL, NULL, NULL, NULL, '5', '1', '0', '0', '0', '0', '0', '0'),
(165, '0165', '2025-10-22 06:00:00', '1', '1', '9', '3', '28', NULL, '7', '18', 'A32356', '2025-10-21 06:00:00', '1', '7540M114536', '21430', 'N/A', NULL, NULL, NULL, NULL, '213069', 'archivos/LAISA/2025/10/213069IPH140130GE7', 'archivos/LAISA/2025/10/EA_I107_213069_251021', NULL, NULL, NULL, NULL, NULL, NULL, NULL, NULL, NULL, NULL, '5', '1', '0', '0', '0', '0', '0', '0'),
(166, '0166', '2025-10-22 06:00:00', '1', '1', '9', '3', '28', NULL, '7', '18', 'A32357', '2025-10-21 06:00:00', '1', '7540M114538', '21000', 'N/A', NULL, NULL, NULL, NULL, '213071', 'archivos/LAISA/2025/10/213071IPH140130GE7', 'archivos/LAISA/2025/10/EA_I107_213071_251021', NULL, NULL, NULL, NULL, NULL, NULL, NULL, NULL, NULL, NULL, '5', '1', '0', '0', '0', '0', '0', '0'),
(167, '0167', '2025-10-22 06:00:00', '1', '1', '9', '3', '28', NULL, '7', '18', 'A32358', '2025-10-21 06:00:00', '1', '7540M114540', '20060', 'N/A', NULL, NULL, NULL, NULL, '213072', 'archivos/LAISA/2025/10/213072IPH140130GE7', 'archivos/LAISA/2025/10/EA_I107_213072_251021', NULL, NULL, NULL, NULL, NULL, NULL, NULL, NULL, NULL, NULL, '5', '1', '0', '0', '0', '0', '0', '0'),
(168, '0168', '2025-10-22 06:00:00', '1', '1', '6', '3', '133', NULL, '7', '18', 'A32359', '2025-10-21 06:00:00', '1', '7539M23807', '24440', 'N/A', NULL, NULL, NULL, NULL, NULL, NULL, NULL, NULL, NULL, NULL, NULL, NULL, NULL, NULL, NULL, NULL, NULL, '5', '1', '0', '0', '0', '0', '0', '0'),
(169, '0169', '2025-10-22 06:00:00', '1', '1', '6', '3', '133', NULL, '7', '18', 'A32360', '2025-10-21 06:00:00', '1', '7539M23808', '22140', 'N/A', NULL, NULL, NULL, NULL, NULL, NULL, NULL, NULL, NULL, NULL, NULL, NULL, NULL, NULL, NULL, NULL, NULL, '5', '1', '0', '0', '0', '0', '0', '0'),
(170, '0170', '2025-10-22 06:00:00', '1', '1', '6', '3', '133', NULL, '7', '18', 'A32361', '2025-10-21 06:00:00', '1', '7539M23809', '23090', 'N/A', NULL, NULL, NULL, NULL, NULL, NULL, NULL, NULL, NULL, NULL, NULL, NULL, NULL, NULL, NULL, NULL, NULL, '5', '1', '0', '0', '0', '0', '0', '0'),
(171, '0171', '2025-10-22 06:00:00', '1', '1', '6', '3', '133', NULL, '7', '18', 'A32362', '2025-10-21 06:00:00', '1', '7539M23810', '23890', 'N/A', NULL, NULL, NULL, NULL, NULL, NULL, NULL, NULL, NULL, NULL, NULL, NULL, NULL, NULL, NULL, NULL, NULL, '5', '1', '0', '0', '0', '0', '0', '0'),
(172, '0172', '2025-10-22 06:00:00', '1', '1', '6', '3', '133', NULL, '7', '18', 'A32363', '2025-10-21 06:00:00', '1', '7539M23811', '23290', 'N/A', NULL, NULL, NULL, NULL, NULL, NULL, NULL, NULL, NULL, NULL, NULL, NULL, NULL, NULL, NULL, NULL, NULL, '5', '1', '0', '0', '0', '0', '0', '0'),
(173, '0173', '2025-10-22 06:00:00', '1', '1', '1', '33', '37', NULL, '7', '18', 'A32364', '2025-10-21 06:00:00', '1', '1503', '25559', '27070', '25559', NULL, NULL, NULL, NULL, NULL, NULL, 'archivos/LAISA/2025/10/27070ATR680120636', 'archivos/LAISA/2025/10/EA_A327_27070_251017', '7810.830', '1952.710', '48817.690', '54675.810', NULL, NULL, NULL, NULL, '5', '1', '0', '0', '0', '0', '0', '0'),
(174, '0174', '2025-10-22 06:00:00', '1', '1', '1', '33', '37', NULL, '7', '18', 'A32365', '2025-10-21 06:00:00', '1', '1504', '25982', '27071', '25982', NULL, NULL, NULL, NULL, NULL, NULL, 'archivos/LAISA/2025/10/27071ATR680120636', 'archivos/LAISA/2025/10/EA_A327_27071_251017', '7940.100', '1985.020', '49625.620', '55580.700', NULL, NULL, NULL, NULL, '5', '1', '0', '0', '0', '0', '0', '0'),
(175, '0175', '2025-10-22 06:00:00', '1', '1', '11', '4', '19', NULL, '7', '18', 'A32366', '2025-10-21 06:00:00', '1', '7727M114707', '7780', '8950', '7780', NULL, NULL, 'TRAILER', '231661', 'archivos/LAISA/2025/10/231661IPH140130GE7', 'archivos/LAISA/2025/10/EA_I107_231661_251021', 'archivos/LAISA/2025/10/8950AERR770225RC0', 'archivos/LAISA/2025/10/EA_A420_8950_251015', '1200.800', '300.200', '7505.000', '8405.600', 'LAISA', '18275', 'LAISA', '18318', '5', '1', '0', '0', '0', '0', '0', '0'),
(176, '0176', '2025-10-22 06:00:00', '1', '1', '11', '4', '19', NULL, '7', '18', 'A32367', '2025-10-21 06:00:00', '1', '7727M114712', '9030', '8959', '9030', NULL, NULL, NULL, NULL, NULL, NULL, 'archivos/LAISA/2025/10/8959AERR770225RC0', 'archivos/LAISA/2025/10/EA_A420_8959_251017', '1200.800', '300.200', '7505.000', '8405.600', 'LAISA', '18326', NULL, NULL, '5', '1', '0', '0', '0', '0', '0', '0'),
(177, '0177', '2025-10-22 06:00:00', '1', '1', '11', '4', '19', NULL, '7', '18', 'A32368', '2025-10-21 06:00:00', '1', '7727M114722', '6750', '8967', '6750', NULL, NULL, NULL, NULL, NULL, NULL, 'archivos/LAISA/2025/10/8967AERR770225RC0', 'archivos/LAISA/2025/10/EA_A420_8967_251019', '1200.800', '300.200', '7505.000', '8405.600', 'LAISA', '18326', NULL, NULL, '5', '1', '0', '0', '0', '0', '0', '0'),
(178, '0178', '2025-10-22 06:00:00', '1', '1', '11', '4', '19', NULL, '7', '18', 'A32369', '2025-10-21 06:00:00', '1', '7727M114725', '9060', '8970', '9060', NULL, NULL, NULL, NULL, NULL, NULL, 'archivos/LAISA/2025/10/8970AERR770225RC0', '', '1200.800', '300.200', '7505.000', '8405.600', NULL, NULL, NULL, NULL, '5', '1', '0', '0', '0', '0', '0', '0'),
(179, '0179', '2025-10-22 06:00:00', '1', '1', '11', '3', '30', NULL, '6', '17', 'A32370', '2025-10-21 06:00:00', '1', '7727M114700', '10240', 'N/A', NULL, NULL, NULL, NULL, '231659', 'archivos/LAISA/2025/10/231659IPH140130GE7', 'archivos/LAISA/2025/10/EA_I107_231659_251021', NULL, NULL, NULL, NULL, NULL, NULL, NULL, NULL, NULL, NULL, '5', '1', '0', '0', '0', '0', '0', '0'),
(180, '0180', '2025-10-22 06:00:00', '1', '1', '11', '3', '30', NULL, '6', '17', 'A32371', '2025-10-21 06:00:00', '1', '7727M114716', '21830', 'N/A', NULL, NULL, NULL, NULL, NULL, NULL, NULL, NULL, NULL, NULL, NULL, NULL, NULL, NULL, NULL, NULL, NULL, '5', '1', '0', '0', '0', '0', '0', '0'),
(181, '0181', '2025-10-22 06:00:00', '1', '1', '11', '3', '30', NULL, '6', '17', 'A32372', '2025-10-21 06:00:00', '1', '7727M114721', '22770', 'N/A', NULL, NULL, NULL, NULL, NULL, NULL, NULL, NULL, NULL, NULL, NULL, NULL, NULL, NULL, NULL, NULL, NULL, '5', '1', '0', '0', '0', '0', '0', '0'),
(182, '0182', '2025-10-22 06:00:00', '1', '1', '11', '3', '30', NULL, '6', '17', 'A32373', '2025-10-21 06:00:00', '1', '7727M114714', '11210', 'N/A', NULL, NULL, NULL, NULL, NULL, NULL, NULL, NULL, NULL, NULL, NULL, NULL, NULL, NULL, NULL, NULL, NULL, '5', '1', '0', '0', '0', '0', '0', '0'),
(183, '0183', '2025-10-22 06:00:00', '1', '1', '11', '3', '30', NULL, '6', '17', 'A32374', '2025-10-21 06:00:00', '1', '7727M114715', '11000', 'N/A', NULL, NULL, NULL, NULL, NULL, NULL, NULL, NULL, NULL, NULL, NULL, NULL, NULL, NULL, NULL, NULL, NULL, '5', '1', '0', '0', '0', '0', '0', '0'),
(184, '0184', '2025-10-22 06:00:00', '1', '1', '9', '3', '29', NULL, '6', '17', 'A32375', '2025-10-21 06:00:00', '1', '7540M114525', '12010', 'N/A', NULL, NULL, NULL, NULL, NULL, NULL, NULL, NULL, NULL, NULL, NULL, NULL, NULL, NULL, NULL, NULL, NULL, '5', '1', '0', '0', '0', '0', '0', '0'),
(185, '0185', '2025-10-22 06:00:00', '1', '1', '9', '3', '29', NULL, '6', '17', 'A32376', '2025-10-21 06:00:00', '1', '7540M114532', '7120', 'N/A', NULL, NULL, NULL, NULL, '213065', 'archivos/LAISA/2025/10/213065IPH140130GE7', 'archivos/LAISA/2025/10/EA_I107_213065_251021', NULL, NULL, NULL, NULL, NULL, NULL, NULL, NULL, NULL, NULL, '5', '1', '0', '0', '0', '0', '0', '0'),
(186, '0186', '2025-10-22 06:00:00', '1', '1', '5', '20', '36', NULL, '3', '14', 'A32377', '2025-10-21 06:00:00', '1', '7538M20970', '27010', NULL, NULL, NULL, NULL, NULL, NULL, NULL, NULL, NULL, NULL, NULL, NULL, NULL, NULL, NULL, NULL, NULL, NULL, '5', '1', '0', '0', '0', '0', '0', '0'),
(187, '0187', '2025-10-22 06:00:00', '1', '1', '5', '20', '36', NULL, '3', '14', 'A32378', '2025-10-21 06:00:00', '1', '7538M20972', '26400', NULL, NULL, NULL, NULL, NULL, '185595', 'archivos/LAISA/2025/10/185595IPH140130GE7', 'archivos/LAISA/2025/10/EA_I107_185595_251021', NULL, NULL, NULL, NULL, NULL, NULL, NULL, NULL, 'LAISA', '18305', '5', '1', '0', '0', '0', '0', '0', '0'),
(188, '0188', '2025-10-22 06:00:00', '1', '1', '5', '20', '36', NULL, '3', '14', 'A32379', '2025-10-21 06:00:00', '1', '7538M20974', '26020', NULL, NULL, NULL, NULL, NULL, '185596', 'archivos/LAISA/2025/10/185596IPH140130GE7', 'archivos/LAISA/2025/10/EA_I107_185596_251021', NULL, NULL, NULL, NULL, NULL, NULL, NULL, NULL, 'LAISA', '18305', '5', '1', '0', '0', '0', '0', '0', '0'),
(189, '0189', '2025-10-22 06:00:00', '1', '1', '4', '10', '34', NULL, '3', '14', 'A32381', '2025-10-21 06:00:00', '1', '12031-173964', '22481', NULL, NULL, NULL, NULL, NULL, NULL, NULL, NULL, NULL, NULL, NULL, NULL, NULL, NULL, NULL, NULL, NULL, NULL, '5', '1', '0', '0', '0', '0', '0', '0'),
(190, '0190', '2025-10-22 06:00:00', '1', '1', '7', '3', '27', NULL, '4', '15', 'A32382', '2025-10-21 06:00:00', '1', '149359', '12310', 'N/A', NULL, NULL, NULL, NULL, '149359', 'archivos/LAISA/2025/10/149359IPH140130GE7', 'archivos/LAISA/2025/10/EA_I107_149359_251021', NULL, NULL, NULL, NULL, NULL, NULL, NULL, NULL, NULL, NULL, '5', '1', '0', '0', '0', '0', '0', '0'),
(191, '0191', '2025-10-23 06:00:00', '1', '1', '3', '3', '154', NULL, '6', '17', 'A32133', '2025-10-09 06:00:00', '1', '573-756', '49392', 'N/A', NULL, NULL, NULL, NULL, NULL, NULL, NULL, NULL, NULL, NULL, NULL, NULL, NULL, NULL, NULL, NULL, NULL, '5', '1', '0', '0', '0', '0', '0', '0'),
(192, '0192', '2025-10-23 06:00:00', '1', '1', '3', '3', '154', NULL, '6', '17', 'A32112', '2025-10-08 06:00:00', '1', '48-110', '63999', 'N/A', NULL, NULL, NULL, NULL, NULL, NULL, NULL, NULL, NULL, NULL, NULL, NULL, NULL, NULL, NULL, NULL, NULL, '5', '1', '0', '0', '0', '0', '0', '0'),
(193, '0193', '2025-10-23 06:00:00', '1', '1', '8', '3', '155', NULL, '6', '17', 'A32115', '2025-10-08 06:00:00', '1', '44-571', '15274', 'N/A', NULL, NULL, NULL, NULL, NULL, NULL, NULL, NULL, NULL, NULL, NULL, NULL, NULL, NULL, NULL, NULL, NULL, '5', '1', '0', '0', '0', '0', '0', '0'),
(194, '0194', '2025-10-23 06:00:00', '1', '1', '3', '3', '154', NULL, '6', '17', 'A32150', '2025-10-10 06:00:00', '1', '51210-51376', '7730', 'N/A', NULL, NULL, NULL, NULL, NULL, NULL, NULL, NULL, NULL, NULL, NULL, NULL, NULL, NULL, NULL, NULL, NULL, '5', '1', '0', '0', '0', '0', '0', '0'),
(195, '0195', '2025-10-23 06:00:00', '1', '1', '8', '3', '155', NULL, '6', '17', 'A32156', '2025-10-10 06:00:00', '1', '10245', '7137', 'N/A', NULL, NULL, NULL, NULL, NULL, NULL, NULL, NULL, NULL, NULL, NULL, NULL, NULL, NULL, NULL, NULL, NULL, '5', '1', '0', '0', '0', '0', '0', '0'),
(196, '0196', '2025-10-23 06:00:00', '1', '1', '3', '3', '154', NULL, '6', '17', 'A32329', '2025-10-20 06:00:00', '1', '837', '21260', 'N/A', NULL, NULL, NULL, NULL, NULL, NULL, NULL, NULL, NULL, NULL, NULL, NULL, NULL, NULL, NULL, NULL, NULL, '5', '1', '0', '0', '0', '0', '0', '0'),
(197, '0197', '2025-10-23 06:00:00', '1', '1', '8', '3', '155', NULL, '6', '17', 'A32331', '2025-10-20 06:00:00', '1', '846-10314', '12352', 'N/A', NULL, NULL, NULL, NULL, NULL, NULL, NULL, NULL, NULL, NULL, NULL, NULL, NULL, NULL, NULL, NULL, NULL, '5', '1', '0', '0', '0', '0', '0', '0'),
(198, '0198', '2025-10-23 06:00:00', '1', '1', '8', '3', '155', NULL, '6', '17', 'A32332', '2025-10-20 06:00:00', '1', '10309-10314', '18096', 'N/A', NULL, NULL, NULL, NULL, NULL, NULL, NULL, NULL, NULL, NULL, NULL, NULL, NULL, NULL, NULL, NULL, NULL, '5', '1', '0', '0', '0', '0', '0', '0'),
(199, '0199', '2025-10-23 06:00:00', '1', '1', '2', '29', '20', NULL, '2', '13', 'A32403', '2025-10-22 06:00:00', '1', '7537M10187', '19420', NULL, NULL, NULL, NULL, NULL, NULL, NULL, NULL, NULL, NULL, NULL, NULL, NULL, NULL, NULL, NULL, NULL, NULL, '5', '1', '0', '0', '0', '0', '0', '0'),
(200, '0200', '2025-10-23 06:00:00', '1', '1', '9', '3', '29', NULL, '6', '17', 'A32404', '2025-10-22 06:00:00', '1', '7540M114537', '8910', 'N/A', NULL, NULL, NULL, NULL, '213070', 'archivos/LAISA/2025/10/213070IPH140130GE7', 'archivos/LAISA/2025/10/EA_I107_213070_251021', NULL, NULL, NULL, NULL, NULL, NULL, NULL, NULL, NULL, NULL, '5', '1', '0', '0', '0', '0', '0', '0'),
(201, '0201', '2025-10-23 06:00:00', '1', '1', '5', '28', '18', NULL, '3', '14', 'A32406', '2025-10-22 06:00:00', '1', '7538M20975', '25520', NULL, NULL, NULL, NULL, NULL, '185597', 'archivos/LAISA/2025/10/185597IPH140130GE7', 'archivos/LAISA/2025/10/EA_I107_185597_251021', NULL, NULL, NULL, NULL, NULL, NULL, NULL, NULL, NULL, NULL, '5', '1', '0', '0', '0', '0', '0', '0'),
(202, '0202', '2025-10-23 06:00:00', '1', '1', '5', '15', '17', NULL, '3', '14', 'A32407', '2025-10-22 06:00:00', '1', '7538M20976', '26370', NULL, NULL, NULL, NULL, NULL, '185598', 'archivos/LAISA/2025/10/185598IPH140130GE7', 'archivos/LAISA/2025/10/EA_I107_185598_251021', NULL, NULL, NULL, NULL, NULL, NULL, NULL, NULL, NULL, NULL, '5', '1', '0', '0', '0', '0', '0', '0'),
(203, '0203', '2025-10-23 06:00:00', '1', '1', '5', '28', '18', NULL, '3', '14', 'A32408', '2025-10-22 06:00:00', '1', '7538M20982', '25990', NULL, NULL, NULL, NULL, NULL, NULL, NULL, NULL, NULL, NULL, NULL, NULL, NULL, NULL, NULL, NULL, NULL, NULL, '5', '1', '0', '0', '0', '0', '0', '0'),
(204, '0204', '2025-10-23 06:00:00', '1', '1', '5', '28', '18', NULL, '3', '14', 'A32409', '2025-10-22 06:00:00', '1', '7538M20985', '26100', NULL, NULL, NULL, NULL, NULL, NULL, NULL, NULL, NULL, NULL, NULL, NULL, NULL, NULL, NULL, NULL, NULL, NULL, '5', '1', '0', '0', '0', '0', '0', '0'),
(205, '0205', '2025-10-23 06:00:00', '1', '1', '11', '4', '134', NULL, '2', '13', 'A32421', '2025-10-23 06:00:00', '1', '7727M114733', '21620', NULL, NULL, NULL, NULL, NULL, NULL, NULL, NULL, NULL, NULL, NULL, NULL, NULL, NULL, NULL, NULL, NULL, NULL, '5', '1', '0', '0', '0', '0', '0', '0'),
(206, '0206', '2025-10-23 06:00:00', '1', '1', '11', '4', '134', NULL, '2', '13', 'A32422', '2025-10-23 06:00:00', '1', '7727M114734', '17930', '8975', '17930', NULL, NULL, NULL, NULL, NULL, NULL, 'archivos/LAISA/2025/10/8975AERR770225RC0', '', '1680.000', '420.000', '10500.000', '11760.000', NULL, NULL, NULL, NULL, '5', '1', '0', '0', '0', '0', '0', '0'),
(207, '0207', '2025-10-23 06:00:00', '1', '1', '10', '23', '22', NULL, '7', '18', 'A32423', '2025-10-23 06:00:00', '1', '7531M13575', '23350', NULL, NULL, NULL, NULL, NULL, NULL, NULL, NULL, NULL, NULL, NULL, NULL, NULL, NULL, NULL, NULL, NULL, NULL, '5', '1', '0', '0', '0', '0', '0', '0'),
(208, '0208', '2025-10-23 06:00:00', '1', '1', '1', '33', '37', NULL, '7', '18', 'A32424', '2025-10-23 06:00:00', '1', '1505', '26221', NULL, NULL, NULL, NULL, NULL, NULL, NULL, NULL, NULL, NULL, NULL, NULL, NULL, NULL, NULL, NULL, NULL, NULL, '5', '1', '0', '0', '0', '0', '0', '0'),
(209, '0209', '2025-10-23 06:00:00', '1', '1', '11', '3', '30', NULL, '6', '17', 'A32425', '2025-10-23 06:00:00', '1', '7727M114720', '21530', 'N/A', NULL, NULL, NULL, NULL, NULL, NULL, NULL, NULL, NULL, NULL, NULL, NULL, NULL, NULL, NULL, NULL, NULL, '5', '1', '0', '0', '0', '0', '0', '0'),
(210, '0210', '2025-10-23 06:00:00', '1', '1', '11', '3', '30', NULL, '6', '17', 'A32426', '2025-10-23 06:00:00', '1', '7727M114727', '20480', 'N/A', NULL, NULL, NULL, NULL, NULL, NULL, NULL, NULL, NULL, NULL, NULL, NULL, NULL, NULL, NULL, NULL, NULL, '5', '1', '0', '0', '0', '0', '0', '0'),
(211, '0211', '2025-10-23 06:00:00', '1', '1', '11', '3', '30', NULL, '6', '17', 'A32427', '2025-10-23 06:00:00', '1', '7727M114731', '21370', 'N/A', NULL, NULL, NULL, NULL, NULL, NULL, NULL, NULL, NULL, NULL, NULL, NULL, NULL, NULL, NULL, NULL, NULL, '5', '1', '0', '0', '0', '0', '0', '0'),
(212, '0212', '2025-10-23 06:00:00', '1', '1', '5', '15', '17', NULL, '3', '14', 'A32428', '2025-10-23 06:00:00', '1', '7538M20988', '26760', '7151', '26760', NULL, NULL, NULL, NULL, NULL, NULL, 'archivos/LAISA/2025/10/7151SIL210405VD1', '', '8263.490', '2065.870', '51646.800', '57844.420', NULL, NULL, NULL, NULL, '5', '1', '0', '0', '0', '0', '0', '0');

-- --------------------------------------------------------

--
-- Estructura de tabla para la tabla `transportes`
--

CREATE TABLE `transportes` (
  `id_transp` int NOT NULL,
  `placas` varchar(255) DEFAULT NULL,
  `razon_so` varchar(255) DEFAULT NULL,
  `linea` varchar(255) DEFAULT NULL,
  `tipo` varchar(255) DEFAULT NULL,
  `chofer` varchar(255) DEFAULT NULL,
  `placas_caja` varchar(255) DEFAULT NULL,
  `correo` varchar(255) DEFAULT NULL,
  `fecha` timestamp NOT NULL DEFAULT CURRENT_TIMESTAMP,
  `id_user` varchar(255) DEFAULT NULL,
  `status` varchar(255) DEFAULT NULL,
  `zona` varchar(255) DEFAULT NULL
) ENGINE=MyISAM DEFAULT CHARSET=utf8mb4 COLLATE=utf8mb4_0900_ai_ci;

--
-- Volcado de datos para la tabla `transportes`
--

INSERT INTO `transportes` (`id_transp`, `placas`, `razon_so`, `linea`, `tipo`, `chofer`, `placas_caja`, `correo`, `fecha`, `id_user`, `status`, `zona`) VALUES
(1, '123ABC', NULL, 'PROPIA', 'TRAILER', 'N/S', '456DEF', NULL, '2025-07-29 00:04:03', '1', '0', '1'),
(2, '1256AA', NULL, 'PROPIA', 'TORTON', 'N/S', '', NULL, '2025-08-14 18:53:07', '1', '0', '1'),
(3, 'N/A', 'N/A', 'N/A', 'TRAILER', 'N/A', '', 'ssilva@dexalapa.com.mx', '2025-08-18 21:41:37', '1', '1', '1'),
(4, 'A-420', 'ARREOLA RUBIO RIGOBERTO', 'PROPIA', 'TRAILER', '', '', 'trans.spf@rarreolar.com.mx', '2025-08-20 18:18:14', '1', '1', '1'),
(5, 'S-408', 'SALAZAR GONZALEZ ALFONSO', 'PROPIA', 'TRAILER', '', '', 'alfonso-negro1@outlook.com', '2025-08-20 18:34:26', '1', '1', '1'),
(6, 'M-454', 'MORALES MUNOZ MARIANA', 'PROPIA', 'TRAILER', '', '', 'e.guzman@momm.com.mx', '2025-08-20 18:34:26', '1', '1', '1'),
(7, 'M-446', 'MUNGUIA VASQUEZ MARIA DEL CARMEN', 'PROPIA', 'TRAILER', '', '', 'ssilva@dexalapa.com.mx', '2025-08-20 18:34:26', '1', '1', '1'),
(8, 'T-232', 'TRANSPOMARE SA DE CV', 'PROPIA', 'TRAILER', '', '', 'ssilva@dexalapa.com.mx', '2025-08-20 18:34:26', '1', '1', '1'),
(9, 'T-229', 'TRANSPORTES VIGNOLA SA DE CV', 'PROPIA', 'TRAILER', '', '', 'ssilva@dexalapa.com.mx', '2025-08-20 18:34:26', '1', '1', '1'),
(10, 'T-230', 'TEMM TRUCK SA DE CV', 'PROPIA', 'TRAILER', '', '', 'esthefania.martinez@temm.com.mx', '2025-08-20 18:34:26', '1', '1', '1'),
(11, 'T-235', 'TRANSPORTE Y LOGISTICA BUZMYR DE MEXICO SA DE CV', 'PROPIA', 'TRAILER', '', '', 'ssilva@dexalapa.com.mx', '2025-08-20 18:34:26', '1', '1', '1'),
(12, 'T-236', 'TRANSPORTES BENDOL SA DE CV', 'PROPIA', 'TRAILER', '', '', 'ssilva@dexalapa.com.mx', '2025-08-20 18:34:26', '1', '1', '1'),
(13, 'T-233', 'TRANSPORCART SA DE CV', 'PROPIA', 'TRAILER', '', '', 'ssilva@dexalapa.com.mx', '2025-08-20 18:34:26', '1', '1', '1'),
(14, 'T-234', 'TRANSPORTADORA LOGISTICA DE COACALCO SA DE CV', 'PROPIA', 'TRAILER', '', '', 'ssilva@dexalapa.com.mx', '2025-08-20 18:34:26', '1', '1', '1'),
(15, 'S-421', 'SERVICIOS INTEGRALES DE LOGISTICA NURIB SA DE CV', 'PROPIA', 'TRAILER', '', '', 'cuentasporcobrar@nurib.com.mx', '2025-08-20 18:34:26', '1', '1', '1'),
(16, 'S-422', 'SOLUCIONES EN TRANSPORTE ROMA SA DE CV', 'PROPIA', 'TRAILER', '', '', 'operaciones1@romalogistics.com.mx', '2025-08-20 18:34:26', '1', '1', '1'),
(17, 'T-040', 'TRANSPORTES ALIANO SA DE CV', 'PROPIA', 'TRAILER', '', '', 'ssilva@dexalapa.com.mx', '2025-08-20 18:34:26', '1', '1', '1'),
(18, 'T-239', 'TRANSPORTES PIGASA SA DE CV', 'PROPIA', 'TRAILER', '', '', 'ssilva@dexalapa.com.mx', '2025-08-20 18:34:26', '1', '1', '1'),
(19, 'T-240', 'TRANSPORTES RAMIREZ MARQUEZ SA DE CV', 'PROPIA', 'TRAILER', '', '', 'ssilva@dexalapa.com.mx', '2025-08-20 18:34:26', '1', '1', '1'),
(20, 'T-237', 'TRANSPORTES MARQUEZ DE TEPOTZOTLAN SA DE CV', 'PROPIA', 'TRAILER', '', '', 'facturaciontmt19@gmail.com', '2025-08-20 18:34:26', '1', '1', '1'),
(21, 'S-407', 'SALAZAR ESCOBAR JULIO CESAR', 'PROPIA', 'TRAILER', '', '', 'berthacolin@transportes-salazar1.com', '2025-08-20 18:34:26', '1', '1', '1'),
(22, 'S-409', 'SANCHEZ SANCHEZ JUANA', 'PROPIA', 'TRAILER', '', '', 'transportes_alhas@hotmail.com', '2025-08-20 18:34:26', '1', '1', '1'),
(23, 'C-600', 'COLOSOS TRANSPORTES SA DE CV', 'PROPIA', 'TRAILER', '', '', 'conta.colosos1@hotmail.com', '2025-08-20 18:34:26', '1', '1', '1'),
(24, 'C-598', 'CHAIRES BARRIENTOS OSCAR', 'PROPIA', 'TRAILER', '', '', 'oscarchaires1698@gmail.com', '2025-08-20 18:34:26', '1', '1', '1'),
(25, 'A-424', 'AUTOTRANSPORTES NEW PICK SA DE CV', 'PROPIA', 'TRAILER', '', '', 'finanzas1@dexalapa.com.mx', '2025-08-20 18:34:26', '1', '0', '1'),
(26, 'A-434', 'AUTOTRANSPORTES DEL REAL SA DE CV', 'PROPIA', 'TRAILER', '', '', 'finanzas1@dexalapa.com.mx', '2025-08-20 18:34:26', '1', '0', '1'),
(27, 'H-165', 'HERNANDEZ GARRIDO MANUEL MARCELINO', 'PROPIA', 'TRAILER', '', '', 'hjfacturacion@gmail.com', '2025-08-20 18:34:26', '1', '1', '1'),
(28, 'D-227', 'DAVILA PALOMINO RAUL', 'PROPIA', 'TRAILER', '', '', 'transportesdavila@prodigy.net.mx', '2025-08-20 18:34:26', '1', '1', '1'),
(29, 'B-186', 'BASALDUA ORTEGA ELOY', 'PROPIA', 'TRAILER', 'N/S', 'N/S', 'eloybasalduaortega@hotmail.com', '2025-08-21 17:42:16', '1', '1', '1'),
(30, 'G-481', 'JACOBO GONZALES FRAGOSO', 'PROPIA', 'TRAILER', 'N/S', 'N/S', 'Jacobo_gof@hotmail.com', '2025-09-03 22:58:12', '1', '1', '1'),
(31, 'E-246', 'ENLACES TERRESTRES RAFAGA SA DE CV', 'PROPIA', 'TRAILER', 'N/S', 'N/S', 'contacto@rafaga.mx', '2025-09-03 22:58:36', '1', '1', '1'),
(32, 'S-425', 'SERVICIO TERRESTRE NACIONAL', 'PROPIA', 'TRAILER', 'N/S', 'N/S', 'hdavila.stn2022@gmail.com', '2025-09-03 22:58:51', '1', '1', '1'),
(33, 'A-327', 'AUTOTRANSPORTES DEL REAL', 'PROPIA', 'TRAILER', 'N/S', 'N/S', 'atr.juarez@autodelreal.com', '2025-09-23 22:48:43', '1', '1', '1');

-- --------------------------------------------------------

--
-- Estructura de tabla para la tabla `user_activity_logs`
--

CREATE TABLE `user_activity_logs` (
  `id` int NOT NULL,
  `user_id` int DEFAULT NULL,
  `username` varchar(100) DEFAULT NULL,
  `action` varchar(255) DEFAULT NULL,
  `description` text,
  `ip_address` varchar(45) DEFAULT NULL,
  `user_agent` text,
  `created_at` timestamp NULL DEFAULT CURRENT_TIMESTAMP
) ENGINE=InnoDB DEFAULT CHARSET=utf8mb4 COLLATE=utf8mb4_0900_ai_ci;

--
-- Volcado de datos para la tabla `user_activity_logs`
--

INSERT INTO `user_activity_logs` (`id`, `user_id`, `username`, `action`, `description`, `ip_address`, `user_agent`, `created_at`) VALUES
(1, 1, 'ADMIN', 'LOGIN', 'Inicio de sesión exitoso', '186.96.54.230', 'Mozilla/5.0 (Windows NT 10.0; Win64; x64) AppleWebKit/537.36 (KHTML, like Gecko) Chrome/141.0.0.0 Safari/537.36', '2025-10-10 17:01:20'),
(2, 1, 'ADMIN', 'EDITAR', 'Edito la recoleccion 48', '186.96.54.230', 'Mozilla/5.0 (Windows NT 10.0; Win64; x64) AppleWebKit/537.36 (KHTML, like Gecko) Chrome/141.0.0.0 Safari/537.36', '2025-10-10 17:01:38'),
(3, 1, 'ADMIN', 'EDITAR', 'Edito la recoleccion 48', '186.96.54.230', 'Mozilla/5.0 (Windows NT 10.0; Win64; x64) AppleWebKit/537.36 (KHTML, like Gecko) Chrome/141.0.0.0 Safari/537.36', '2025-10-10 17:01:51'),
(4, 1, 'ADMIN', 'LOGIN', 'Inicio de sesión exitoso', '186.96.54.230', 'Mozilla/5.0 (Windows NT 10.0; Win64; x64) AppleWebKit/537.36 (KHTML, like Gecko) Chrome/141.0.0.0 Safari/537.36', '2025-10-10 22:06:20'),
(5, 3, 'MASTER', 'LOGIN', 'Inicio de sesión exitoso', '189.251.250.178', 'Mozilla/5.0 (Windows NT 10.0; Win64; x64) AppleWebKit/537.36 (KHTML, like Gecko) Chrome/141.0.0.0 Safari/537.36', '2025-10-10 23:31:34'),
(6, 1, 'ADMIN', 'LOGIN', 'Inicio de sesión exitoso', '186.96.54.230', 'Mozilla/5.0 (Windows NT 10.0; Win64; x64) AppleWebKit/537.36 (KHTML, like Gecko) Chrome/141.0.0.0 Safari/537.36', '2025-10-10 23:32:10'),
(7, 1, 'ADMIN', 'INV', ' Se buscaron facturas en invoice ', '186.96.54.230', 'Mozilla/5.0 (Windows NT 10.0; Win64; x64) AppleWebKit/537.36 (KHTML, like Gecko) Chrome/141.0.0.0 Safari/537.36', '2025-10-10 23:32:17'),
(8, 1, 'ADMIN', 'INV', ' Se buscaron contra recibos en invoice ', '186.96.54.230', 'Mozilla/5.0 (Windows NT 10.0; Win64; x64) AppleWebKit/537.36 (KHTML, like Gecko) Chrome/141.0.0.0 Safari/537.36', '2025-10-10 23:32:31'),
(9, 1, 'ADMIN', 'INV', ' Se buscaron facturas en invoice ', '186.96.54.230', 'Mozilla/5.0 (Windows NT 10.0; Win64; x64) AppleWebKit/537.36 (KHTML, like Gecko) Chrome/141.0.0.0 Safari/537.36', '2025-10-11 00:05:23'),
(10, 1, 'ADMIN', 'INV', ' Se buscaron contra recibos en invoice ', '186.96.54.230', 'Mozilla/5.0 (Windows NT 10.0; Win64; x64) AppleWebKit/537.36 (KHTML, like Gecko) Chrome/141.0.0.0 Safari/537.36', '2025-10-11 00:05:33'),
(11, 1, 'ADMIN', 'LOGIN', 'Inicio de sesión exitoso', '186.96.54.230', 'Mozilla/5.0 (Windows NT 10.0; Win64; x64) AppleWebKit/537.36 (KHTML, like Gecko) Chrome/141.0.0.0 Safari/537.36', '2025-10-13 15:57:52'),
(12, 1, 'ADMIN', 'LOGOUT', 'Usuario cerró sesión', '186.96.54.230', 'Mozilla/5.0 (Windows NT 10.0; Win64; x64) AppleWebKit/537.36 (KHTML, like Gecko) Chrome/141.0.0.0 Safari/537.36', '2025-10-13 15:57:59'),
(13, 1, 'ADMIN', 'LOGIN', 'Inicio de sesión exitoso', '186.96.54.230', 'Mozilla/5.0 (Windows NT 10.0; Win64; x64) AppleWebKit/537.36 (KHTML, like Gecko) Chrome/141.0.0.0 Safari/537.36', '2025-10-13 16:03:07'),
(14, 1, 'ADMIN', 'LOGOUT', 'Usuario cerró sesión', '186.96.54.230', 'Mozilla/5.0 (Windows NT 10.0; Win64; x64) AppleWebKit/537.36 (KHTML, like Gecko) Chrome/141.0.0.0 Safari/537.36', '2025-10-13 16:03:36'),
(15, 1, 'ADMIN', 'LOGIN', 'Inicio de sesión exitoso', '186.96.54.230', 'Mozilla/5.0 (Windows NT 10.0; Win64; x64) AppleWebKit/537.36 (KHTML, like Gecko) Chrome/141.0.0.0 Safari/537.36', '2025-10-13 16:04:29'),
(16, 1, 'ADMIN', 'INV', ' Se buscaron facturas en invoice ', '186.96.54.230', 'Mozilla/5.0 (Windows NT 10.0; Win64; x64) AppleWebKit/537.36 (KHTML, like Gecko) Chrome/141.0.0.0 Safari/537.36', '2025-10-13 16:04:37'),
(17, 1, 'ADMIN', 'INV', ' Se buscaron contra recibos en invoice ', '186.96.54.230', 'Mozilla/5.0 (Windows NT 10.0; Win64; x64) AppleWebKit/537.36 (KHTML, like Gecko) Chrome/141.0.0.0 Safari/537.36', '2025-10-13 16:05:01'),
(18, 1, 'ADMIN', 'LOGIN', 'Inicio de sesión exitoso', '201.106.121.119', 'Mozilla/5.0 (Linux; Android 10; K) AppleWebKit/537.36 (KHTML, like Gecko) Chrome/141.0.0.0 Mobile Safari/537.36', '2025-10-13 16:09:12'),
(19, 1, 'ADMIN', 'LOGIN', 'Inicio de sesión exitoso', '186.96.54.230', 'Mozilla/5.0 (Windows NT 10.0; Win64; x64) AppleWebKit/537.36 (KHTML, like Gecko) Chrome/141.0.0.0 Safari/537.36', '2025-10-13 17:08:46'),
(20, 3, 'MASTER', 'LOGIN', 'Inicio de sesión exitoso', '189.138.18.187', 'Mozilla/5.0 (Windows NT 10.0; Win64; x64) AppleWebKit/537.36 (KHTML, like Gecko) Chrome/141.0.0.0 Safari/537.36', '2025-10-13 17:23:46'),
(21, 4, 'RECOLECCION1', 'LOGIN', 'Inicio de sesión exitoso', '177.241.246.234', 'Mozilla/5.0 (Windows NT 10.0; Win64; x64) AppleWebKit/537.36 (KHTML, like Gecko) Chrome/141.0.0.0 Safari/537.36 Edg/141.0.0.0', '2025-10-13 18:03:26'),
(22, 1, 'ADMIN', 'LOGIN', 'Inicio de sesión exitoso', '186.96.54.230', 'Mozilla/5.0 (Windows NT 10.0; Win64; x64) AppleWebKit/537.36 (KHTML, like Gecko) Chrome/141.0.0.0 Safari/537.36', '2025-10-13 19:17:38'),
(23, 4, 'RECOLECCION1', 'LOGIN', 'Inicio de sesión exitoso', '177.241.246.234', 'Mozilla/5.0 (Windows NT 10.0; Win64; x64) AppleWebKit/537.36 (KHTML, like Gecko) Chrome/141.0.0.0 Safari/537.36 Edg/141.0.0.0', '2025-10-13 20:59:43'),
(24, 1, 'ADMIN', 'LOGIN', 'Inicio de sesión exitoso', '186.96.54.230', 'Mozilla/5.0 (Windows NT 10.0; Win64; x64) AppleWebKit/537.36 (KHTML, like Gecko) Chrome/141.0.0.0 Safari/537.36', '2025-10-13 21:35:52'),
(25, 1, 'ADMIN', 'INV', ' Se buscaron facturas en invoice ', '186.96.54.230', 'Mozilla/5.0 (Windows NT 10.0; Win64; x64) AppleWebKit/537.36 (KHTML, like Gecko) Chrome/141.0.0.0 Safari/537.36', '2025-10-13 21:43:08'),
(26, 1, 'ADMIN', 'INV', ' Se buscaron contra recibos en invoice ', '186.96.54.230', 'Mozilla/5.0 (Windows NT 10.0; Win64; x64) AppleWebKit/537.36 (KHTML, like Gecko) Chrome/141.0.0.0 Safari/537.36', '2025-10-13 21:43:16'),
(27, 1, 'ADMIN', 'INV', ' Se buscaron facturas en invoice ', '186.96.54.230', 'Mozilla/5.0 (Windows NT 10.0; Win64; x64) AppleWebKit/537.36 (KHTML, like Gecko) Chrome/141.0.0.0 Safari/537.36', '2025-10-13 21:52:47'),
(28, 1, 'ADMIN', 'INV', ' Se buscaron facturas en invoice ', '186.96.54.230', 'Mozilla/5.0 (Windows NT 10.0; Win64; x64) AppleWebKit/537.36 (KHTML, like Gecko) Chrome/141.0.0.0 Safari/537.36', '2025-10-13 21:52:57'),
(29, 1, 'ADMIN', 'INV', ' Se buscaron facturas en invoice ', '186.96.54.230', 'Mozilla/5.0 (Windows NT 10.0; Win64; x64) AppleWebKit/537.36 (KHTML, like Gecko) Chrome/141.0.0.0 Safari/537.36', '2025-10-13 21:53:34'),
(30, 4, 'RECOLECCION1', 'LOGIN', 'Inicio de sesión exitoso', '177.241.246.234', 'Mozilla/5.0 (Windows NT 10.0; Win64; x64) AppleWebKit/537.36 (KHTML, like Gecko) Chrome/141.0.0.0 Safari/537.36 Edg/141.0.0.0', '2025-10-13 21:56:41'),
(31, 1, 'ADMIN', 'INV', 'Se comprobó si existen las facturas y contra recibos en invoice ', '186.96.54.230', 'Mozilla/5.0 (Windows NT 10.0; Win64; x64) AppleWebKit/537.36 (KHTML, like Gecko) Chrome/141.0.0.0 Safari/537.36', '2025-10-13 21:59:13'),
(32, 1, 'ADMIN', 'INV', ' Se buscaron facturas en invoice ', '186.96.54.230', 'Mozilla/5.0 (Windows NT 10.0; Win64; x64) AppleWebKit/537.36 (KHTML, like Gecko) Chrome/141.0.0.0 Safari/537.36', '2025-10-13 22:24:48'),
(33, 1, 'ADMIN', 'INV', ' Se buscaron facturas en invoice ', '186.96.54.230', 'Mozilla/5.0 (Windows NT 10.0; Win64; x64) AppleWebKit/537.36 (KHTML, like Gecko) Chrome/141.0.0.0 Safari/537.36', '2025-10-13 22:48:13'),
(34, 1, 'ADMIN', 'INV', ' Se buscaron facturas en invoice ', '186.96.54.230', 'Mozilla/5.0 (Windows NT 10.0; Win64; x64) AppleWebKit/537.36 (KHTML, like Gecko) Chrome/141.0.0.0 Safari/537.36', '2025-10-13 22:58:39'),
(35, 1, 'ADMIN', 'INV', ' Se buscaron contra recibos en invoice ', '186.96.54.230', 'Mozilla/5.0 (Windows NT 10.0; Win64; x64) AppleWebKit/537.36 (KHTML, like Gecko) Chrome/141.0.0.0 Safari/537.36', '2025-10-13 22:58:47'),
(36, 3, 'Invitado', 'LOGOUT', 'Usuario cerró sesión', '186.96.54.230', 'Mozilla/5.0 (Windows NT 10.0; Win64; x64) AppleWebKit/537.36 (KHTML, like Gecko) Chrome/141.0.0.0 Safari/537.36', '2025-10-13 23:08:37'),
(37, 3, 'MASTER', 'LOGIN', 'Inicio de sesión exitoso', '186.96.54.230', 'Mozilla/5.0 (Windows NT 10.0; Win64; x64) AppleWebKit/537.36 (KHTML, like Gecko) Chrome/141.0.0.0 Safari/537.36', '2025-10-13 23:08:59'),
(38, 3, 'MASTER', 'LOGOUT', 'Usuario cerró sesión', '186.96.54.230', 'Mozilla/5.0 (Windows NT 10.0; Win64; x64) AppleWebKit/537.36 (KHTML, like Gecko) Chrome/141.0.0.0 Safari/537.36', '2025-10-14 00:07:56'),
(39, 1, 'ADMIN', 'LOGIN', 'Inicio de sesión exitoso', '186.96.54.230', 'Mozilla/5.0 (Windows NT 10.0; Win64; x64) AppleWebKit/537.36 (KHTML, like Gecko) Chrome/141.0.0.0 Safari/537.36', '2025-10-14 15:46:32'),
(40, 1, 'ADMIN', 'LOGIN', 'Inicio de sesión exitoso', '186.96.54.230', 'Mozilla/5.0 (Windows NT 10.0; Win64; x64) AppleWebKit/537.36 (KHTML, like Gecko) Chrome/141.0.0.0 Safari/537.36', '2025-10-14 18:25:38'),
(41, 1, 'ADMIN', 'LOGIN', 'Inicio de sesión exitoso', '186.96.54.230', 'Mozilla/5.0 (Windows NT 10.0; Win64; x64) AppleWebKit/537.36 (KHTML, like Gecko) Chrome/141.0.0.0 Safari/537.36', '2025-10-14 21:13:02'),
(42, 5, 'RECOLECCION2', 'LOGIN', 'Inicio de sesión exitoso', '177.241.246.234', 'Mozilla/5.0 (Windows NT 10.0; Win64; x64) AppleWebKit/537.36 (KHTML, like Gecko) Chrome/141.0.0.0 Safari/537.36 Edg/141.0.0.0', '2025-10-14 23:11:28'),
(43, 5, 'RECOLECCION2', 'LOGOUT', 'Usuario cerró sesión', '177.241.246.234', 'Mozilla/5.0 (Windows NT 10.0; Win64; x64) AppleWebKit/537.36 (KHTML, like Gecko) Chrome/141.0.0.0 Safari/537.36 Edg/141.0.0.0', '2025-10-14 23:40:13'),
(44, 5, 'RECOLECCION2', 'LOGIN', 'Inicio de sesión exitoso', '177.241.246.234', 'Mozilla/5.0 (Windows NT 10.0; Win64; x64) AppleWebKit/537.36 (KHTML, like Gecko) Chrome/141.0.0.0 Safari/537.36 Edg/141.0.0.0', '2025-10-15 17:23:33'),
(45, 5, 'RECOLECCION2', 'REC', 'Actualizo la remision y el peso de la recolección 33', '177.241.246.234', 'Mozilla/5.0 (Windows NT 10.0; Win64; x64) AppleWebKit/537.36 (KHTML, like Gecko) Chrome/141.0.0.0 Safari/537.36 Edg/141.0.0.0', '2025-10-15 17:35:05'),
(46, 5, 'RECOLECCION2', 'LOGOUT', 'Usuario cerró sesión', '177.241.246.234', 'Mozilla/5.0 (Windows NT 10.0; Win64; x64) AppleWebKit/537.36 (KHTML, like Gecko) Chrome/141.0.0.0 Safari/537.36 Edg/141.0.0.0', '2025-10-15 18:08:27'),
(47, 1, 'ADMIN', 'LOGIN', 'Inicio de sesión exitoso', '186.96.54.230', 'Mozilla/5.0 (Windows NT 10.0; Win64; x64) AppleWebKit/537.36 (KHTML, like Gecko) Chrome/141.0.0.0 Safari/537.36', '2025-10-15 18:24:14'),
(48, 1, 'ADMIN', 'EXCEL', 'Descargo el EXCEL de recolecciones', '186.96.54.230', 'Mozilla/5.0 (Windows NT 10.0; Win64; x64) AppleWebKit/537.36 (KHTML, like Gecko) Chrome/141.0.0.0 Safari/537.36', '2025-10-15 18:27:49'),
(49, 1, 'ADMIN', 'EXCEL', 'Descargo el EXCEL de recolecciones', '186.96.54.230', 'Mozilla/5.0 (Windows NT 10.0; Win64; x64) AppleWebKit/537.36 (KHTML, like Gecko) Chrome/141.0.0.0 Safari/537.36', '2025-10-15 18:28:51'),
(50, 1, 'ADMIN', 'INV', ' Se buscaron facturas en invoice ', '186.96.54.230', 'Mozilla/5.0 (Windows NT 10.0; Win64; x64) AppleWebKit/537.36 (KHTML, like Gecko) Chrome/141.0.0.0 Safari/537.36', '2025-10-15 18:56:47'),
(51, 1, 'ADMIN', 'INV', ' Se buscaron contra recibos en invoice ', '186.96.54.230', 'Mozilla/5.0 (Windows NT 10.0; Win64; x64) AppleWebKit/537.36 (KHTML, like Gecko) Chrome/141.0.0.0 Safari/537.36', '2025-10-15 18:56:55'),
(52, 1, 'ADMIN', 'EDITAR', 'Se actualizo el fletero 29', '186.96.54.230', 'Mozilla/5.0 (Windows NT 10.0; Win64; x64) AppleWebKit/537.36 (KHTML, like Gecko) Chrome/141.0.0.0 Safari/537.36', '2025-10-15 19:03:57'),
(53, 1, 'ADMIN', 'INV', ' Se buscaron facturas en invoice ', '186.96.54.230', 'Mozilla/5.0 (Windows NT 10.0; Win64; x64) AppleWebKit/537.36 (KHTML, like Gecko) Chrome/141.0.0.0 Safari/537.36', '2025-10-15 19:52:38'),
(54, 1, 'ADMIN', 'INV', ' Se buscaron contra recibos en invoice ', '186.96.54.230', 'Mozilla/5.0 (Windows NT 10.0; Win64; x64) AppleWebKit/537.36 (KHTML, like Gecko) Chrome/141.0.0.0 Safari/537.36', '2025-10-15 19:52:46'),
(55, 1, 'ADMIN', 'LOGIN', 'Inicio de sesión exitoso', '186.96.54.230', 'Mozilla/5.0 (Windows NT 10.0; Win64; x64) AppleWebKit/537.36 (KHTML, like Gecko) Chrome/141.0.0.0 Safari/537.36', '2025-10-15 21:38:55'),
(56, 4, 'RECOLECCION1', 'LOGIN', 'Inicio de sesión exitoso', '177.241.246.234', 'Mozilla/5.0 (Windows NT 10.0; Win64; x64) AppleWebKit/537.36 (KHTML, like Gecko) Chrome/141.0.0.0 Safari/537.36 Edg/141.0.0.0', '2025-10-15 21:40:21'),
(57, 5, 'RECOLECCION2', 'LOGIN', 'Inicio de sesión exitoso', '177.241.246.234', 'Mozilla/5.0 (Windows NT 10.0; Win64; x64) AppleWebKit/537.36 (KHTML, like Gecko) Chrome/141.0.0.0 Safari/537.36 Edg/141.0.0.0', '2025-10-16 14:17:23'),
(58, 1, 'ADMIN', 'LOGIN', 'Inicio de sesión exitoso', '186.96.54.230', 'Mozilla/5.0 (Windows NT 10.0; Win64; x64) AppleWebKit/537.36 (KHTML, like Gecko) Chrome/141.0.0.0 Safari/537.36', '2025-10-16 15:34:38'),
(59, 1, 'ADMIN', 'EDITAR', 'Actualizo el usuario 5', '186.96.54.230', 'Mozilla/5.0 (Windows NT 10.0; Win64; x64) AppleWebKit/537.36 (KHTML, like Gecko) Chrome/141.0.0.0 Safari/537.36', '2025-10-16 15:45:04'),
(60, 1, 'ADMIN', 'PRECIO', 'Registro precio de flete para el fletero 3', '186.96.54.230', 'Mozilla/5.0 (Windows NT 10.0; Win64; x64) AppleWebKit/537.36 (KHTML, like Gecko) Chrome/141.0.0.0 Safari/537.36', '2025-10-16 15:48:47'),
(61, 1, 'ADMIN', 'PRECIO', 'Precio actualizado con éxito (fechas modificadas) Para el producto 26', '186.96.54.230', 'Mozilla/5.0 (Windows NT 10.0; Win64; x64) AppleWebKit/537.36 (KHTML, like Gecko) Chrome/141.0.0.0 Safari/537.36', '2025-10-16 15:54:41'),
(62, 3, 'MASTER', 'LOGIN', 'Inicio de sesión exitoso', '201.106.121.119', 'Mozilla/5.0 (Windows NT 10.0; Win64; x64) AppleWebKit/537.36 (KHTML, like Gecko) Chrome/141.0.0.0 Safari/537.36', '2025-10-16 16:10:45'),
(63, 1, 'ADMIN', 'PRECIO', 'Registro precio de flete para el fletero 4', '186.96.54.230', 'Mozilla/5.0 (Windows NT 10.0; Win64; x64) AppleWebKit/537.36 (KHTML, like Gecko) Chrome/141.0.0.0 Safari/537.36', '2025-10-16 16:49:32'),
(64, 1, 'ADMIN', 'PRECIO', 'Registro precio de flete para el fletero 29', '186.96.54.230', 'Mozilla/5.0 (Windows NT 10.0; Win64; x64) AppleWebKit/537.36 (KHTML, like Gecko) Chrome/141.0.0.0 Safari/537.36', '2025-10-16 16:50:58'),
(65, 1, 'ADMIN', 'PRECIO', 'Registro precio de flete para el fletero 31', '186.96.54.230', 'Mozilla/5.0 (Windows NT 10.0; Win64; x64) AppleWebKit/537.36 (KHTML, like Gecko) Chrome/141.0.0.0 Safari/537.36', '2025-10-16 16:51:27'),
(66, 1, 'ADMIN', 'PRECIO', 'Registro precio de flete para el fletero 30', '186.96.54.230', 'Mozilla/5.0 (Windows NT 10.0; Win64; x64) AppleWebKit/537.36 (KHTML, like Gecko) Chrome/141.0.0.0 Safari/537.36', '2025-10-16 16:51:50'),
(67, 1, 'ADMIN', 'PRECIO', 'Registro precio de flete para el fletero 22', '186.96.54.230', 'Mozilla/5.0 (Windows NT 10.0; Win64; x64) AppleWebKit/537.36 (KHTML, like Gecko) Chrome/141.0.0.0 Safari/537.36', '2025-10-16 16:52:24'),
(68, 1, 'ADMIN', 'PRECIO', 'Registro precio de flete para el fletero 10', '186.96.54.230', 'Mozilla/5.0 (Windows NT 10.0; Win64; x64) AppleWebKit/537.36 (KHTML, like Gecko) Chrome/141.0.0.0 Safari/537.36', '2025-10-16 16:52:46'),
(69, 1, 'ADMIN', 'PRECIO', 'Registro precio de flete para el fletero 33', '186.96.54.230', 'Mozilla/5.0 (Windows NT 10.0; Win64; x64) AppleWebKit/537.36 (KHTML, like Gecko) Chrome/141.0.0.0 Safari/537.36', '2025-10-16 16:53:02'),
(70, 1, 'ADMIN', 'PRECIO', 'Registro precio de flete para el fletero 23', '186.96.54.230', 'Mozilla/5.0 (Windows NT 10.0; Win64; x64) AppleWebKit/537.36 (KHTML, like Gecko) Chrome/141.0.0.0 Safari/537.36', '2025-10-16 16:53:20'),
(71, 1, 'ADMIN', 'PRECIO', 'Registro precio de flete para el fletero 27', '186.96.54.230', 'Mozilla/5.0 (Windows NT 10.0; Win64; x64) AppleWebKit/537.36 (KHTML, like Gecko) Chrome/141.0.0.0 Safari/537.36', '2025-10-16 16:53:40'),
(72, 1, 'ADMIN', 'PRECIO', 'Registro precio de flete para el fletero 32', '186.96.54.230', 'Mozilla/5.0 (Windows NT 10.0; Win64; x64) AppleWebKit/537.36 (KHTML, like Gecko) Chrome/141.0.0.0 Safari/537.36', '2025-10-16 16:53:57'),
(73, 1, 'ADMIN', 'PRECIO', 'Registro precio de flete para el fletero 15', '186.96.54.230', 'Mozilla/5.0 (Windows NT 10.0; Win64; x64) AppleWebKit/537.36 (KHTML, like Gecko) Chrome/141.0.0.0 Safari/537.36', '2025-10-16 16:54:19'),
(74, 1, 'ADMIN', 'PRECIO', 'Registro precio de flete para el fletero 20', '186.96.54.230', 'Mozilla/5.0 (Windows NT 10.0; Win64; x64) AppleWebKit/537.36 (KHTML, like Gecko) Chrome/141.0.0.0 Safari/537.36', '2025-10-16 16:54:39'),
(75, 1, 'ADMIN', 'EDITAR', 'Actualizo el usuario 4', '186.96.54.230', 'Mozilla/5.0 (Windows NT 10.0; Win64; x64) AppleWebKit/537.36 (KHTML, like Gecko) Chrome/141.0.0.0 Safari/537.36', '2025-10-16 16:56:58'),
(76, 4, 'RECOLECCION1', 'LOGIN', 'Inicio de sesión exitoso', '186.96.54.230', 'Mozilla/5.0 (Windows NT 10.0; Win64; x64) AppleWebKit/537.36 (KHTML, like Gecko) Chrome/141.0.0.0 Safari/537.36', '2025-10-16 16:57:16'),
(77, 1, 'ADMIN', 'LOGIN', 'Inicio de sesión exitoso', '186.96.54.230', 'Mozilla/5.0 (Windows NT 10.0; Win64; x64) AppleWebKit/537.36 (KHTML, like Gecko) Chrome/141.0.0.0 Safari/537.36', '2025-10-16 17:59:24'),
(78, 1, 'ADMIN', 'INV', ' Se buscaron facturas en invoice ', '186.96.54.230', 'Mozilla/5.0 (Windows NT 10.0; Win64; x64) AppleWebKit/537.36 (KHTML, like Gecko) Chrome/141.0.0.0 Safari/537.36', '2025-10-16 18:11:48'),
(79, 1, 'ADMIN', 'INV', ' Se buscaron contra recibos en invoice ', '186.96.54.230', 'Mozilla/5.0 (Windows NT 10.0; Win64; x64) AppleWebKit/537.36 (KHTML, like Gecko) Chrome/141.0.0.0 Safari/537.36', '2025-10-16 18:11:56'),
(80, 1, 'ADMIN', 'INV', ' Se buscaron contra recibos en invoice ', '186.96.54.230', 'Mozilla/5.0 (Windows NT 10.0; Win64; x64) AppleWebKit/537.36 (KHTML, like Gecko) Chrome/141.0.0.0 Safari/537.36', '2025-10-16 18:12:00'),
(81, 1, 'ADMIN', 'INV', ' Se buscaron facturas en invoice ', '186.96.54.230', 'Mozilla/5.0 (Windows NT 10.0; Win64; x64) AppleWebKit/537.36 (KHTML, like Gecko) Chrome/141.0.0.0 Safari/537.36', '2025-10-16 18:12:04'),
(82, 1, 'ADMIN', 'INV', ' Se buscaron facturas en invoice ', '186.96.54.230', 'Mozilla/5.0 (Windows NT 10.0; Win64; x64) AppleWebKit/537.36 (KHTML, like Gecko) Chrome/141.0.0.0 Safari/537.36', '2025-10-16 18:12:13'),
(83, 1, 'ADMIN', 'INV', ' Se buscaron contra recibos en invoice ', '186.96.54.230', 'Mozilla/5.0 (Windows NT 10.0; Win64; x64) AppleWebKit/537.36 (KHTML, like Gecko) Chrome/141.0.0.0 Safari/537.36', '2025-10-16 18:12:19'),
(84, 1, 'ADMIN', 'INV', ' Se buscaron facturas en invoice ', '186.96.54.230', 'Mozilla/5.0 (Windows NT 10.0; Win64; x64) AppleWebKit/537.36 (KHTML, like Gecko) Chrome/141.0.0.0 Safari/537.36', '2025-10-16 19:11:22'),
(85, 1, 'ADMIN', 'INV', ' Se buscaron contra recibos en invoice ', '186.96.54.230', 'Mozilla/5.0 (Windows NT 10.0; Win64; x64) AppleWebKit/537.36 (KHTML, like Gecko) Chrome/141.0.0.0 Safari/537.36', '2025-10-16 19:11:31'),
(86, 1, 'ADMIN', 'LOGIN', 'Inicio de sesión exitoso', '186.96.54.230', 'Mozilla/5.0 (Windows NT 10.0; Win64; x64) AppleWebKit/537.36 (KHTML, like Gecko) Chrome/141.0.0.0 Safari/537.36', '2025-10-16 20:56:47'),
(87, 5, 'RECOLECCION2', 'LOGIN', 'Inicio de sesión exitoso', '187.190.223.31', 'Mozilla/5.0 (Windows NT 10.0; Win64; x64) AppleWebKit/537.36 (KHTML, like Gecko) Chrome/141.0.0.0 Safari/537.36 Edg/141.0.0.0', '2025-10-17 01:02:49'),
(88, 5, 'RECOLECCION2', 'CREAR', 'Dio de alta una nueva recolección 49', '187.190.223.31', 'Mozilla/5.0 (Windows NT 10.0; Win64; x64) AppleWebKit/537.36 (KHTML, like Gecko) Chrome/141.0.0.0 Safari/537.36 Edg/141.0.0.0', '2025-10-17 01:07:49'),
(89, 5, 'RECOLECCION2', 'REC', 'Actualizo la remision y el peso de la recolección 49', '187.190.223.31', 'Mozilla/5.0 (Windows NT 10.0; Win64; x64) AppleWebKit/537.36 (KHTML, like Gecko) Chrome/141.0.0.0 Safari/537.36 Edg/141.0.0.0', '2025-10-17 01:08:33'),
(90, 5, 'RECOLECCION2', 'CREAR', 'Dio de alta una nueva recolección 50', '187.190.223.31', 'Mozilla/5.0 (Windows NT 10.0; Win64; x64) AppleWebKit/537.36 (KHTML, like Gecko) Chrome/141.0.0.0 Safari/537.36 Edg/141.0.0.0', '2025-10-17 01:13:37'),
(91, 5, 'RECOLECCION2', 'REC', 'Actualizo la remision y el peso de la recolección 50', '187.190.223.31', 'Mozilla/5.0 (Windows NT 10.0; Win64; x64) AppleWebKit/537.36 (KHTML, like Gecko) Chrome/141.0.0.0 Safari/537.36 Edg/141.0.0.0', '2025-10-17 01:14:12'),
(92, 5, 'RECOLECCION2', 'CREAR', 'Dio de alta una nueva recolección 51', '187.190.223.31', 'Mozilla/5.0 (Windows NT 10.0; Win64; x64) AppleWebKit/537.36 (KHTML, like Gecko) Chrome/141.0.0.0 Safari/537.36 Edg/141.0.0.0', '2025-10-17 01:17:26'),
(93, 5, 'RECOLECCION2', 'REC', 'Actualizo la remision y el peso de la recolección 51', '187.190.223.31', 'Mozilla/5.0 (Windows NT 10.0; Win64; x64) AppleWebKit/537.36 (KHTML, like Gecko) Chrome/141.0.0.0 Safari/537.36 Edg/141.0.0.0', '2025-10-17 01:17:54'),
(94, 5, 'RECOLECCION2', 'CREAR', 'Dio de alta una nueva recolección 52', '187.190.223.31', 'Mozilla/5.0 (Windows NT 10.0; Win64; x64) AppleWebKit/537.36 (KHTML, like Gecko) Chrome/141.0.0.0 Safari/537.36 Edg/141.0.0.0', '2025-10-17 01:20:23'),
(95, 5, 'RECOLECCION2', 'REC', 'Actualizo la remision y el peso de la recolección 52', '187.190.223.31', 'Mozilla/5.0 (Windows NT 10.0; Win64; x64) AppleWebKit/537.36 (KHTML, like Gecko) Chrome/141.0.0.0 Safari/537.36 Edg/141.0.0.0', '2025-10-17 01:20:56'),
(96, 5, 'RECOLECCION2', 'CREAR', 'Dio de alta una nueva recolección 53', '187.190.223.31', 'Mozilla/5.0 (Windows NT 10.0; Win64; x64) AppleWebKit/537.36 (KHTML, like Gecko) Chrome/141.0.0.0 Safari/537.36 Edg/141.0.0.0', '2025-10-17 01:23:12'),
(97, 5, 'RECOLECCION2', 'REC', 'Actualizo la remision y el peso de la recolección 53', '187.190.223.31', 'Mozilla/5.0 (Windows NT 10.0; Win64; x64) AppleWebKit/537.36 (KHTML, like Gecko) Chrome/141.0.0.0 Safari/537.36 Edg/141.0.0.0', '2025-10-17 01:23:43'),
(98, 5, 'RECOLECCION2', 'CREAR', 'Dio de alta una nueva recolección 54', '187.190.223.31', 'Mozilla/5.0 (Windows NT 10.0; Win64; x64) AppleWebKit/537.36 (KHTML, like Gecko) Chrome/141.0.0.0 Safari/537.36 Edg/141.0.0.0', '2025-10-17 01:25:39'),
(99, 5, 'RECOLECCION2', 'REC', 'Actualizo la remision y el peso de la recolección 54', '187.190.223.31', 'Mozilla/5.0 (Windows NT 10.0; Win64; x64) AppleWebKit/537.36 (KHTML, like Gecko) Chrome/141.0.0.0 Safari/537.36 Edg/141.0.0.0', '2025-10-17 01:26:16'),
(100, 5, 'RECOLECCION2', 'CREAR', 'Dio de alta una nueva recolección 55', '187.190.223.31', 'Mozilla/5.0 (Windows NT 10.0; Win64; x64) AppleWebKit/537.36 (KHTML, like Gecko) Chrome/141.0.0.0 Safari/537.36 Edg/141.0.0.0', '2025-10-17 01:31:06'),
(101, 5, 'RECOLECCION2', 'REC', 'Actualizo la remision y el peso de la recolección 55', '187.190.223.31', 'Mozilla/5.0 (Windows NT 10.0; Win64; x64) AppleWebKit/537.36 (KHTML, like Gecko) Chrome/141.0.0.0 Safari/537.36 Edg/141.0.0.0', '2025-10-17 01:31:34'),
(102, 5, 'RECOLECCION2', 'CREAR', 'Dio de alta una nueva recolección 56', '187.190.223.31', 'Mozilla/5.0 (Windows NT 10.0; Win64; x64) AppleWebKit/537.36 (KHTML, like Gecko) Chrome/141.0.0.0 Safari/537.36 Edg/141.0.0.0', '2025-10-17 01:35:23'),
(103, 5, 'RECOLECCION2', 'CREAR', 'Dio de alta una nueva recolección 57', '187.190.223.31', 'Mozilla/5.0 (Windows NT 10.0; Win64; x64) AppleWebKit/537.36 (KHTML, like Gecko) Chrome/141.0.0.0 Safari/537.36 Edg/141.0.0.0', '2025-10-17 01:35:23'),
(104, 5, 'RECOLECCION2', 'REC', 'Actualizo la remision y el peso de la recolección 57', '187.190.223.31', 'Mozilla/5.0 (Windows NT 10.0; Win64; x64) AppleWebKit/537.36 (KHTML, like Gecko) Chrome/141.0.0.0 Safari/537.36 Edg/141.0.0.0', '2025-10-17 01:35:51'),
(105, 5, 'RECOLECCION2', 'REC', 'Ingreso una remision existente en el sistema en la recolección 56', '187.190.223.31', 'Mozilla/5.0 (Windows NT 10.0; Win64; x64) AppleWebKit/537.36 (KHTML, like Gecko) Chrome/141.0.0.0 Safari/537.36 Edg/141.0.0.0', '2025-10-17 01:37:42'),
(106, 5, 'RECOLECCION2', 'EDITAR', 'Edito la recoleccion 57', '187.190.223.31', 'Mozilla/5.0 (Windows NT 10.0; Win64; x64) AppleWebKit/537.36 (KHTML, like Gecko) Chrome/141.0.0.0 Safari/537.36 Edg/141.0.0.0', '2025-10-17 01:39:19'),
(107, 5, 'RECOLECCION2', 'REC', 'Ingreso una remision existente en el sistema en la recolección 56', '187.190.223.31', 'Mozilla/5.0 (Windows NT 10.0; Win64; x64) AppleWebKit/537.36 (KHTML, like Gecko) Chrome/141.0.0.0 Safari/537.36 Edg/141.0.0.0', '2025-10-17 01:42:31'),
(108, 5, 'RECOLECCION2', 'EDITAR', 'Edito la recoleccion 56', '187.190.223.31', 'Mozilla/5.0 (Windows NT 10.0; Win64; x64) AppleWebKit/537.36 (KHTML, like Gecko) Chrome/141.0.0.0 Safari/537.36 Edg/141.0.0.0', '2025-10-17 01:43:42'),
(109, 5, 'RECOLECCION2', 'REC', 'Actualizo la remision y el peso de la recolección 56', '187.190.223.31', 'Mozilla/5.0 (Windows NT 10.0; Win64; x64) AppleWebKit/537.36 (KHTML, like Gecko) Chrome/141.0.0.0 Safari/537.36 Edg/141.0.0.0', '2025-10-17 01:44:06'),
(110, 5, 'RECOLECCION2', 'EDITAR', 'Edito la recoleccion 57', '187.190.223.31', 'Mozilla/5.0 (Windows NT 10.0; Win64; x64) AppleWebKit/537.36 (KHTML, like Gecko) Chrome/141.0.0.0 Safari/537.36 Edg/141.0.0.0', '2025-10-17 01:45:48'),
(111, 5, 'RECOLECCION2', 'LOGOUT', 'Usuario cerró sesión', '187.190.223.31', 'Mozilla/5.0 (Windows NT 10.0; Win64; x64) AppleWebKit/537.36 (KHTML, like Gecko) Chrome/141.0.0.0 Safari/537.36 Edg/141.0.0.0', '2025-10-17 01:47:37'),
(112, 5, 'RECOLECCION2', 'LOGIN', 'Inicio de sesión exitoso', '187.190.223.31', 'Mozilla/5.0 (Windows NT 10.0; Win64; x64) AppleWebKit/537.36 (KHTML, like Gecko) Chrome/141.0.0.0 Safari/537.36 Edg/141.0.0.0', '2025-10-17 02:19:53'),
(113, 5, 'RECOLECCION2', 'CREAR', 'Dio de alta una nueva recolección 58', '187.190.223.31', 'Mozilla/5.0 (Windows NT 10.0; Win64; x64) AppleWebKit/537.36 (KHTML, like Gecko) Chrome/141.0.0.0 Safari/537.36 Edg/141.0.0.0', '2025-10-17 02:21:15'),
(114, 5, 'RECOLECCION2', 'REC', 'Actualizo la remision y el peso de la recolección 58', '187.190.223.31', 'Mozilla/5.0 (Windows NT 10.0; Win64; x64) AppleWebKit/537.36 (KHTML, like Gecko) Chrome/141.0.0.0 Safari/537.36 Edg/141.0.0.0', '2025-10-17 02:21:42'),
(115, 5, 'RECOLECCION2', 'CREAR', 'Dio de alta una nueva recolección 59', '187.190.223.31', 'Mozilla/5.0 (Windows NT 10.0; Win64; x64) AppleWebKit/537.36 (KHTML, like Gecko) Chrome/141.0.0.0 Safari/537.36 Edg/141.0.0.0', '2025-10-17 02:29:45'),
(116, 5, 'RECOLECCION2', 'REC', 'Actualizo la remision y el peso de la recolección 59', '187.190.223.31', 'Mozilla/5.0 (Windows NT 10.0; Win64; x64) AppleWebKit/537.36 (KHTML, like Gecko) Chrome/141.0.0.0 Safari/537.36 Edg/141.0.0.0', '2025-10-17 02:30:16'),
(117, 5, 'RECOLECCION2', 'CREAR', 'Dio de alta una nueva recolección 60', '187.190.223.31', 'Mozilla/5.0 (Windows NT 10.0; Win64; x64) AppleWebKit/537.36 (KHTML, like Gecko) Chrome/141.0.0.0 Safari/537.36 Edg/141.0.0.0', '2025-10-17 02:35:55'),
(118, 5, 'RECOLECCION2', 'REC', 'Actualizo la remision y el peso de la recolección 60', '187.190.223.31', 'Mozilla/5.0 (Windows NT 10.0; Win64; x64) AppleWebKit/537.36 (KHTML, like Gecko) Chrome/141.0.0.0 Safari/537.36 Edg/141.0.0.0', '2025-10-17 02:37:03'),
(119, 5, 'RECOLECCION2', 'CREAR', 'Dio de alta una nueva recolección 61', '187.190.223.31', 'Mozilla/5.0 (Windows NT 10.0; Win64; x64) AppleWebKit/537.36 (KHTML, like Gecko) Chrome/141.0.0.0 Safari/537.36 Edg/141.0.0.0', '2025-10-17 02:38:51'),
(120, 5, 'RECOLECCION2', 'REC', 'Actualizo la remision y el peso de la recolección 61', '187.190.223.31', 'Mozilla/5.0 (Windows NT 10.0; Win64; x64) AppleWebKit/537.36 (KHTML, like Gecko) Chrome/141.0.0.0 Safari/537.36 Edg/141.0.0.0', '2025-10-17 02:39:18'),
(121, 5, 'RECOLECCION2', 'CREAR', 'Dio de alta una nueva recolección 62', '187.190.223.31', 'Mozilla/5.0 (Windows NT 10.0; Win64; x64) AppleWebKit/537.36 (KHTML, like Gecko) Chrome/141.0.0.0 Safari/537.36 Edg/141.0.0.0', '2025-10-17 02:43:01'),
(122, 5, 'RECOLECCION2', 'REC', 'Actualizo la remision y el peso de la recolección 62', '187.190.223.31', 'Mozilla/5.0 (Windows NT 10.0; Win64; x64) AppleWebKit/537.36 (KHTML, like Gecko) Chrome/141.0.0.0 Safari/537.36 Edg/141.0.0.0', '2025-10-17 02:44:00'),
(123, 5, 'RECOLECCION2', 'CREAR', 'Dio de alta una nueva recolección 63', '187.190.223.31', 'Mozilla/5.0 (Windows NT 10.0; Win64; x64) AppleWebKit/537.36 (KHTML, like Gecko) Chrome/141.0.0.0 Safari/537.36 Edg/141.0.0.0', '2025-10-17 02:45:43'),
(124, 5, 'RECOLECCION2', 'REC', 'Actualizo la remision y el peso de la recolección 63', '187.190.223.31', 'Mozilla/5.0 (Windows NT 10.0; Win64; x64) AppleWebKit/537.36 (KHTML, like Gecko) Chrome/141.0.0.0 Safari/537.36 Edg/141.0.0.0', '2025-10-17 02:46:12'),
(125, 5, 'RECOLECCION2', 'CREAR', 'Dio de alta una nueva recolección 64', '187.190.223.31', 'Mozilla/5.0 (Windows NT 10.0; Win64; x64) AppleWebKit/537.36 (KHTML, like Gecko) Chrome/141.0.0.0 Safari/537.36 Edg/141.0.0.0', '2025-10-17 02:47:57'),
(126, 5, 'RECOLECCION2', 'REC', 'Actualizo la remision y el peso de la recolección 64', '187.190.223.31', 'Mozilla/5.0 (Windows NT 10.0; Win64; x64) AppleWebKit/537.36 (KHTML, like Gecko) Chrome/141.0.0.0 Safari/537.36 Edg/141.0.0.0', '2025-10-17 02:49:23'),
(127, 5, 'RECOLECCION2', 'EDITAR', 'Edito la recoleccion 64', '187.190.223.31', 'Mozilla/5.0 (Windows NT 10.0; Win64; x64) AppleWebKit/537.36 (KHTML, like Gecko) Chrome/141.0.0.0 Safari/537.36 Edg/141.0.0.0', '2025-10-17 02:51:34'),
(128, 5, 'RECOLECCION2', 'CREAR', 'Dio de alta una nueva recolección 65', '187.190.223.31', 'Mozilla/5.0 (Windows NT 10.0; Win64; x64) AppleWebKit/537.36 (KHTML, like Gecko) Chrome/141.0.0.0 Safari/537.36 Edg/141.0.0.0', '2025-10-17 02:55:33'),
(129, 5, 'RECOLECCION2', 'REC', 'Actualizo la remision y el peso de la recolección 65', '187.190.223.31', 'Mozilla/5.0 (Windows NT 10.0; Win64; x64) AppleWebKit/537.36 (KHTML, like Gecko) Chrome/141.0.0.0 Safari/537.36 Edg/141.0.0.0', '2025-10-17 02:56:37'),
(130, 5, 'RECOLECCION2', 'CREAR', 'Dio de alta una nueva recolección 66', '187.190.223.31', 'Mozilla/5.0 (Windows NT 10.0; Win64; x64) AppleWebKit/537.36 (KHTML, like Gecko) Chrome/141.0.0.0 Safari/537.36 Edg/141.0.0.0', '2025-10-17 02:58:07'),
(131, 5, 'RECOLECCION2', 'REC', 'Actualizo la remision y el peso de la recolección 66', '187.190.223.31', 'Mozilla/5.0 (Windows NT 10.0; Win64; x64) AppleWebKit/537.36 (KHTML, like Gecko) Chrome/141.0.0.0 Safari/537.36 Edg/141.0.0.0', '2025-10-17 02:58:37'),
(132, 5, 'RECOLECCION2', 'CREAR', 'Dio de alta una nueva recolección 67', '187.190.223.31', 'Mozilla/5.0 (Windows NT 10.0; Win64; x64) AppleWebKit/537.36 (KHTML, like Gecko) Chrome/141.0.0.0 Safari/537.36 Edg/141.0.0.0', '2025-10-17 03:01:06'),
(133, 5, 'RECOLECCION2', 'REC', 'Actualizo la remision y el peso de la recolección 67', '187.190.223.31', 'Mozilla/5.0 (Windows NT 10.0; Win64; x64) AppleWebKit/537.36 (KHTML, like Gecko) Chrome/141.0.0.0 Safari/537.36 Edg/141.0.0.0', '2025-10-17 03:01:45'),
(134, 5, 'RECOLECCION2', 'CREAR', 'Dio de alta una nueva recolección 68', '187.190.223.31', 'Mozilla/5.0 (Windows NT 10.0; Win64; x64) AppleWebKit/537.36 (KHTML, like Gecko) Chrome/141.0.0.0 Safari/537.36 Edg/141.0.0.0', '2025-10-17 03:10:55'),
(135, 5, 'RECOLECCION2', 'REC', 'Actualizo la remision y el peso de la recolección 68', '187.190.223.31', 'Mozilla/5.0 (Windows NT 10.0; Win64; x64) AppleWebKit/537.36 (KHTML, like Gecko) Chrome/141.0.0.0 Safari/537.36 Edg/141.0.0.0', '2025-10-17 03:11:19'),
(136, 5, 'RECOLECCION2', 'CREAR', 'Dio de alta una nueva recolección 69', '187.190.223.31', 'Mozilla/5.0 (Windows NT 10.0; Win64; x64) AppleWebKit/537.36 (KHTML, like Gecko) Chrome/141.0.0.0 Safari/537.36 Edg/141.0.0.0', '2025-10-17 03:13:24'),
(137, 5, 'RECOLECCION2', 'REC', 'Actualizo la remision y el peso de la recolección 69', '187.190.223.31', 'Mozilla/5.0 (Windows NT 10.0; Win64; x64) AppleWebKit/537.36 (KHTML, like Gecko) Chrome/141.0.0.0 Safari/537.36 Edg/141.0.0.0', '2025-10-17 03:13:51'),
(138, 5, 'RECOLECCION2', 'CREAR', 'Dio de alta una nueva recolección 70', '187.190.223.31', 'Mozilla/5.0 (Windows NT 10.0; Win64; x64) AppleWebKit/537.36 (KHTML, like Gecko) Chrome/141.0.0.0 Safari/537.36 Edg/141.0.0.0', '2025-10-17 03:15:40'),
(139, 5, 'RECOLECCION2', 'REC', 'Actualizo la remision y el peso de la recolección 70', '187.190.223.31', 'Mozilla/5.0 (Windows NT 10.0; Win64; x64) AppleWebKit/537.36 (KHTML, like Gecko) Chrome/141.0.0.0 Safari/537.36 Edg/141.0.0.0', '2025-10-17 03:16:02'),
(140, 5, 'RECOLECCION2', 'CREAR', 'Dio de alta una nueva recolección 71', '187.190.223.31', 'Mozilla/5.0 (Windows NT 10.0; Win64; x64) AppleWebKit/537.36 (KHTML, like Gecko) Chrome/141.0.0.0 Safari/537.36 Edg/141.0.0.0', '2025-10-17 03:17:23'),
(141, 5, 'RECOLECCION2', 'REC', 'Actualizo la remision y el peso de la recolección 71', '187.190.223.31', 'Mozilla/5.0 (Windows NT 10.0; Win64; x64) AppleWebKit/537.36 (KHTML, like Gecko) Chrome/141.0.0.0 Safari/537.36 Edg/141.0.0.0', '2025-10-17 03:17:47'),
(142, 5, 'RECOLECCION2', 'CREAR', 'Dio de alta una nueva recolección 72', '187.190.223.31', 'Mozilla/5.0 (Windows NT 10.0; Win64; x64) AppleWebKit/537.36 (KHTML, like Gecko) Chrome/141.0.0.0 Safari/537.36 Edg/141.0.0.0', '2025-10-17 03:19:42'),
(143, 5, 'RECOLECCION2', 'REC', 'Actualizo la remision y el peso de la recolección 72', '187.190.223.31', 'Mozilla/5.0 (Windows NT 10.0; Win64; x64) AppleWebKit/537.36 (KHTML, like Gecko) Chrome/141.0.0.0 Safari/537.36 Edg/141.0.0.0', '2025-10-17 03:20:05'),
(144, 5, 'RECOLECCION2', 'CREAR', 'Dio de alta una nueva recolección 73', '187.190.223.31', 'Mozilla/5.0 (Windows NT 10.0; Win64; x64) AppleWebKit/537.36 (KHTML, like Gecko) Chrome/141.0.0.0 Safari/537.36 Edg/141.0.0.0', '2025-10-17 03:34:32'),
(145, 5, 'RECOLECCION2', 'REC', 'Actualizo la remision y el peso de la recolección 73', '187.190.223.31', 'Mozilla/5.0 (Windows NT 10.0; Win64; x64) AppleWebKit/537.36 (KHTML, like Gecko) Chrome/141.0.0.0 Safari/537.36 Edg/141.0.0.0', '2025-10-17 03:34:59'),
(146, 5, 'RECOLECCION2', 'CREAR', 'Dio de alta una nueva recolección 74', '187.190.223.31', 'Mozilla/5.0 (Windows NT 10.0; Win64; x64) AppleWebKit/537.36 (KHTML, like Gecko) Chrome/141.0.0.0 Safari/537.36 Edg/141.0.0.0', '2025-10-17 03:37:06'),
(147, 5, 'RECOLECCION2', 'REC', 'Actualizo la remision y el peso de la recolección 74', '187.190.223.31', 'Mozilla/5.0 (Windows NT 10.0; Win64; x64) AppleWebKit/537.36 (KHTML, like Gecko) Chrome/141.0.0.0 Safari/537.36 Edg/141.0.0.0', '2025-10-17 03:37:36'),
(148, 5, 'RECOLECCION2', 'CREAR', 'Dio de alta una nueva recolección 75', '187.190.223.31', 'Mozilla/5.0 (Windows NT 10.0; Win64; x64) AppleWebKit/537.36 (KHTML, like Gecko) Chrome/141.0.0.0 Safari/537.36 Edg/141.0.0.0', '2025-10-17 03:39:02'),
(149, 5, 'RECOLECCION2', 'REC', 'Actualizo la remision y el peso de la recolección 75', '187.190.223.31', 'Mozilla/5.0 (Windows NT 10.0; Win64; x64) AppleWebKit/537.36 (KHTML, like Gecko) Chrome/141.0.0.0 Safari/537.36 Edg/141.0.0.0', '2025-10-17 03:39:40'),
(150, 5, 'RECOLECCION2', 'CREAR', 'Dio de alta una nueva recolección 76', '187.190.223.31', 'Mozilla/5.0 (Windows NT 10.0; Win64; x64) AppleWebKit/537.36 (KHTML, like Gecko) Chrome/141.0.0.0 Safari/537.36 Edg/141.0.0.0', '2025-10-17 03:41:32'),
(151, 5, 'RECOLECCION2', 'REC', 'Actualizo la remision y el peso de la recolección 76', '187.190.223.31', 'Mozilla/5.0 (Windows NT 10.0; Win64; x64) AppleWebKit/537.36 (KHTML, like Gecko) Chrome/141.0.0.0 Safari/537.36 Edg/141.0.0.0', '2025-10-17 03:41:58'),
(152, 5, 'RECOLECCION2', 'CREAR', 'Dio de alta una nueva recolección 77', '187.190.223.31', 'Mozilla/5.0 (Windows NT 10.0; Win64; x64) AppleWebKit/537.36 (KHTML, like Gecko) Chrome/141.0.0.0 Safari/537.36 Edg/141.0.0.0', '2025-10-17 03:43:56'),
(153, 5, 'RECOLECCION2', 'REC', 'Actualizo la remision y el peso de la recolección 77', '187.190.223.31', 'Mozilla/5.0 (Windows NT 10.0; Win64; x64) AppleWebKit/537.36 (KHTML, like Gecko) Chrome/141.0.0.0 Safari/537.36 Edg/141.0.0.0', '2025-10-17 03:44:25'),
(154, 5, 'RECOLECCION2', 'CREAR', 'Dio de alta una nueva recolección 78', '187.190.223.31', 'Mozilla/5.0 (Windows NT 10.0; Win64; x64) AppleWebKit/537.36 (KHTML, like Gecko) Chrome/141.0.0.0 Safari/537.36 Edg/141.0.0.0', '2025-10-17 03:46:00'),
(155, 5, 'RECOLECCION2', 'REC', 'Actualizo la remision y el peso de la recolección 78', '187.190.223.31', 'Mozilla/5.0 (Windows NT 10.0; Win64; x64) AppleWebKit/537.36 (KHTML, like Gecko) Chrome/141.0.0.0 Safari/537.36 Edg/141.0.0.0', '2025-10-17 03:46:26'),
(156, 5, 'RECOLECCION2', 'CREAR', 'Dio de alta una nueva recolección 79', '187.190.223.31', 'Mozilla/5.0 (Windows NT 10.0; Win64; x64) AppleWebKit/537.36 (KHTML, like Gecko) Chrome/141.0.0.0 Safari/537.36 Edg/141.0.0.0', '2025-10-17 03:47:36'),
(157, 5, 'RECOLECCION2', 'REC', 'Actualizo la remision y el peso de la recolección 79', '187.190.223.31', 'Mozilla/5.0 (Windows NT 10.0; Win64; x64) AppleWebKit/537.36 (KHTML, like Gecko) Chrome/141.0.0.0 Safari/537.36 Edg/141.0.0.0', '2025-10-17 03:48:22'),
(158, 5, 'RECOLECCION2', 'CREAR', 'Dio de alta una nueva recolección 80', '187.190.223.31', 'Mozilla/5.0 (Windows NT 10.0; Win64; x64) AppleWebKit/537.36 (KHTML, like Gecko) Chrome/141.0.0.0 Safari/537.36 Edg/141.0.0.0', '2025-10-17 03:50:23'),
(159, 5, 'RECOLECCION2', 'REC', 'Actualizo la remision y el peso de la recolección 80', '187.190.223.31', 'Mozilla/5.0 (Windows NT 10.0; Win64; x64) AppleWebKit/537.36 (KHTML, like Gecko) Chrome/141.0.0.0 Safari/537.36 Edg/141.0.0.0', '2025-10-17 03:50:54'),
(160, 5, 'RECOLECCION2', 'CREAR', 'Dio de alta una nueva recolección 81', '187.190.223.31', 'Mozilla/5.0 (Windows NT 10.0; Win64; x64) AppleWebKit/537.36 (KHTML, like Gecko) Chrome/141.0.0.0 Safari/537.36 Edg/141.0.0.0', '2025-10-17 03:52:10'),
(161, 5, 'RECOLECCION2', 'REC', 'Actualizo la remision y el peso de la recolección 81', '187.190.223.31', 'Mozilla/5.0 (Windows NT 10.0; Win64; x64) AppleWebKit/537.36 (KHTML, like Gecko) Chrome/141.0.0.0 Safari/537.36 Edg/141.0.0.0', '2025-10-17 03:52:54'),
(162, 5, 'RECOLECCION2', 'CREAR', 'Dio de alta una nueva recolección 82', '187.190.223.31', 'Mozilla/5.0 (Windows NT 10.0; Win64; x64) AppleWebKit/537.36 (KHTML, like Gecko) Chrome/141.0.0.0 Safari/537.36 Edg/141.0.0.0', '2025-10-17 03:55:09'),
(163, 5, 'RECOLECCION2', 'REC', 'Actualizo la remision y el peso de la recolección 82', '187.190.223.31', 'Mozilla/5.0 (Windows NT 10.0; Win64; x64) AppleWebKit/537.36 (KHTML, like Gecko) Chrome/141.0.0.0 Safari/537.36 Edg/141.0.0.0', '2025-10-17 03:55:49'),
(164, 5, 'RECOLECCION2', 'CREAR', 'Dio de alta una nueva recolección 83', '187.190.223.31', 'Mozilla/5.0 (Windows NT 10.0; Win64; x64) AppleWebKit/537.36 (KHTML, like Gecko) Chrome/141.0.0.0 Safari/537.36 Edg/141.0.0.0', '2025-10-17 04:00:59'),
(165, 5, 'RECOLECCION2', 'REC', 'Actualizo la remision y el peso de la recolección 83', '187.190.223.31', 'Mozilla/5.0 (Windows NT 10.0; Win64; x64) AppleWebKit/537.36 (KHTML, like Gecko) Chrome/141.0.0.0 Safari/537.36 Edg/141.0.0.0', '2025-10-17 04:01:24'),
(166, 5, 'RECOLECCION2', 'CREAR', 'Dio de alta una nueva recolección 84', '187.190.223.31', 'Mozilla/5.0 (Windows NT 10.0; Win64; x64) AppleWebKit/537.36 (KHTML, like Gecko) Chrome/141.0.0.0 Safari/537.36 Edg/141.0.0.0', '2025-10-17 04:02:36'),
(167, 5, 'RECOLECCION2', 'REC', 'Actualizo la remision y el peso de la recolección 84', '187.190.223.31', 'Mozilla/5.0 (Windows NT 10.0; Win64; x64) AppleWebKit/537.36 (KHTML, like Gecko) Chrome/141.0.0.0 Safari/537.36 Edg/141.0.0.0', '2025-10-17 04:03:00'),
(168, 5, 'RECOLECCION2', 'CREAR', 'Dio de alta una nueva recolección 85', '187.190.223.31', 'Mozilla/5.0 (Windows NT 10.0; Win64; x64) AppleWebKit/537.36 (KHTML, like Gecko) Chrome/141.0.0.0 Safari/537.36 Edg/141.0.0.0', '2025-10-17 04:05:22'),
(169, 5, 'RECOLECCION2', 'REC', 'Actualizo la remision y el peso de la recolección 85', '187.190.223.31', 'Mozilla/5.0 (Windows NT 10.0; Win64; x64) AppleWebKit/537.36 (KHTML, like Gecko) Chrome/141.0.0.0 Safari/537.36 Edg/141.0.0.0', '2025-10-17 04:05:47'),
(170, 5, 'RECOLECCION2', 'CREAR', 'Dio de alta una nueva recolección 86', '187.190.223.31', 'Mozilla/5.0 (Windows NT 10.0; Win64; x64) AppleWebKit/537.36 (KHTML, like Gecko) Chrome/141.0.0.0 Safari/537.36 Edg/141.0.0.0', '2025-10-17 04:06:50'),
(171, 5, 'RECOLECCION2', 'REC', 'Actualizo la remision y el peso de la recolección 86', '187.190.223.31', 'Mozilla/5.0 (Windows NT 10.0; Win64; x64) AppleWebKit/537.36 (KHTML, like Gecko) Chrome/141.0.0.0 Safari/537.36 Edg/141.0.0.0', '2025-10-17 04:07:15'),
(172, 5, 'RECOLECCION2', 'CREAR', 'Dio de alta una nueva recolección 87', '187.190.223.31', 'Mozilla/5.0 (Windows NT 10.0; Win64; x64) AppleWebKit/537.36 (KHTML, like Gecko) Chrome/141.0.0.0 Safari/537.36 Edg/141.0.0.0', '2025-10-17 04:08:35'),
(173, 5, 'RECOLECCION2', 'REC', 'Actualizo la remision y el peso de la recolección 87', '187.190.223.31', 'Mozilla/5.0 (Windows NT 10.0; Win64; x64) AppleWebKit/537.36 (KHTML, like Gecko) Chrome/141.0.0.0 Safari/537.36 Edg/141.0.0.0', '2025-10-17 04:08:57'),
(174, 5, 'RECOLECCION2', 'CREAR', 'Dio de alta una nueva recolección 88', '187.190.223.31', 'Mozilla/5.0 (Windows NT 10.0; Win64; x64) AppleWebKit/537.36 (KHTML, like Gecko) Chrome/141.0.0.0 Safari/537.36 Edg/141.0.0.0', '2025-10-17 04:10:10'),
(175, 5, 'RECOLECCION2', 'REC', 'Actualizo la remision y el peso de la recolección 88', '187.190.223.31', 'Mozilla/5.0 (Windows NT 10.0; Win64; x64) AppleWebKit/537.36 (KHTML, like Gecko) Chrome/141.0.0.0 Safari/537.36 Edg/141.0.0.0', '2025-10-17 04:10:31'),
(176, 5, 'RECOLECCION2', 'CREAR', 'Dio de alta una nueva recolección 89', '187.190.223.31', 'Mozilla/5.0 (Windows NT 10.0; Win64; x64) AppleWebKit/537.36 (KHTML, like Gecko) Chrome/141.0.0.0 Safari/537.36 Edg/141.0.0.0', '2025-10-17 04:11:34'),
(177, 5, 'RECOLECCION2', 'REC', 'Actualizo la remision y el peso de la recolección 89', '187.190.223.31', 'Mozilla/5.0 (Windows NT 10.0; Win64; x64) AppleWebKit/537.36 (KHTML, like Gecko) Chrome/141.0.0.0 Safari/537.36 Edg/141.0.0.0', '2025-10-17 04:11:59'),
(178, 5, 'RECOLECCION2', 'CREAR', 'Dio de alta una nueva recolección 90', '187.190.223.31', 'Mozilla/5.0 (Windows NT 10.0; Win64; x64) AppleWebKit/537.36 (KHTML, like Gecko) Chrome/141.0.0.0 Safari/537.36 Edg/141.0.0.0', '2025-10-17 04:13:49'),
(179, 5, 'RECOLECCION2', 'REC', 'Actualizo la remision y el peso de la recolección 90', '187.190.223.31', 'Mozilla/5.0 (Windows NT 10.0; Win64; x64) AppleWebKit/537.36 (KHTML, like Gecko) Chrome/141.0.0.0 Safari/537.36 Edg/141.0.0.0', '2025-10-17 04:14:36'),
(180, 5, 'RECOLECCION2', 'CREAR', 'Dio de alta una nueva recolección 91', '187.190.223.31', 'Mozilla/5.0 (Windows NT 10.0; Win64; x64) AppleWebKit/537.36 (KHTML, like Gecko) Chrome/141.0.0.0 Safari/537.36 Edg/141.0.0.0', '2025-10-17 04:17:02'),
(181, 5, 'RECOLECCION2', 'REC', 'Actualizo la remision y el peso de la recolección 91', '187.190.223.31', 'Mozilla/5.0 (Windows NT 10.0; Win64; x64) AppleWebKit/537.36 (KHTML, like Gecko) Chrome/141.0.0.0 Safari/537.36 Edg/141.0.0.0', '2025-10-17 04:17:31'),
(182, 5, 'RECOLECCION2', 'CREAR', 'Dio de alta una nueva recolección 92', '187.190.223.31', 'Mozilla/5.0 (Windows NT 10.0; Win64; x64) AppleWebKit/537.36 (KHTML, like Gecko) Chrome/141.0.0.0 Safari/537.36 Edg/141.0.0.0', '2025-10-17 04:20:10'),
(183, 5, 'RECOLECCION2', 'REC', 'Actualizo la remision y el peso de la recolección 92', '187.190.223.31', 'Mozilla/5.0 (Windows NT 10.0; Win64; x64) AppleWebKit/537.36 (KHTML, like Gecko) Chrome/141.0.0.0 Safari/537.36 Edg/141.0.0.0', '2025-10-17 04:20:31'),
(184, 5, 'RECOLECCION2', 'CREAR', 'Dio de alta una nueva recolección 93', '187.190.223.31', 'Mozilla/5.0 (Windows NT 10.0; Win64; x64) AppleWebKit/537.36 (KHTML, like Gecko) Chrome/141.0.0.0 Safari/537.36 Edg/141.0.0.0', '2025-10-17 04:21:22'),
(185, 5, 'RECOLECCION2', 'REC', 'Actualizo la remision y el peso de la recolección 93', '187.190.223.31', 'Mozilla/5.0 (Windows NT 10.0; Win64; x64) AppleWebKit/537.36 (KHTML, like Gecko) Chrome/141.0.0.0 Safari/537.36 Edg/141.0.0.0', '2025-10-17 04:21:44'),
(186, 5, 'RECOLECCION2', 'CREAR', 'Dio de alta una nueva recolección 94', '187.190.223.31', 'Mozilla/5.0 (Windows NT 10.0; Win64; x64) AppleWebKit/537.36 (KHTML, like Gecko) Chrome/141.0.0.0 Safari/537.36 Edg/141.0.0.0', '2025-10-17 04:23:25'),
(187, 5, 'RECOLECCION2', 'REC', 'Actualizo la remision y el peso de la recolección 94', '187.190.223.31', 'Mozilla/5.0 (Windows NT 10.0; Win64; x64) AppleWebKit/537.36 (KHTML, like Gecko) Chrome/141.0.0.0 Safari/537.36 Edg/141.0.0.0', '2025-10-17 04:23:47'),
(188, 5, 'RECOLECCION2', 'CREAR', 'Dio de alta una nueva recolección 95', '187.190.223.31', 'Mozilla/5.0 (Windows NT 10.0; Win64; x64) AppleWebKit/537.36 (KHTML, like Gecko) Chrome/141.0.0.0 Safari/537.36 Edg/141.0.0.0', '2025-10-17 04:25:17'),
(189, 5, 'RECOLECCION2', 'REC', 'Actualizo la remision y el peso de la recolección 95', '187.190.223.31', 'Mozilla/5.0 (Windows NT 10.0; Win64; x64) AppleWebKit/537.36 (KHTML, like Gecko) Chrome/141.0.0.0 Safari/537.36 Edg/141.0.0.0', '2025-10-17 04:25:43'),
(190, 5, 'RECOLECCION2', 'CREAR', 'Dio de alta una nueva recolección 96', '187.190.223.31', 'Mozilla/5.0 (Windows NT 10.0; Win64; x64) AppleWebKit/537.36 (KHTML, like Gecko) Chrome/141.0.0.0 Safari/537.36 Edg/141.0.0.0', '2025-10-17 04:32:15'),
(191, 5, 'RECOLECCION2', 'REC', 'Actualizo la remision y el peso de la recolección 96', '187.190.223.31', 'Mozilla/5.0 (Windows NT 10.0; Win64; x64) AppleWebKit/537.36 (KHTML, like Gecko) Chrome/141.0.0.0 Safari/537.36 Edg/141.0.0.0', '2025-10-17 04:32:39'),
(192, 5, 'RECOLECCION2', 'CREAR', 'Dio de alta una nueva recolección 97', '187.190.223.31', 'Mozilla/5.0 (Windows NT 10.0; Win64; x64) AppleWebKit/537.36 (KHTML, like Gecko) Chrome/141.0.0.0 Safari/537.36 Edg/141.0.0.0', '2025-10-17 04:34:35'),
(193, 5, 'RECOLECCION2', 'REC', 'Actualizo la remision y el peso de la recolección 97', '187.190.223.31', 'Mozilla/5.0 (Windows NT 10.0; Win64; x64) AppleWebKit/537.36 (KHTML, like Gecko) Chrome/141.0.0.0 Safari/537.36 Edg/141.0.0.0', '2025-10-17 04:34:56'),
(194, 5, 'RECOLECCION2', 'CREAR', 'Dio de alta una nueva recolección 98', '187.190.223.31', 'Mozilla/5.0 (Windows NT 10.0; Win64; x64) AppleWebKit/537.36 (KHTML, like Gecko) Chrome/141.0.0.0 Safari/537.36 Edg/141.0.0.0', '2025-10-17 04:36:01'),
(195, 5, 'RECOLECCION2', 'REC', 'Actualizo la remision y el peso de la recolección 98', '187.190.223.31', 'Mozilla/5.0 (Windows NT 10.0; Win64; x64) AppleWebKit/537.36 (KHTML, like Gecko) Chrome/141.0.0.0 Safari/537.36 Edg/141.0.0.0', '2025-10-17 04:36:25'),
(196, 5, 'RECOLECCION2', 'CREAR', 'Dio de alta una nueva recolección 99', '187.190.223.31', 'Mozilla/5.0 (Windows NT 10.0; Win64; x64) AppleWebKit/537.36 (KHTML, like Gecko) Chrome/141.0.0.0 Safari/537.36 Edg/141.0.0.0', '2025-10-17 04:38:34'),
(197, 5, 'RECOLECCION2', 'REC', 'Actualizo la remision y el peso de la recolección 99', '187.190.223.31', 'Mozilla/5.0 (Windows NT 10.0; Win64; x64) AppleWebKit/537.36 (KHTML, like Gecko) Chrome/141.0.0.0 Safari/537.36 Edg/141.0.0.0', '2025-10-17 04:38:58'),
(198, 5, 'RECOLECCION2', 'CREAR', 'Dio de alta una nueva recolección 100', '187.190.223.31', 'Mozilla/5.0 (Windows NT 10.0; Win64; x64) AppleWebKit/537.36 (KHTML, like Gecko) Chrome/141.0.0.0 Safari/537.36 Edg/141.0.0.0', '2025-10-17 04:40:29'),
(199, 5, 'RECOLECCION2', 'REC', 'Actualizo la remision y el peso de la recolección 100', '187.190.223.31', 'Mozilla/5.0 (Windows NT 10.0; Win64; x64) AppleWebKit/537.36 (KHTML, like Gecko) Chrome/141.0.0.0 Safari/537.36 Edg/141.0.0.0', '2025-10-17 04:40:52'),
(200, 5, 'RECOLECCION2', 'CREAR', 'Dio de alta una nueva recolección 101', '187.190.223.31', 'Mozilla/5.0 (Windows NT 10.0; Win64; x64) AppleWebKit/537.36 (KHTML, like Gecko) Chrome/141.0.0.0 Safari/537.36 Edg/141.0.0.0', '2025-10-17 04:41:57'),
(201, 5, 'RECOLECCION2', 'REC', 'Actualizo la remision y el peso de la recolección 101', '187.190.223.31', 'Mozilla/5.0 (Windows NT 10.0; Win64; x64) AppleWebKit/537.36 (KHTML, like Gecko) Chrome/141.0.0.0 Safari/537.36 Edg/141.0.0.0', '2025-10-17 04:42:30'),
(202, 5, 'RECOLECCION2', 'CREAR', 'Dio de alta una nueva recolección 102', '187.190.223.31', 'Mozilla/5.0 (Windows NT 10.0; Win64; x64) AppleWebKit/537.36 (KHTML, like Gecko) Chrome/141.0.0.0 Safari/537.36 Edg/141.0.0.0', '2025-10-17 04:44:23'),
(203, 5, 'RECOLECCION2', 'REC', 'Actualizo la remision y el peso de la recolección 102', '187.190.223.31', 'Mozilla/5.0 (Windows NT 10.0; Win64; x64) AppleWebKit/537.36 (KHTML, like Gecko) Chrome/141.0.0.0 Safari/537.36 Edg/141.0.0.0', '2025-10-17 04:44:48'),
(204, 5, 'RECOLECCION2', 'CREAR', 'Dio de alta una nueva recolección 103', '187.190.223.31', 'Mozilla/5.0 (Windows NT 10.0; Win64; x64) AppleWebKit/537.36 (KHTML, like Gecko) Chrome/141.0.0.0 Safari/537.36 Edg/141.0.0.0', '2025-10-17 04:45:43'),
(205, 5, 'RECOLECCION2', 'REC', 'Actualizo la remision y el peso de la recolección 103', '187.190.223.31', 'Mozilla/5.0 (Windows NT 10.0; Win64; x64) AppleWebKit/537.36 (KHTML, like Gecko) Chrome/141.0.0.0 Safari/537.36 Edg/141.0.0.0', '2025-10-17 04:46:05'),
(206, 5, 'RECOLECCION2', 'CREAR', 'Dio de alta una nueva recolección 104', '187.190.223.31', 'Mozilla/5.0 (Windows NT 10.0; Win64; x64) AppleWebKit/537.36 (KHTML, like Gecko) Chrome/141.0.0.0 Safari/537.36 Edg/141.0.0.0', '2025-10-17 04:48:22'),
(207, 5, 'RECOLECCION2', 'REC', 'Actualizo la remision y el peso de la recolección 104', '187.190.223.31', 'Mozilla/5.0 (Windows NT 10.0; Win64; x64) AppleWebKit/537.36 (KHTML, like Gecko) Chrome/141.0.0.0 Safari/537.36 Edg/141.0.0.0', '2025-10-17 04:48:47'),
(208, 5, 'RECOLECCION2', 'CREAR', 'Dio de alta una nueva recolección 105', '187.190.223.31', 'Mozilla/5.0 (Windows NT 10.0; Win64; x64) AppleWebKit/537.36 (KHTML, like Gecko) Chrome/141.0.0.0 Safari/537.36 Edg/141.0.0.0', '2025-10-17 04:49:57'),
(209, 5, 'RECOLECCION2', 'REC', 'Actualizo la remision y el peso de la recolección 105', '187.190.223.31', 'Mozilla/5.0 (Windows NT 10.0; Win64; x64) AppleWebKit/537.36 (KHTML, like Gecko) Chrome/141.0.0.0 Safari/537.36 Edg/141.0.0.0', '2025-10-17 04:50:21'),
(210, 5, 'RECOLECCION2', 'CREAR', 'Dio de alta una nueva recolección 106', '187.190.223.31', 'Mozilla/5.0 (Windows NT 10.0; Win64; x64) AppleWebKit/537.36 (KHTML, like Gecko) Chrome/141.0.0.0 Safari/537.36 Edg/141.0.0.0', '2025-10-17 04:52:12');
INSERT INTO `user_activity_logs` (`id`, `user_id`, `username`, `action`, `description`, `ip_address`, `user_agent`, `created_at`) VALUES
(211, 5, 'RECOLECCION2', 'REC', 'Actualizo la remision y el peso de la recolección 106', '187.190.223.31', 'Mozilla/5.0 (Windows NT 10.0; Win64; x64) AppleWebKit/537.36 (KHTML, like Gecko) Chrome/141.0.0.0 Safari/537.36 Edg/141.0.0.0', '2025-10-17 04:52:34'),
(212, 5, 'RECOLECCION2', 'CREAR', 'Dio de alta una nueva recolección 107', '187.190.223.31', 'Mozilla/5.0 (Windows NT 10.0; Win64; x64) AppleWebKit/537.36 (KHTML, like Gecko) Chrome/141.0.0.0 Safari/537.36 Edg/141.0.0.0', '2025-10-17 04:54:14'),
(213, 5, 'RECOLECCION2', 'REC', 'Actualizo la remision y el peso de la recolección 107', '187.190.223.31', 'Mozilla/5.0 (Windows NT 10.0; Win64; x64) AppleWebKit/537.36 (KHTML, like Gecko) Chrome/141.0.0.0 Safari/537.36 Edg/141.0.0.0', '2025-10-17 04:54:47'),
(214, 5, 'RECOLECCION2', 'CREAR', 'Dio de alta una nueva recolección 108', '187.190.223.31', 'Mozilla/5.0 (Windows NT 10.0; Win64; x64) AppleWebKit/537.36 (KHTML, like Gecko) Chrome/141.0.0.0 Safari/537.36 Edg/141.0.0.0', '2025-10-17 04:55:43'),
(215, 5, 'RECOLECCION2', 'REC', 'Actualizo la remision y el peso de la recolección 108', '187.190.223.31', 'Mozilla/5.0 (Windows NT 10.0; Win64; x64) AppleWebKit/537.36 (KHTML, like Gecko) Chrome/141.0.0.0 Safari/537.36 Edg/141.0.0.0', '2025-10-17 04:56:08'),
(216, 5, 'RECOLECCION2', 'CREAR', 'Dio de alta una nueva recolección 109', '187.190.223.31', 'Mozilla/5.0 (Windows NT 10.0; Win64; x64) AppleWebKit/537.36 (KHTML, like Gecko) Chrome/141.0.0.0 Safari/537.36 Edg/141.0.0.0', '2025-10-17 04:57:30'),
(217, 5, 'RECOLECCION2', 'REC', 'Actualizo la remision y el peso de la recolección 109', '187.190.223.31', 'Mozilla/5.0 (Windows NT 10.0; Win64; x64) AppleWebKit/537.36 (KHTML, like Gecko) Chrome/141.0.0.0 Safari/537.36 Edg/141.0.0.0', '2025-10-17 04:57:55'),
(218, 5, 'RECOLECCION2', 'CREAR', 'Dio de alta una nueva recolección 110', '187.190.223.31', 'Mozilla/5.0 (Windows NT 10.0; Win64; x64) AppleWebKit/537.36 (KHTML, like Gecko) Chrome/141.0.0.0 Safari/537.36 Edg/141.0.0.0', '2025-10-17 04:59:00'),
(219, 5, 'RECOLECCION2', 'REC', 'Actualizo la remision y el peso de la recolección 110', '187.190.223.31', 'Mozilla/5.0 (Windows NT 10.0; Win64; x64) AppleWebKit/537.36 (KHTML, like Gecko) Chrome/141.0.0.0 Safari/537.36 Edg/141.0.0.0', '2025-10-17 04:59:21'),
(220, 5, 'RECOLECCION2', 'CREAR', 'Dio de alta una nueva recolección 111', '187.190.223.31', 'Mozilla/5.0 (Windows NT 10.0; Win64; x64) AppleWebKit/537.36 (KHTML, like Gecko) Chrome/141.0.0.0 Safari/537.36 Edg/141.0.0.0', '2025-10-17 05:15:31'),
(221, 5, 'RECOLECCION2', 'REC', 'Actualizo la remision y el peso de la recolección 111', '187.190.223.31', 'Mozilla/5.0 (Windows NT 10.0; Win64; x64) AppleWebKit/537.36 (KHTML, like Gecko) Chrome/141.0.0.0 Safari/537.36 Edg/141.0.0.0', '2025-10-17 05:15:55'),
(222, 5, 'RECOLECCION2', 'CREAR', 'Dio de alta una nueva recolección 112', '187.190.223.31', 'Mozilla/5.0 (Windows NT 10.0; Win64; x64) AppleWebKit/537.36 (KHTML, like Gecko) Chrome/141.0.0.0 Safari/537.36 Edg/141.0.0.0', '2025-10-17 05:17:18'),
(223, 5, 'RECOLECCION2', 'REC', 'Actualizo la remision y el peso de la recolección 112', '187.190.223.31', 'Mozilla/5.0 (Windows NT 10.0; Win64; x64) AppleWebKit/537.36 (KHTML, like Gecko) Chrome/141.0.0.0 Safari/537.36 Edg/141.0.0.0', '2025-10-17 05:17:40'),
(224, 5, 'RECOLECCION2', 'CREAR', 'Dio de alta una nueva recolección 113', '187.190.223.31', 'Mozilla/5.0 (Windows NT 10.0; Win64; x64) AppleWebKit/537.36 (KHTML, like Gecko) Chrome/141.0.0.0 Safari/537.36 Edg/141.0.0.0', '2025-10-17 05:18:59'),
(225, 5, 'RECOLECCION2', 'REC', 'Actualizo la remision y el peso de la recolección 113', '187.190.223.31', 'Mozilla/5.0 (Windows NT 10.0; Win64; x64) AppleWebKit/537.36 (KHTML, like Gecko) Chrome/141.0.0.0 Safari/537.36 Edg/141.0.0.0', '2025-10-17 05:19:34'),
(226, 5, 'RECOLECCION2', 'CREAR', 'Dio de alta una nueva recolección 114', '187.190.223.31', 'Mozilla/5.0 (Windows NT 10.0; Win64; x64) AppleWebKit/537.36 (KHTML, like Gecko) Chrome/141.0.0.0 Safari/537.36 Edg/141.0.0.0', '2025-10-17 05:20:48'),
(227, 5, 'RECOLECCION2', 'REC', 'Actualizo la remision y el peso de la recolección 114', '187.190.223.31', 'Mozilla/5.0 (Windows NT 10.0; Win64; x64) AppleWebKit/537.36 (KHTML, like Gecko) Chrome/141.0.0.0 Safari/537.36 Edg/141.0.0.0', '2025-10-17 05:21:15'),
(228, 5, 'RECOLECCION2', 'CREAR', 'Dio de alta una nueva recolección 115', '187.190.223.31', 'Mozilla/5.0 (Windows NT 10.0; Win64; x64) AppleWebKit/537.36 (KHTML, like Gecko) Chrome/141.0.0.0 Safari/537.36 Edg/141.0.0.0', '2025-10-17 05:22:18'),
(229, 5, 'RECOLECCION2', 'REC', 'Actualizo la remision y el peso de la recolección 115', '187.190.223.31', 'Mozilla/5.0 (Windows NT 10.0; Win64; x64) AppleWebKit/537.36 (KHTML, like Gecko) Chrome/141.0.0.0 Safari/537.36 Edg/141.0.0.0', '2025-10-17 05:22:40'),
(230, 5, 'RECOLECCION2', 'CREAR', 'Dio de alta una nueva recolección 116', '187.190.223.31', 'Mozilla/5.0 (Windows NT 10.0; Win64; x64) AppleWebKit/537.36 (KHTML, like Gecko) Chrome/141.0.0.0 Safari/537.36 Edg/141.0.0.0', '2025-10-17 05:24:35'),
(231, 5, 'RECOLECCION2', 'REC', 'Actualizo la remision y el peso de la recolección 116', '187.190.223.31', 'Mozilla/5.0 (Windows NT 10.0; Win64; x64) AppleWebKit/537.36 (KHTML, like Gecko) Chrome/141.0.0.0 Safari/537.36 Edg/141.0.0.0', '2025-10-17 05:25:01'),
(232, 5, 'RECOLECCION2', 'CREAR', 'Dio de alta una nueva recolección 117', '187.190.223.31', 'Mozilla/5.0 (Windows NT 10.0; Win64; x64) AppleWebKit/537.36 (KHTML, like Gecko) Chrome/141.0.0.0 Safari/537.36 Edg/141.0.0.0', '2025-10-17 05:26:48'),
(233, 5, 'RECOLECCION2', 'REC', 'Actualizo la remision y el peso de la recolección 117', '187.190.223.31', 'Mozilla/5.0 (Windows NT 10.0; Win64; x64) AppleWebKit/537.36 (KHTML, like Gecko) Chrome/141.0.0.0 Safari/537.36 Edg/141.0.0.0', '2025-10-17 05:27:17'),
(234, 5, 'RECOLECCION2', 'CREAR', 'Dio de alta una nueva recolección 118', '187.190.223.31', 'Mozilla/5.0 (Windows NT 10.0; Win64; x64) AppleWebKit/537.36 (KHTML, like Gecko) Chrome/141.0.0.0 Safari/537.36 Edg/141.0.0.0', '2025-10-17 05:29:04'),
(235, 5, 'RECOLECCION2', 'REC', 'Actualizo la remision y el peso de la recolección 118', '187.190.223.31', 'Mozilla/5.0 (Windows NT 10.0; Win64; x64) AppleWebKit/537.36 (KHTML, like Gecko) Chrome/141.0.0.0 Safari/537.36 Edg/141.0.0.0', '2025-10-17 05:29:25'),
(236, 5, 'RECOLECCION2', 'CREAR', 'Dio de alta una nueva recolección 119', '187.190.223.31', 'Mozilla/5.0 (Windows NT 10.0; Win64; x64) AppleWebKit/537.36 (KHTML, like Gecko) Chrome/141.0.0.0 Safari/537.36 Edg/141.0.0.0', '2025-10-17 05:30:37'),
(237, 5, 'RECOLECCION2', 'REC', 'Actualizo la remision y el peso de la recolección 119', '187.190.223.31', 'Mozilla/5.0 (Windows NT 10.0; Win64; x64) AppleWebKit/537.36 (KHTML, like Gecko) Chrome/141.0.0.0 Safari/537.36 Edg/141.0.0.0', '2025-10-17 05:31:11'),
(238, 5, 'RECOLECCION2', 'CREAR', 'Dio de alta una nueva recolección 120', '187.190.223.31', 'Mozilla/5.0 (Windows NT 10.0; Win64; x64) AppleWebKit/537.36 (KHTML, like Gecko) Chrome/141.0.0.0 Safari/537.36 Edg/141.0.0.0', '2025-10-17 05:32:51'),
(239, 5, 'RECOLECCION2', 'REC', 'Actualizo la remision y el peso de la recolección 120', '187.190.223.31', 'Mozilla/5.0 (Windows NT 10.0; Win64; x64) AppleWebKit/537.36 (KHTML, like Gecko) Chrome/141.0.0.0 Safari/537.36 Edg/141.0.0.0', '2025-10-17 05:33:22'),
(240, 5, 'RECOLECCION2', 'CREAR', 'Dio de alta una nueva recolección 121', '187.190.223.31', 'Mozilla/5.0 (Windows NT 10.0; Win64; x64) AppleWebKit/537.36 (KHTML, like Gecko) Chrome/141.0.0.0 Safari/537.36 Edg/141.0.0.0', '2025-10-17 05:35:30'),
(241, 5, 'RECOLECCION2', 'REC', 'Actualizo la remision y el peso de la recolección 121', '187.190.223.31', 'Mozilla/5.0 (Windows NT 10.0; Win64; x64) AppleWebKit/537.36 (KHTML, like Gecko) Chrome/141.0.0.0 Safari/537.36 Edg/141.0.0.0', '2025-10-17 05:35:52'),
(242, 5, 'RECOLECCION2', 'CREAR', 'Dio de alta una nueva recolección 122', '187.190.223.31', 'Mozilla/5.0 (Windows NT 10.0; Win64; x64) AppleWebKit/537.36 (KHTML, like Gecko) Chrome/141.0.0.0 Safari/537.36 Edg/141.0.0.0', '2025-10-17 05:37:28'),
(243, 5, 'RECOLECCION2', 'REC', 'Actualizo la remision y el peso de la recolección 122', '187.190.223.31', 'Mozilla/5.0 (Windows NT 10.0; Win64; x64) AppleWebKit/537.36 (KHTML, like Gecko) Chrome/141.0.0.0 Safari/537.36 Edg/141.0.0.0', '2025-10-17 05:37:53'),
(244, 5, 'RECOLECCION2', 'CREAR', 'Dio de alta una nueva recolección 123', '187.190.223.31', 'Mozilla/5.0 (Windows NT 10.0; Win64; x64) AppleWebKit/537.36 (KHTML, like Gecko) Chrome/141.0.0.0 Safari/537.36 Edg/141.0.0.0', '2025-10-17 05:40:07'),
(245, 5, 'RECOLECCION2', 'REC', 'Actualizo la remision y el peso de la recolección 123', '187.190.223.31', 'Mozilla/5.0 (Windows NT 10.0; Win64; x64) AppleWebKit/537.36 (KHTML, like Gecko) Chrome/141.0.0.0 Safari/537.36 Edg/141.0.0.0', '2025-10-17 05:40:36'),
(246, 5, 'RECOLECCION2', 'CREAR', 'Dio de alta una nueva recolección 124', '187.190.223.31', 'Mozilla/5.0 (Windows NT 10.0; Win64; x64) AppleWebKit/537.36 (KHTML, like Gecko) Chrome/141.0.0.0 Safari/537.36 Edg/141.0.0.0', '2025-10-17 05:42:18'),
(247, 5, 'RECOLECCION2', 'REC', 'Actualizo la remision y el peso de la recolección 124', '187.190.223.31', 'Mozilla/5.0 (Windows NT 10.0; Win64; x64) AppleWebKit/537.36 (KHTML, like Gecko) Chrome/141.0.0.0 Safari/537.36 Edg/141.0.0.0', '2025-10-17 05:42:42'),
(248, 5, 'RECOLECCION2', 'LOGOUT', 'Usuario cerró sesión', '187.190.223.31', 'Mozilla/5.0 (Windows NT 10.0; Win64; x64) AppleWebKit/537.36 (KHTML, like Gecko) Chrome/141.0.0.0 Safari/537.36 Edg/141.0.0.0', '2025-10-17 05:43:32'),
(249, 1, 'ADMIN', 'LOGIN', 'Inicio de sesión exitoso', '186.96.54.230', 'Mozilla/5.0 (Windows NT 10.0; Win64; x64) AppleWebKit/537.36 (KHTML, like Gecko) Chrome/141.0.0.0 Safari/537.36', '2025-10-17 16:01:52'),
(250, 1, 'ADMIN', 'INV', ' Se buscaron facturas en invoice ', '186.96.54.230', 'Mozilla/5.0 (Windows NT 10.0; Win64; x64) AppleWebKit/537.36 (KHTML, like Gecko) Chrome/141.0.0.0 Safari/537.36', '2025-10-17 16:05:27'),
(251, 1, 'ADMIN', 'INV', ' Se buscaron facturas en invoice ', '186.96.54.230', 'Mozilla/5.0 (Windows NT 10.0; Win64; x64) AppleWebKit/537.36 (KHTML, like Gecko) Chrome/141.0.0.0 Safari/537.36', '2025-10-17 16:05:45'),
(252, 1, 'ADMIN', 'INV', ' Se buscaron contra recibos en invoice ', '186.96.54.230', 'Mozilla/5.0 (Windows NT 10.0; Win64; x64) AppleWebKit/537.36 (KHTML, like Gecko) Chrome/141.0.0.0 Safari/537.36', '2025-10-17 16:06:03'),
(253, 1, 'ADMIN', 'INV', 'Se comprobó si existen las facturas y contra recibos en invoice ', '186.96.54.230', 'Mozilla/5.0 (Windows NT 10.0; Win64; x64) AppleWebKit/537.36 (KHTML, like Gecko) Chrome/141.0.0.0 Safari/537.36', '2025-10-17 16:07:51'),
(254, 1, 'ADMIN', 'INV', ' Se buscaron facturas en invoice ', '186.96.54.230', 'Mozilla/5.0 (Windows NT 10.0; Win64; x64) AppleWebKit/537.36 (KHTML, like Gecko) Chrome/141.0.0.0 Safari/537.36', '2025-10-17 16:07:56'),
(255, 1, 'ADMIN', 'INV', ' Se buscaron contra recibos en invoice ', '186.96.54.230', 'Mozilla/5.0 (Windows NT 10.0; Win64; x64) AppleWebKit/537.36 (KHTML, like Gecko) Chrome/141.0.0.0 Safari/537.36', '2025-10-17 16:08:11'),
(256, 1, 'ADMIN', 'INV', ' Se buscaron facturas en invoice ', '186.96.54.230', 'Mozilla/5.0 (Windows NT 10.0; Win64; x64) AppleWebKit/537.36 (KHTML, like Gecko) Chrome/141.0.0.0 Safari/537.36', '2025-10-17 16:20:37'),
(257, 1, 'ADMIN', 'INV', ' Se buscaron contra recibos en invoice ', '186.96.54.230', 'Mozilla/5.0 (Windows NT 10.0; Win64; x64) AppleWebKit/537.36 (KHTML, like Gecko) Chrome/141.0.0.0 Safari/537.36', '2025-10-17 16:20:51'),
(258, 3, 'MASTER', 'LOGIN', 'Inicio de sesión exitoso', '177.241.246.234', 'Mozilla/5.0 (Windows NT 10.0; Win64; x64) AppleWebKit/537.36 (KHTML, like Gecko) Chrome/141.0.0.0 Safari/537.36', '2025-10-17 16:57:45'),
(259, 5, 'RECOLECCION2', 'LOGIN', 'Inicio de sesión exitoso', '177.241.246.234', 'Mozilla/5.0 (Windows NT 10.0; Win64; x64) AppleWebKit/537.36 (KHTML, like Gecko) Chrome/141.0.0.0 Safari/537.36 Edg/141.0.0.0', '2025-10-17 17:33:43'),
(260, 5, 'RECOLECCION2', 'LOGOUT', 'Usuario cerró sesión', '177.241.246.234', 'Mozilla/5.0 (Windows NT 10.0; Win64; x64) AppleWebKit/537.36 (KHTML, like Gecko) Chrome/141.0.0.0 Safari/537.36 Edg/141.0.0.0', '2025-10-17 17:35:17'),
(261, 5, 'RECOLECCION2', 'LOGIN', 'Inicio de sesión exitoso', '177.241.246.234', 'Mozilla/5.0 (Windows NT 10.0; Win64; x64) AppleWebKit/537.36 (KHTML, like Gecko) Chrome/141.0.0.0 Safari/537.36 Edg/141.0.0.0', '2025-10-17 17:51:09'),
(262, 1, 'ADMIN', 'LOGIN', 'Inicio de sesión exitoso', '186.96.54.230', 'Mozilla/5.0 (Windows NT 10.0; Win64; x64) AppleWebKit/537.36 (KHTML, like Gecko) Chrome/141.0.0.0 Safari/537.36', '2025-10-17 18:06:54'),
(263, 1, 'ADMIN', 'INV', ' Se buscaron facturas en invoice ', '186.96.54.230', 'Mozilla/5.0 (Windows NT 10.0; Win64; x64) AppleWebKit/537.36 (KHTML, like Gecko) Chrome/141.0.0.0 Safari/537.36', '2025-10-17 18:06:58'),
(264, 1, 'ADMIN', 'INV', ' Se buscaron facturas en invoice ', '186.96.54.230', 'Mozilla/5.0 (Windows NT 10.0; Win64; x64) AppleWebKit/537.36 (KHTML, like Gecko) Chrome/141.0.0.0 Safari/537.36', '2025-10-17 18:07:07'),
(265, 1, 'ADMIN', 'INV', ' Se buscaron contra recibos en invoice ', '186.96.54.230', 'Mozilla/5.0 (Windows NT 10.0; Win64; x64) AppleWebKit/537.36 (KHTML, like Gecko) Chrome/141.0.0.0 Safari/537.36', '2025-10-17 18:07:21'),
(266, 3, 'MASTER', 'LOGIN', 'Inicio de sesión exitoso', '177.241.246.234', 'Mozilla/5.0 (Windows NT 10.0; Win64; x64) AppleWebKit/537.36 (KHTML, like Gecko) Chrome/141.0.0.0 Safari/537.36', '2025-10-17 18:18:26'),
(267, 5, 'RECOLECCION2', 'LOGOUT', 'Usuario cerró sesión', '177.241.246.234', 'Mozilla/5.0 (Windows NT 10.0; Win64; x64) AppleWebKit/537.36 (KHTML, like Gecko) Chrome/141.0.0.0 Safari/537.36 Edg/141.0.0.0', '2025-10-17 18:30:45'),
(268, 5, 'RECOLECCION2', 'LOGIN', 'Inicio de sesión exitoso', '177.241.246.234', 'Mozilla/5.0 (Windows NT 10.0; Win64; x64) AppleWebKit/537.36 (KHTML, like Gecko) Chrome/141.0.0.0 Safari/537.36 Edg/141.0.0.0', '2025-10-17 18:30:51'),
(269, 3, 'MASTER', 'LOGIN', 'Inicio de sesión exitoso', '148.230.238.39', 'Mozilla/5.0 (Windows NT 10.0; Win64; x64) AppleWebKit/537.36 (KHTML, like Gecko) Chrome/141.0.0.0 Safari/537.36', '2025-10-17 18:59:02'),
(270, 1, 'ADMIN', 'INV', ' Se buscaron facturas en invoice ', '186.96.54.230', 'Mozilla/5.0 (Windows NT 10.0; Win64; x64) AppleWebKit/537.36 (KHTML, like Gecko) Chrome/141.0.0.0 Safari/537.36', '2025-10-17 19:11:06'),
(271, 1, 'ADMIN', 'INV', ' Se buscaron contra recibos en invoice ', '186.96.54.230', 'Mozilla/5.0 (Windows NT 10.0; Win64; x64) AppleWebKit/537.36 (KHTML, like Gecko) Chrome/141.0.0.0 Safari/537.36', '2025-10-17 19:11:19'),
(272, 3, 'MASTER', 'INV', ' Se buscaron facturas en invoice ', '177.241.246.234', 'Mozilla/5.0 (Windows NT 10.0; Win64; x64) AppleWebKit/537.36 (KHTML, like Gecko) Chrome/141.0.0.0 Safari/537.36', '2025-10-17 19:12:21'),
(273, 3, 'MASTER', 'INV', ' Se buscaron contra recibos en invoice ', '148.230.238.39', 'Mozilla/5.0 (Windows NT 10.0; Win64; x64) AppleWebKit/537.36 (KHTML, like Gecko) Chrome/141.0.0.0 Safari/537.36', '2025-10-17 19:13:03'),
(274, 5, 'RECOLECCION2', 'EXCEL', 'Descargo el EXCEL de recolecciones', '177.241.246.234', 'Mozilla/5.0 (Windows NT 10.0; Win64; x64) AppleWebKit/537.36 (KHTML, like Gecko) Chrome/141.0.0.0 Safari/537.36 Edg/141.0.0.0', '2025-10-17 19:15:15'),
(275, 5, 'RECOLECCION2', 'LOGOUT', 'Usuario cerró sesión', '177.241.246.234', 'Mozilla/5.0 (Windows NT 10.0; Win64; x64) AppleWebKit/537.36 (KHTML, like Gecko) Chrome/141.0.0.0 Safari/537.36 Edg/141.0.0.0', '2025-10-17 19:16:07'),
(276, 5, 'RECOLECCION2', 'LOGIN', 'Inicio de sesión exitoso', '177.241.246.234', 'Mozilla/5.0 (Windows NT 10.0; Win64; x64) AppleWebKit/537.36 (KHTML, like Gecko) Chrome/141.0.0.0 Safari/537.36 Edg/141.0.0.0', '2025-10-17 19:16:10'),
(277, 5, 'RECOLECCION2', 'LOGOUT', 'Usuario cerró sesión', '177.241.246.234', 'Mozilla/5.0 (Windows NT 10.0; Win64; x64) AppleWebKit/537.36 (KHTML, like Gecko) Chrome/141.0.0.0 Safari/537.36 Edg/141.0.0.0', '2025-10-17 19:23:06'),
(278, 1, 'ADMIN', 'LOGIN', 'Inicio de sesión exitoso', '186.96.54.230', 'Mozilla/5.0 (Windows NT 10.0; Win64; x64) AppleWebKit/537.36 (KHTML, like Gecko) Chrome/141.0.0.0 Safari/537.36', '2025-10-17 21:11:51'),
(279, 1, 'ADMIN', 'INV', ' Se buscaron facturas en invoice ', '186.96.54.230', 'Mozilla/5.0 (Windows NT 10.0; Win64; x64) AppleWebKit/537.36 (KHTML, like Gecko) Chrome/141.0.0.0 Safari/537.36', '2025-10-17 21:11:57'),
(280, 1, 'ADMIN', 'INV', ' Se buscaron contra recibos en invoice ', '186.96.54.230', 'Mozilla/5.0 (Windows NT 10.0; Win64; x64) AppleWebKit/537.36 (KHTML, like Gecko) Chrome/141.0.0.0 Safari/537.36', '2025-10-17 21:12:10'),
(281, 1, 'ADMIN', 'INV', ' Se buscaron facturas en invoice ', '186.96.54.230', 'Mozilla/5.0 (Windows NT 10.0; Win64; x64) AppleWebKit/537.36 (KHTML, like Gecko) Chrome/141.0.0.0 Safari/537.36', '2025-10-17 21:52:29'),
(282, 1, 'ADMIN', 'INV', ' Se buscaron contra recibos en invoice ', '186.96.54.230', 'Mozilla/5.0 (Windows NT 10.0; Win64; x64) AppleWebKit/537.36 (KHTML, like Gecko) Chrome/141.0.0.0 Safari/537.36', '2025-10-17 21:52:43'),
(283, 5, 'RECOLECCION2', 'LOGIN', 'Inicio de sesión exitoso', '177.241.246.234', 'Mozilla/5.0 (Windows NT 10.0; Win64; x64) AppleWebKit/537.36 (KHTML, like Gecko) Chrome/141.0.0.0 Safari/537.36 Edg/141.0.0.0', '2025-10-17 21:55:20'),
(284, 5, 'RECOLECCION2', 'CREAR', 'Dio de alta una nueva recolección 125', '177.241.246.234', 'Mozilla/5.0 (Windows NT 10.0; Win64; x64) AppleWebKit/537.36 (KHTML, like Gecko) Chrome/141.0.0.0 Safari/537.36 Edg/141.0.0.0', '2025-10-17 21:56:24'),
(285, 5, 'RECOLECCION2', 'REC', 'Actualizo la remision y el peso de la recolección 125', '177.241.246.234', 'Mozilla/5.0 (Windows NT 10.0; Win64; x64) AppleWebKit/537.36 (KHTML, like Gecko) Chrome/141.0.0.0 Safari/537.36 Edg/141.0.0.0', '2025-10-17 21:56:46'),
(286, 5, 'RECOLECCION2', 'CREAR', 'Dio de alta una nueva recolección 126', '177.241.246.234', 'Mozilla/5.0 (Windows NT 10.0; Win64; x64) AppleWebKit/537.36 (KHTML, like Gecko) Chrome/141.0.0.0 Safari/537.36 Edg/141.0.0.0', '2025-10-17 21:57:54'),
(287, 5, 'RECOLECCION2', 'REC', 'Actualizo la remision y el peso de la recolección 126', '177.241.246.234', 'Mozilla/5.0 (Windows NT 10.0; Win64; x64) AppleWebKit/537.36 (KHTML, like Gecko) Chrome/141.0.0.0 Safari/537.36 Edg/141.0.0.0', '2025-10-17 21:58:14'),
(288, 5, 'RECOLECCION2', 'CREAR', 'Dio de alta una nueva recolección 127', '177.241.246.234', 'Mozilla/5.0 (Windows NT 10.0; Win64; x64) AppleWebKit/537.36 (KHTML, like Gecko) Chrome/141.0.0.0 Safari/537.36 Edg/141.0.0.0', '2025-10-17 21:59:15'),
(289, 5, 'RECOLECCION2', 'REC', 'Actualizo la remision y el peso de la recolección 127', '177.241.246.234', 'Mozilla/5.0 (Windows NT 10.0; Win64; x64) AppleWebKit/537.36 (KHTML, like Gecko) Chrome/141.0.0.0 Safari/537.36 Edg/141.0.0.0', '2025-10-17 21:59:36'),
(290, 5, 'RECOLECCION2', 'LOGOUT', 'Usuario cerró sesión', '177.241.246.234', 'Mozilla/5.0 (Windows NT 10.0; Win64; x64) AppleWebKit/537.36 (KHTML, like Gecko) Chrome/141.0.0.0 Safari/537.36 Edg/141.0.0.0', '2025-10-17 21:59:49'),
(291, 1, 'ADMIN', 'LOGIN', 'Inicio de sesión exitoso', '186.96.54.230', 'Mozilla/5.0 (Windows NT 10.0; Win64; x64) AppleWebKit/537.36 (KHTML, like Gecko) Chrome/141.0.0.0 Safari/537.36', '2025-10-17 22:42:41'),
(292, 1, 'ADMIN', 'INV', ' Se buscaron facturas en invoice ', '186.96.54.230', 'Mozilla/5.0 (Windows NT 10.0; Win64; x64) AppleWebKit/537.36 (KHTML, like Gecko) Chrome/141.0.0.0 Safari/537.36', '2025-10-17 23:11:28'),
(293, 1, 'ADMIN', 'INV', ' Se buscaron facturas en invoice ', '186.96.54.230', 'Mozilla/5.0 (Windows NT 10.0; Win64; x64) AppleWebKit/537.36 (KHTML, like Gecko) Chrome/141.0.0.0 Safari/537.36', '2025-10-17 23:11:40'),
(294, 1, 'ADMIN', 'INV', ' Se buscaron contra recibos en invoice ', '186.96.54.230', 'Mozilla/5.0 (Windows NT 10.0; Win64; x64) AppleWebKit/537.36 (KHTML, like Gecko) Chrome/141.0.0.0 Safari/537.36', '2025-10-17 23:11:56'),
(295, 1, 'ADMIN', 'LOGIN', 'Inicio de sesión exitoso', '189.217.101.25', 'Mozilla/5.0 (Linux; Android 10; K) AppleWebKit/537.36 (KHTML, like Gecko) Chrome/141.0.0.0 Mobile Safari/537.36', '2025-10-18 22:56:19'),
(296, 1, 'ADMIN', 'INV', ' Se buscaron facturas en invoice ', '189.217.101.25', 'Mozilla/5.0 (Linux; Android 10; K) AppleWebKit/537.36 (KHTML, like Gecko) Chrome/141.0.0.0 Mobile Safari/537.36', '2025-10-18 22:56:35'),
(297, 1, 'ADMIN', 'INV', ' Se buscaron contra recibos en invoice ', '189.217.101.25', 'Mozilla/5.0 (Linux; Android 10; K) AppleWebKit/537.36 (KHTML, like Gecko) Chrome/141.0.0.0 Mobile Safari/537.36', '2025-10-18 22:56:51'),
(298, 5, 'RECOLECCION2', 'LOGIN', 'Inicio de sesión exitoso', '177.241.246.234', 'Mozilla/5.0 (Windows NT 10.0; Win64; x64) AppleWebKit/537.36 (KHTML, like Gecko) Chrome/141.0.0.0 Safari/537.36 Edg/141.0.0.0', '2025-10-20 15:13:57'),
(299, 5, 'RECOLECCION2', 'CREAR', 'Dio de alta una nueva recolección 128', '177.241.246.234', 'Mozilla/5.0 (Windows NT 10.0; Win64; x64) AppleWebKit/537.36 (KHTML, like Gecko) Chrome/141.0.0.0 Safari/537.36 Edg/141.0.0.0', '2025-10-20 15:16:31'),
(300, 5, 'RECOLECCION2', 'REC', 'Actualizo la remision y el peso de la recolección 128', '177.241.246.234', 'Mozilla/5.0 (Windows NT 10.0; Win64; x64) AppleWebKit/537.36 (KHTML, like Gecko) Chrome/141.0.0.0 Safari/537.36 Edg/141.0.0.0', '2025-10-20 15:16:53'),
(301, 5, 'RECOLECCION2', 'CREAR', 'Dio de alta una nueva recolección 129', '177.241.246.234', 'Mozilla/5.0 (Windows NT 10.0; Win64; x64) AppleWebKit/537.36 (KHTML, like Gecko) Chrome/141.0.0.0 Safari/537.36 Edg/141.0.0.0', '2025-10-20 15:18:02'),
(302, 5, 'RECOLECCION2', 'REC', 'Actualizo la remision y el peso de la recolección 129', '177.241.246.234', 'Mozilla/5.0 (Windows NT 10.0; Win64; x64) AppleWebKit/537.36 (KHTML, like Gecko) Chrome/141.0.0.0 Safari/537.36 Edg/141.0.0.0', '2025-10-20 15:18:36'),
(303, 5, 'RECOLECCION2', 'CREAR', 'Dio de alta una nueva recolección 130', '177.241.246.234', 'Mozilla/5.0 (Windows NT 10.0; Win64; x64) AppleWebKit/537.36 (KHTML, like Gecko) Chrome/141.0.0.0 Safari/537.36 Edg/141.0.0.0', '2025-10-20 15:25:57'),
(304, 5, 'RECOLECCION2', 'REC', 'Actualizo la remision y el peso de la recolección 130', '177.241.246.234', 'Mozilla/5.0 (Windows NT 10.0; Win64; x64) AppleWebKit/537.36 (KHTML, like Gecko) Chrome/141.0.0.0 Safari/537.36 Edg/141.0.0.0', '2025-10-20 15:26:16'),
(305, 5, 'RECOLECCION2', 'CREAR', 'Dio de alta una nueva recolección 131', '177.241.246.234', 'Mozilla/5.0 (Windows NT 10.0; Win64; x64) AppleWebKit/537.36 (KHTML, like Gecko) Chrome/141.0.0.0 Safari/537.36 Edg/141.0.0.0', '2025-10-20 15:28:04'),
(306, 5, 'RECOLECCION2', 'REC', 'Actualizo la remision y el peso de la recolección 131', '177.241.246.234', 'Mozilla/5.0 (Windows NT 10.0; Win64; x64) AppleWebKit/537.36 (KHTML, like Gecko) Chrome/141.0.0.0 Safari/537.36 Edg/141.0.0.0', '2025-10-20 15:28:28'),
(307, 5, 'RECOLECCION2', 'CREAR', 'Dio de alta una nueva recolección 132', '177.241.246.234', 'Mozilla/5.0 (Windows NT 10.0; Win64; x64) AppleWebKit/537.36 (KHTML, like Gecko) Chrome/141.0.0.0 Safari/537.36 Edg/141.0.0.0', '2025-10-20 15:29:56'),
(308, 5, 'RECOLECCION2', 'REC', 'Actualizo la remision y el peso de la recolección 132', '177.241.246.234', 'Mozilla/5.0 (Windows NT 10.0; Win64; x64) AppleWebKit/537.36 (KHTML, like Gecko) Chrome/141.0.0.0 Safari/537.36 Edg/141.0.0.0', '2025-10-20 15:30:39'),
(309, 5, 'RECOLECCION2', 'CREAR', 'Dio de alta una nueva recolección 133', '177.241.246.234', 'Mozilla/5.0 (Windows NT 10.0; Win64; x64) AppleWebKit/537.36 (KHTML, like Gecko) Chrome/141.0.0.0 Safari/537.36 Edg/141.0.0.0', '2025-10-20 15:31:44'),
(310, 5, 'RECOLECCION2', 'REC', 'Actualizo la remision y el peso de la recolección 133', '177.241.246.234', 'Mozilla/5.0 (Windows NT 10.0; Win64; x64) AppleWebKit/537.36 (KHTML, like Gecko) Chrome/141.0.0.0 Safari/537.36 Edg/141.0.0.0', '2025-10-20 15:32:07'),
(311, 5, 'RECOLECCION2', 'CREAR', 'Dio de alta una nueva recolección 134', '177.241.246.234', 'Mozilla/5.0 (Windows NT 10.0; Win64; x64) AppleWebKit/537.36 (KHTML, like Gecko) Chrome/141.0.0.0 Safari/537.36 Edg/141.0.0.0', '2025-10-20 15:33:31'),
(312, 5, 'RECOLECCION2', 'REC', 'Actualizo la remision y el peso de la recolección 134', '177.241.246.234', 'Mozilla/5.0 (Windows NT 10.0; Win64; x64) AppleWebKit/537.36 (KHTML, like Gecko) Chrome/141.0.0.0 Safari/537.36 Edg/141.0.0.0', '2025-10-20 15:33:54'),
(313, 5, 'RECOLECCION2', 'CREAR', 'Dio de alta una nueva recolección 135', '177.241.246.234', 'Mozilla/5.0 (Windows NT 10.0; Win64; x64) AppleWebKit/537.36 (KHTML, like Gecko) Chrome/141.0.0.0 Safari/537.36 Edg/141.0.0.0', '2025-10-20 15:38:04'),
(314, 5, 'RECOLECCION2', 'REC', 'Actualizo la remision y el peso de la recolección 135', '177.241.246.234', 'Mozilla/5.0 (Windows NT 10.0; Win64; x64) AppleWebKit/537.36 (KHTML, like Gecko) Chrome/141.0.0.0 Safari/537.36 Edg/141.0.0.0', '2025-10-20 15:38:25'),
(315, 1, 'ADMIN', 'LOGIN', 'Inicio de sesión exitoso', '186.96.54.230', 'Mozilla/5.0 (Windows NT 10.0; Win64; x64) AppleWebKit/537.36 (KHTML, like Gecko) Chrome/141.0.0.0 Safari/537.36', '2025-10-20 15:44:03'),
(316, 5, 'RECOLECCION2', 'CREAR', 'Dio de alta una nueva recolección 136', '177.241.246.234', 'Mozilla/5.0 (Windows NT 10.0; Win64; x64) AppleWebKit/537.36 (KHTML, like Gecko) Chrome/141.0.0.0 Safari/537.36 Edg/141.0.0.0', '2025-10-20 15:48:02'),
(317, 5, 'RECOLECCION2', 'REC', 'Actualizo la remision y el peso de la recolección 136', '177.241.246.234', 'Mozilla/5.0 (Windows NT 10.0; Win64; x64) AppleWebKit/537.36 (KHTML, like Gecko) Chrome/141.0.0.0 Safari/537.36 Edg/141.0.0.0', '2025-10-20 15:48:19'),
(318, 5, 'RECOLECCION2', 'CREAR', 'Dio de alta una nueva recolección 137', '177.241.246.234', 'Mozilla/5.0 (Windows NT 10.0; Win64; x64) AppleWebKit/537.36 (KHTML, like Gecko) Chrome/141.0.0.0 Safari/537.36 Edg/141.0.0.0', '2025-10-20 15:49:25'),
(319, 5, 'RECOLECCION2', 'REC', 'Actualizo la remision y el peso de la recolección 137', '177.241.246.234', 'Mozilla/5.0 (Windows NT 10.0; Win64; x64) AppleWebKit/537.36 (KHTML, like Gecko) Chrome/141.0.0.0 Safari/537.36 Edg/141.0.0.0', '2025-10-20 15:49:46'),
(320, 5, 'RECOLECCION2', 'CREAR', 'Dio de alta una nueva recolección 138', '177.241.246.234', 'Mozilla/5.0 (Windows NT 10.0; Win64; x64) AppleWebKit/537.36 (KHTML, like Gecko) Chrome/141.0.0.0 Safari/537.36 Edg/141.0.0.0', '2025-10-20 15:51:26'),
(321, 5, 'RECOLECCION2', 'REC', 'Actualizo la remision y el peso de la recolección 138', '177.241.246.234', 'Mozilla/5.0 (Windows NT 10.0; Win64; x64) AppleWebKit/537.36 (KHTML, like Gecko) Chrome/141.0.0.0 Safari/537.36 Edg/141.0.0.0', '2025-10-20 15:51:50'),
(322, 5, 'RECOLECCION2', 'CREAR', 'Dio de alta una nueva recolección 139', '177.241.246.234', 'Mozilla/5.0 (Windows NT 10.0; Win64; x64) AppleWebKit/537.36 (KHTML, like Gecko) Chrome/141.0.0.0 Safari/537.36 Edg/141.0.0.0', '2025-10-20 15:52:53'),
(323, 5, 'RECOLECCION2', 'REC', 'Actualizo la remision y el peso de la recolección 139', '177.241.246.234', 'Mozilla/5.0 (Windows NT 10.0; Win64; x64) AppleWebKit/537.36 (KHTML, like Gecko) Chrome/141.0.0.0 Safari/537.36 Edg/141.0.0.0', '2025-10-20 15:53:15'),
(324, 5, 'RECOLECCION2', 'CREAR', 'Dio de alta una nueva recolección 140', '177.241.246.234', 'Mozilla/5.0 (Windows NT 10.0; Win64; x64) AppleWebKit/537.36 (KHTML, like Gecko) Chrome/141.0.0.0 Safari/537.36 Edg/141.0.0.0', '2025-10-20 15:54:07'),
(325, 5, 'RECOLECCION2', 'REC', 'Actualizo la remision y el peso de la recolección 140', '177.241.246.234', 'Mozilla/5.0 (Windows NT 10.0; Win64; x64) AppleWebKit/537.36 (KHTML, like Gecko) Chrome/141.0.0.0 Safari/537.36 Edg/141.0.0.0', '2025-10-20 15:54:28'),
(326, 5, 'RECOLECCION2', 'CREAR', 'Dio de alta una nueva recolección 141', '177.241.246.234', 'Mozilla/5.0 (Windows NT 10.0; Win64; x64) AppleWebKit/537.36 (KHTML, like Gecko) Chrome/141.0.0.0 Safari/537.36 Edg/141.0.0.0', '2025-10-20 15:56:08'),
(327, 5, 'RECOLECCION2', 'REC', 'Actualizo la remision y el peso de la recolección 141', '177.241.246.234', 'Mozilla/5.0 (Windows NT 10.0; Win64; x64) AppleWebKit/537.36 (KHTML, like Gecko) Chrome/141.0.0.0 Safari/537.36 Edg/141.0.0.0', '2025-10-20 15:56:27'),
(328, 5, 'RECOLECCION2', 'LOGOUT', 'Usuario cerró sesión', '177.241.246.234', 'Mozilla/5.0 (Windows NT 10.0; Win64; x64) AppleWebKit/537.36 (KHTML, like Gecko) Chrome/141.0.0.0 Safari/537.36 Edg/141.0.0.0', '2025-10-20 15:59:27'),
(329, 1, 'ADMIN', 'INV', ' Se buscaron facturas en invoice ', '186.96.54.230', 'Mozilla/5.0 (Windows NT 10.0; Win64; x64) AppleWebKit/537.36 (KHTML, like Gecko) Chrome/141.0.0.0 Safari/537.36', '2025-10-20 16:05:43'),
(330, 1, 'ADMIN', 'INV', ' Se buscaron facturas en invoice ', '186.96.54.230', 'Mozilla/5.0 (Windows NT 10.0; Win64; x64) AppleWebKit/537.36 (KHTML, like Gecko) Chrome/141.0.0.0 Safari/537.36', '2025-10-20 16:05:56'),
(331, 1, 'ADMIN', 'INV', ' Se buscaron contra recibos en invoice ', '186.96.54.230', 'Mozilla/5.0 (Windows NT 10.0; Win64; x64) AppleWebKit/537.36 (KHTML, like Gecko) Chrome/141.0.0.0 Safari/537.36', '2025-10-20 16:07:11'),
(332, 5, 'RECOLECCION2', 'LOGIN', 'Inicio de sesión exitoso', '177.241.246.234', 'Mozilla/5.0 (Windows NT 10.0; Win64; x64) AppleWebKit/537.36 (KHTML, like Gecko) Chrome/141.0.0.0 Safari/537.36 Edg/141.0.0.0', '2025-10-20 16:20:13'),
(333, 5, 'RECOLECCION2', 'LOGOUT', 'Usuario cerró sesión', '177.241.246.234', 'Mozilla/5.0 (Windows NT 10.0; Win64; x64) AppleWebKit/537.36 (KHTML, like Gecko) Chrome/141.0.0.0 Safari/537.36 Edg/141.0.0.0', '2025-10-20 16:27:51'),
(334, 1, 'ADMIN', 'INV', ' Se buscaron facturas en invoice ', '186.96.54.230', 'Mozilla/5.0 (Windows NT 10.0; Win64; x64) AppleWebKit/537.36 (KHTML, like Gecko) Chrome/141.0.0.0 Safari/537.36', '2025-10-20 16:29:03'),
(335, 1, 'ADMIN', 'INV', ' Se buscaron contra recibos en invoice ', '186.96.54.230', 'Mozilla/5.0 (Windows NT 10.0; Win64; x64) AppleWebKit/537.36 (KHTML, like Gecko) Chrome/141.0.0.0 Safari/537.36', '2025-10-20 16:29:16'),
(336, 1, 'ADMIN', 'INV', ' Se buscaron facturas en invoice ', '186.96.54.230', 'Mozilla/5.0 (Windows NT 10.0; Win64; x64) AppleWebKit/537.36 (KHTML, like Gecko) Chrome/141.0.0.0 Safari/537.36', '2025-10-20 16:57:04'),
(337, 1, 'ADMIN', 'INV', ' Se buscaron contra recibos en invoice ', '186.96.54.230', 'Mozilla/5.0 (Windows NT 10.0; Win64; x64) AppleWebKit/537.36 (KHTML, like Gecko) Chrome/141.0.0.0 Safari/537.36', '2025-10-20 16:57:17'),
(338, 5, 'RECOLECCION2', 'LOGIN', 'Inicio de sesión exitoso', '177.241.246.234', 'Mozilla/5.0 (Windows NT 10.0; Win64; x64) AppleWebKit/537.36 (KHTML, like Gecko) Chrome/141.0.0.0 Safari/537.36 Edg/141.0.0.0', '2025-10-20 18:41:26'),
(339, 5, 'RECOLECCION2', 'CREAR', 'Dio de alta una nueva recolección 142', '177.241.246.234', 'Mozilla/5.0 (Windows NT 10.0; Win64; x64) AppleWebKit/537.36 (KHTML, like Gecko) Chrome/141.0.0.0 Safari/537.36 Edg/141.0.0.0', '2025-10-20 18:43:16'),
(340, 5, 'RECOLECCION2', 'REC', 'Actualizo la remision y el peso de la recolección 142', '177.241.246.234', 'Mozilla/5.0 (Windows NT 10.0; Win64; x64) AppleWebKit/537.36 (KHTML, like Gecko) Chrome/141.0.0.0 Safari/537.36 Edg/141.0.0.0', '2025-10-20 18:44:44'),
(341, 5, 'RECOLECCION2', 'CREAR', 'Dio de alta una nueva recolección 143', '177.241.246.234', 'Mozilla/5.0 (Windows NT 10.0; Win64; x64) AppleWebKit/537.36 (KHTML, like Gecko) Chrome/141.0.0.0 Safari/537.36 Edg/141.0.0.0', '2025-10-20 18:45:47'),
(342, 5, 'RECOLECCION2', 'REC', 'Actualizo la remision y el peso de la recolección 143', '177.241.246.234', 'Mozilla/5.0 (Windows NT 10.0; Win64; x64) AppleWebKit/537.36 (KHTML, like Gecko) Chrome/141.0.0.0 Safari/537.36 Edg/141.0.0.0', '2025-10-20 18:46:09'),
(343, 5, 'RECOLECCION2', 'CREAR', 'Dio de alta una nueva recolección 144', '177.241.246.234', 'Mozilla/5.0 (Windows NT 10.0; Win64; x64) AppleWebKit/537.36 (KHTML, like Gecko) Chrome/141.0.0.0 Safari/537.36 Edg/141.0.0.0', '2025-10-20 18:46:59'),
(344, 5, 'RECOLECCION2', 'REC', 'Actualizo la remision y el peso de la recolección 144', '177.241.246.234', 'Mozilla/5.0 (Windows NT 10.0; Win64; x64) AppleWebKit/537.36 (KHTML, like Gecko) Chrome/141.0.0.0 Safari/537.36 Edg/141.0.0.0', '2025-10-20 18:47:24'),
(345, 5, 'RECOLECCION2', 'CREAR', 'Dio de alta una nueva recolección 145', '177.241.246.234', 'Mozilla/5.0 (Windows NT 10.0; Win64; x64) AppleWebKit/537.36 (KHTML, like Gecko) Chrome/141.0.0.0 Safari/537.36 Edg/141.0.0.0', '2025-10-20 18:48:20'),
(346, 5, 'RECOLECCION2', 'REC', 'Actualizo la remision y el peso de la recolección 145', '177.241.246.234', 'Mozilla/5.0 (Windows NT 10.0; Win64; x64) AppleWebKit/537.36 (KHTML, like Gecko) Chrome/141.0.0.0 Safari/537.36 Edg/141.0.0.0', '2025-10-20 18:48:46'),
(347, 5, 'RECOLECCION2', 'CREAR', 'Dio de alta una nueva recolección 146', '177.241.246.234', 'Mozilla/5.0 (Windows NT 10.0; Win64; x64) AppleWebKit/537.36 (KHTML, like Gecko) Chrome/141.0.0.0 Safari/537.36 Edg/141.0.0.0', '2025-10-20 18:49:31'),
(348, 5, 'RECOLECCION2', 'REC', 'Actualizo la remision y el peso de la recolección 146', '177.241.246.234', 'Mozilla/5.0 (Windows NT 10.0; Win64; x64) AppleWebKit/537.36 (KHTML, like Gecko) Chrome/141.0.0.0 Safari/537.36 Edg/141.0.0.0', '2025-10-20 18:49:51'),
(349, 5, 'RECOLECCION2', 'CREAR', 'Dio de alta una nueva recolección 147', '177.241.246.234', 'Mozilla/5.0 (Windows NT 10.0; Win64; x64) AppleWebKit/537.36 (KHTML, like Gecko) Chrome/141.0.0.0 Safari/537.36 Edg/141.0.0.0', '2025-10-20 18:50:36'),
(350, 5, 'RECOLECCION2', 'REC', 'Actualizo la remision y el peso de la recolección 147', '177.241.246.234', 'Mozilla/5.0 (Windows NT 10.0; Win64; x64) AppleWebKit/537.36 (KHTML, like Gecko) Chrome/141.0.0.0 Safari/537.36 Edg/141.0.0.0', '2025-10-20 18:50:59'),
(351, 5, 'RECOLECCION2', 'CREAR', 'Dio de alta una nueva recolección 148', '177.241.246.234', 'Mozilla/5.0 (Windows NT 10.0; Win64; x64) AppleWebKit/537.36 (KHTML, like Gecko) Chrome/141.0.0.0 Safari/537.36 Edg/141.0.0.0', '2025-10-20 18:51:59'),
(352, 5, 'RECOLECCION2', 'REC', 'Actualizo la remision y el peso de la recolección 148', '177.241.246.234', 'Mozilla/5.0 (Windows NT 10.0; Win64; x64) AppleWebKit/537.36 (KHTML, like Gecko) Chrome/141.0.0.0 Safari/537.36 Edg/141.0.0.0', '2025-10-20 18:52:24'),
(353, 5, 'RECOLECCION2', 'CREAR', 'Dio de alta una nueva recolección 149', '177.241.246.234', 'Mozilla/5.0 (Windows NT 10.0; Win64; x64) AppleWebKit/537.36 (KHTML, like Gecko) Chrome/141.0.0.0 Safari/537.36 Edg/141.0.0.0', '2025-10-20 18:53:52'),
(354, 5, 'RECOLECCION2', 'REC', 'Actualizo la remision y el peso de la recolección 149', '177.241.246.234', 'Mozilla/5.0 (Windows NT 10.0; Win64; x64) AppleWebKit/537.36 (KHTML, like Gecko) Chrome/141.0.0.0 Safari/537.36 Edg/141.0.0.0', '2025-10-20 18:54:20'),
(355, 5, 'RECOLECCION2', 'CREAR', 'Dio de alta una nueva recolección 150', '177.241.246.234', 'Mozilla/5.0 (Windows NT 10.0; Win64; x64) AppleWebKit/537.36 (KHTML, like Gecko) Chrome/141.0.0.0 Safari/537.36 Edg/141.0.0.0', '2025-10-20 18:55:22'),
(356, 5, 'RECOLECCION2', 'REC', 'Actualizo la remision y el peso de la recolección 150', '177.241.246.234', 'Mozilla/5.0 (Windows NT 10.0; Win64; x64) AppleWebKit/537.36 (KHTML, like Gecko) Chrome/141.0.0.0 Safari/537.36 Edg/141.0.0.0', '2025-10-20 18:55:40'),
(357, 5, 'RECOLECCION2', 'CREAR', 'Dio de alta una nueva recolección 151', '177.241.246.234', 'Mozilla/5.0 (Windows NT 10.0; Win64; x64) AppleWebKit/537.36 (KHTML, like Gecko) Chrome/141.0.0.0 Safari/537.36 Edg/141.0.0.0', '2025-10-20 18:56:47'),
(358, 5, 'RECOLECCION2', 'REC', 'Actualizo la remision y el peso de la recolección 151', '177.241.246.234', 'Mozilla/5.0 (Windows NT 10.0; Win64; x64) AppleWebKit/537.36 (KHTML, like Gecko) Chrome/141.0.0.0 Safari/537.36 Edg/141.0.0.0', '2025-10-20 18:57:05'),
(359, 5, 'RECOLECCION2', 'CREAR', 'Dio de alta una nueva recolección 152', '177.241.246.234', 'Mozilla/5.0 (Windows NT 10.0; Win64; x64) AppleWebKit/537.36 (KHTML, like Gecko) Chrome/141.0.0.0 Safari/537.36 Edg/141.0.0.0', '2025-10-20 19:00:32'),
(360, 5, 'RECOLECCION2', 'REC', 'Actualizo la remision y el peso de la recolección 152', '177.241.246.234', 'Mozilla/5.0 (Windows NT 10.0; Win64; x64) AppleWebKit/537.36 (KHTML, like Gecko) Chrome/141.0.0.0 Safari/537.36 Edg/141.0.0.0', '2025-10-20 19:01:02'),
(361, 5, 'RECOLECCION2', 'REC', 'Ingreso una remision existente en el sistema en la recolección 152', '177.241.246.234', 'Mozilla/5.0 (Windows NT 10.0; Win64; x64) AppleWebKit/537.36 (KHTML, like Gecko) Chrome/141.0.0.0 Safari/537.36 Edg/141.0.0.0', '2025-10-20 19:01:05'),
(362, 5, 'RECOLECCION2', 'LOGOUT', 'Usuario cerró sesión', '177.241.246.234', 'Mozilla/5.0 (Windows NT 10.0; Win64; x64) AppleWebKit/537.36 (KHTML, like Gecko) Chrome/141.0.0.0 Safari/537.36 Edg/141.0.0.0', '2025-10-20 19:04:16'),
(363, 1, 'ADMIN', 'LOGIN', 'Inicio de sesión exitoso', '186.96.54.230', 'Mozilla/5.0 (Windows NT 10.0; Win64; x64) AppleWebKit/537.36 (KHTML, like Gecko) Chrome/141.0.0.0 Safari/537.36', '2025-10-20 19:34:13'),
(364, 1, 'ADMIN', 'EXCEL', 'Descargo el EXCEL de recolecciones', '186.96.54.230', 'Mozilla/5.0 (Windows NT 10.0; Win64; x64) AppleWebKit/537.36 (KHTML, like Gecko) Chrome/141.0.0.0 Safari/537.36', '2025-10-20 19:34:20'),
(365, 1, 'ADMIN', 'EDITAR', 'Actualizo el usuario 3', '186.96.54.230', 'Mozilla/5.0 (Windows NT 10.0; Win64; x64) AppleWebKit/537.36 (KHTML, like Gecko) Chrome/141.0.0.0 Safari/537.36', '2025-10-20 20:30:14'),
(366, 1, 'ADMIN', 'LOGIN', 'Inicio de sesión exitoso', '186.96.54.230', 'Mozilla/5.0 (Linux; Android 10; K) AppleWebKit/537.36 (KHTML, like Gecko) Chrome/141.0.0.0 Mobile Safari/537.36', '2025-10-20 20:59:29'),
(367, 1, 'ADMIN', 'LOGIN', 'Inicio de sesión exitoso', '186.96.54.230', 'Mozilla/5.0 (Windows NT 10.0; Win64; x64) AppleWebKit/537.36 (KHTML, like Gecko) Chrome/141.0.0.0 Safari/537.36', '2025-10-20 22:06:02'),
(368, 1, 'ADMIN', 'INV', ' Se buscaron facturas en invoice ', '186.96.54.230', 'Mozilla/5.0 (Windows NT 10.0; Win64; x64) AppleWebKit/537.36 (KHTML, like Gecko) Chrome/141.0.0.0 Safari/537.36', '2025-10-20 22:12:02'),
(369, 1, 'ADMIN', 'INV', ' Se buscaron contra recibos en invoice ', '186.96.54.230', 'Mozilla/5.0 (Windows NT 10.0; Win64; x64) AppleWebKit/537.36 (KHTML, like Gecko) Chrome/141.0.0.0 Safari/537.36', '2025-10-20 22:12:17'),
(370, 5, 'RECOLECCION2', 'LOGIN', 'Inicio de sesión exitoso', '177.241.246.234', 'Mozilla/5.0 (Windows NT 10.0; Win64; x64) AppleWebKit/537.36 (KHTML, like Gecko) Chrome/141.0.0.0 Safari/537.36 Edg/141.0.0.0', '2025-10-20 22:37:17'),
(371, 5, 'RECOLECCION2', 'EDITAR', 'Edito la recoleccion 142', '177.241.246.234', 'Mozilla/5.0 (Windows NT 10.0; Win64; x64) AppleWebKit/537.36 (KHTML, like Gecko) Chrome/141.0.0.0 Safari/537.36 Edg/141.0.0.0', '2025-10-20 22:45:00'),
(372, 5, 'RECOLECCION2', 'EDITAR', 'Edito la recoleccion 143', '177.241.246.234', 'Mozilla/5.0 (Windows NT 10.0; Win64; x64) AppleWebKit/537.36 (KHTML, like Gecko) Chrome/141.0.0.0 Safari/537.36 Edg/141.0.0.0', '2025-10-20 22:49:02'),
(373, 5, 'RECOLECCION2', 'EDITAR', 'Edito la recoleccion 144', '177.241.246.234', 'Mozilla/5.0 (Windows NT 10.0; Win64; x64) AppleWebKit/537.36 (KHTML, like Gecko) Chrome/141.0.0.0 Safari/537.36 Edg/141.0.0.0', '2025-10-20 22:50:25'),
(374, 5, 'RECOLECCION2', 'EDITAR', 'Edito la recoleccion 145', '177.241.246.234', 'Mozilla/5.0 (Windows NT 10.0; Win64; x64) AppleWebKit/537.36 (KHTML, like Gecko) Chrome/141.0.0.0 Safari/537.36 Edg/141.0.0.0', '2025-10-20 22:50:59'),
(375, 5, 'RECOLECCION2', 'EDITAR', 'Edito la recoleccion 146', '177.241.246.234', 'Mozilla/5.0 (Windows NT 10.0; Win64; x64) AppleWebKit/537.36 (KHTML, like Gecko) Chrome/141.0.0.0 Safari/537.36 Edg/141.0.0.0', '2025-10-20 22:51:27'),
(376, 5, 'RECOLECCION2', 'EDITAR', 'Edito la recoleccion 147', '177.241.246.234', 'Mozilla/5.0 (Windows NT 10.0; Win64; x64) AppleWebKit/537.36 (KHTML, like Gecko) Chrome/141.0.0.0 Safari/537.36 Edg/141.0.0.0', '2025-10-20 22:51:52'),
(377, 5, 'RECOLECCION2', 'EDITAR', 'Edito la recoleccion 148', '177.241.246.234', 'Mozilla/5.0 (Windows NT 10.0; Win64; x64) AppleWebKit/537.36 (KHTML, like Gecko) Chrome/141.0.0.0 Safari/537.36 Edg/141.0.0.0', '2025-10-20 22:52:21'),
(378, 5, 'RECOLECCION2', 'EDITAR', 'Edito la recoleccion 149', '177.241.246.234', 'Mozilla/5.0 (Windows NT 10.0; Win64; x64) AppleWebKit/537.36 (KHTML, like Gecko) Chrome/141.0.0.0 Safari/537.36 Edg/141.0.0.0', '2025-10-20 22:52:50'),
(379, 5, 'RECOLECCION2', 'EDITAR', 'Edito la recoleccion 150', '177.241.246.234', 'Mozilla/5.0 (Windows NT 10.0; Win64; x64) AppleWebKit/537.36 (KHTML, like Gecko) Chrome/141.0.0.0 Safari/537.36 Edg/141.0.0.0', '2025-10-20 22:53:18'),
(380, 5, 'RECOLECCION2', 'EDITAR', 'Edito la recoleccion 151', '177.241.246.234', 'Mozilla/5.0 (Windows NT 10.0; Win64; x64) AppleWebKit/537.36 (KHTML, like Gecko) Chrome/141.0.0.0 Safari/537.36 Edg/141.0.0.0', '2025-10-20 22:53:44'),
(381, 5, 'RECOLECCION2', 'EDITAR', 'Edito la recoleccion 152', '177.241.246.234', 'Mozilla/5.0 (Windows NT 10.0; Win64; x64) AppleWebKit/537.36 (KHTML, like Gecko) Chrome/141.0.0.0 Safari/537.36 Edg/141.0.0.0', '2025-10-20 22:54:13'),
(382, 5, 'RECOLECCION2', 'LOGOUT', 'Usuario cerró sesión', '177.241.246.234', 'Mozilla/5.0 (Windows NT 10.0; Win64; x64) AppleWebKit/537.36 (KHTML, like Gecko) Chrome/141.0.0.0 Safari/537.36 Edg/141.0.0.0', '2025-10-20 22:55:36'),
(383, 1, 'ADMIN', 'EDITAR', 'Edito la bodega 11 Para el proveedor 1', '186.96.54.230', 'Mozilla/5.0 (Windows NT 10.0; Win64; x64) AppleWebKit/537.36 (KHTML, like Gecko) Chrome/141.0.0.0 Safari/537.36', '2025-10-20 23:31:26'),
(384, 1, 'ADMIN', 'EDITAR', 'Edito la bodega 10 Para el proveedor 1', '186.96.54.230', 'Mozilla/5.0 (Windows NT 10.0; Win64; x64) AppleWebKit/537.36 (KHTML, like Gecko) Chrome/141.0.0.0 Safari/537.36', '2025-10-20 23:31:35'),
(385, 1, 'ADMIN', 'EDITAR', 'Edito la bodega 9 Para el proveedor 1', '186.96.54.230', 'Mozilla/5.0 (Windows NT 10.0; Win64; x64) AppleWebKit/537.36 (KHTML, like Gecko) Chrome/141.0.0.0 Safari/537.36', '2025-10-20 23:31:42'),
(386, 1, 'ADMIN', 'EDITAR', 'Edito la bodega 8 Para el proveedor 1', '186.96.54.230', 'Mozilla/5.0 (Windows NT 10.0; Win64; x64) AppleWebKit/537.36 (KHTML, like Gecko) Chrome/141.0.0.0 Safari/537.36', '2025-10-20 23:31:50'),
(387, 1, 'ADMIN', 'EDITAR', 'Edito la bodega 7 Para el proveedor 1', '186.96.54.230', 'Mozilla/5.0 (Windows NT 10.0; Win64; x64) AppleWebKit/537.36 (KHTML, like Gecko) Chrome/141.0.0.0 Safari/537.36', '2025-10-20 23:31:58'),
(388, 1, 'ADMIN', 'EDITAR', 'Edito la bodega 6 Para el proveedor 1', '186.96.54.230', 'Mozilla/5.0 (Windows NT 10.0; Win64; x64) AppleWebKit/537.36 (KHTML, like Gecko) Chrome/141.0.0.0 Safari/537.36', '2025-10-20 23:32:08'),
(389, 1, 'ADMIN', 'EDITAR', 'Edito la bodega 5 Para el proveedor 1', '186.96.54.230', 'Mozilla/5.0 (Windows NT 10.0; Win64; x64) AppleWebKit/537.36 (KHTML, like Gecko) Chrome/141.0.0.0 Safari/537.36', '2025-10-20 23:32:16'),
(390, 1, 'ADMIN', 'EDITAR', 'Edito la bodega 4 Para el proveedor 1', '186.96.54.230', 'Mozilla/5.0 (Windows NT 10.0; Win64; x64) AppleWebKit/537.36 (KHTML, like Gecko) Chrome/141.0.0.0 Safari/537.36', '2025-10-20 23:32:24'),
(391, 1, 'ADMIN', 'EDITAR', 'Edito la bodega 3 Para el proveedor 1', '186.96.54.230', 'Mozilla/5.0 (Windows NT 10.0; Win64; x64) AppleWebKit/537.36 (KHTML, like Gecko) Chrome/141.0.0.0 Safari/537.36', '2025-10-20 23:32:31'),
(392, 1, 'ADMIN', 'EDITAR', 'Edito la bodega 2 Para el proveedor 1', '186.96.54.230', 'Mozilla/5.0 (Windows NT 10.0; Win64; x64) AppleWebKit/537.36 (KHTML, like Gecko) Chrome/141.0.0.0 Safari/537.36', '2025-10-20 23:32:37'),
(393, 1, 'ADMIN', 'EDITAR', 'Edito la bodega 1 Para el proveedor 1', '186.96.54.230', 'Mozilla/5.0 (Windows NT 10.0; Win64; x64) AppleWebKit/537.36 (KHTML, like Gecko) Chrome/141.0.0.0 Safari/537.36', '2025-10-20 23:32:42'),
(394, 1, 'ADMIN', 'EDITAR', 'Se actualizo el fletero 4', '186.96.54.230', 'Mozilla/5.0 (Windows NT 10.0; Win64; x64) AppleWebKit/537.36 (KHTML, like Gecko) Chrome/141.0.0.0 Safari/537.36', '2025-10-20 23:34:39'),
(395, 1, 'ADMIN', 'EDITAR', 'Se actualizo el fletero 29', '186.96.54.230', 'Mozilla/5.0 (Windows NT 10.0; Win64; x64) AppleWebKit/537.36 (KHTML, like Gecko) Chrome/141.0.0.0 Safari/537.36', '2025-10-20 23:36:08'),
(396, 1, 'ADMIN', 'EDITAR', 'Se actualizo el fletero 24', '186.96.54.230', 'Mozilla/5.0 (Windows NT 10.0; Win64; x64) AppleWebKit/537.36 (KHTML, like Gecko) Chrome/141.0.0.0 Safari/537.36', '2025-10-20 23:36:32'),
(397, 1, 'ADMIN', 'EDITAR', 'Se actualizo el fletero 23', '186.96.54.230', 'Mozilla/5.0 (Windows NT 10.0; Win64; x64) AppleWebKit/537.36 (KHTML, like Gecko) Chrome/141.0.0.0 Safari/537.36', '2025-10-20 23:36:56'),
(398, 1, 'ADMIN', 'EDITAR', 'Se actualizo el fletero 31', '186.96.54.230', 'Mozilla/5.0 (Windows NT 10.0; Win64; x64) AppleWebKit/537.36 (KHTML, like Gecko) Chrome/141.0.0.0 Safari/537.36', '2025-10-20 23:37:27'),
(399, 1, 'ADMIN', 'EDITAR', 'Se actualizo el fletero 27', '186.96.54.230', 'Mozilla/5.0 (Windows NT 10.0; Win64; x64) AppleWebKit/537.36 (KHTML, like Gecko) Chrome/141.0.0.0 Safari/537.36', '2025-10-20 23:37:58'),
(400, 1, 'ADMIN', 'EDITAR', 'Se actualizo el fletero 6', '186.96.54.230', 'Mozilla/5.0 (Windows NT 10.0; Win64; x64) AppleWebKit/537.36 (KHTML, like Gecko) Chrome/141.0.0.0 Safari/537.36', '2025-10-20 23:38:34'),
(401, 1, 'ADMIN', 'EDITAR', 'Se actualizo el fletero 21', '186.96.54.230', 'Mozilla/5.0 (Windows NT 10.0; Win64; x64) AppleWebKit/537.36 (KHTML, like Gecko) Chrome/141.0.0.0 Safari/537.36', '2025-10-20 23:39:33'),
(402, 1, 'ADMIN', 'EDITAR', 'Se actualizo el fletero 22', '186.96.54.230', 'Mozilla/5.0 (Windows NT 10.0; Win64; x64) AppleWebKit/537.36 (KHTML, like Gecko) Chrome/141.0.0.0 Safari/537.36', '2025-10-20 23:39:58'),
(403, 1, 'ADMIN', 'EDITAR', 'Se actualizo el fletero 10', '186.96.54.230', 'Mozilla/5.0 (Windows NT 10.0; Win64; x64) AppleWebKit/537.36 (KHTML, like Gecko) Chrome/141.0.0.0 Safari/537.36', '2025-10-20 23:40:27'),
(404, 1, 'ADMIN', 'EDITAR', 'Se actualizo el fletero 32', '186.96.54.230', 'Mozilla/5.0 (Windows NT 10.0; Win64; x64) AppleWebKit/537.36 (KHTML, like Gecko) Chrome/141.0.0.0 Safari/537.36', '2025-10-20 23:41:58'),
(405, 1, 'ADMIN', 'EDITAR', 'Se actualizo el fletero 15', '186.96.54.230', 'Mozilla/5.0 (Windows NT 10.0; Win64; x64) AppleWebKit/537.36 (KHTML, like Gecko) Chrome/141.0.0.0 Safari/537.36', '2025-10-20 23:42:23'),
(406, 1, 'ADMIN', 'EDITAR', 'Se actualizo el fletero 20', '186.96.54.230', 'Mozilla/5.0 (Windows NT 10.0; Win64; x64) AppleWebKit/537.36 (KHTML, like Gecko) Chrome/141.0.0.0 Safari/537.36', '2025-10-20 23:42:54'),
(407, 1, 'ADMIN', 'EDITAR', 'Se actualizo el fletero 28', '186.96.54.230', 'Mozilla/5.0 (Windows NT 10.0; Win64; x64) AppleWebKit/537.36 (KHTML, like Gecko) Chrome/141.0.0.0 Safari/537.36', '2025-10-20 23:43:22'),
(408, 1, 'ADMIN', 'EDITAR', 'Se actualizo el fletero 5', '186.96.54.230', 'Mozilla/5.0 (Windows NT 10.0; Win64; x64) AppleWebKit/537.36 (KHTML, like Gecko) Chrome/141.0.0.0 Safari/537.36', '2025-10-20 23:43:45'),
(409, 1, 'ADMIN', 'EDITAR', 'Se actualizo el fletero 33', '186.96.54.230', 'Mozilla/5.0 (Windows NT 10.0; Win64; x64) AppleWebKit/537.36 (KHTML, like Gecko) Chrome/141.0.0.0 Safari/537.36', '2025-10-20 23:44:07'),
(410, 1, 'ADMIN', 'EDITAR', 'Se actualizo el fletero 16', '186.96.54.230', 'Mozilla/5.0 (Windows NT 10.0; Win64; x64) AppleWebKit/537.36 (KHTML, like Gecko) Chrome/141.0.0.0 Safari/537.36', '2025-10-20 23:44:24'),
(411, 1, 'ADMIN', 'EDITAR', 'Se actualizo el fletero 30', '186.96.54.230', 'Mozilla/5.0 (Windows NT 10.0; Win64; x64) AppleWebKit/537.36 (KHTML, like Gecko) Chrome/141.0.0.0 Safari/537.36', '2025-10-20 23:44:43'),
(412, 1, 'ADMIN', 'EDITAR', 'Se actualizo el fletero 3', '186.96.54.230', 'Mozilla/5.0 (Windows NT 10.0; Win64; x64) AppleWebKit/537.36 (KHTML, like Gecko) Chrome/141.0.0.0 Safari/537.36', '2025-10-20 23:45:53'),
(413, 1, 'ADMIN', 'EDITAR', 'Se actualizo el fletero 7', '186.96.54.230', 'Mozilla/5.0 (Windows NT 10.0; Win64; x64) AppleWebKit/537.36 (KHTML, like Gecko) Chrome/141.0.0.0 Safari/537.36', '2025-10-20 23:46:14'),
(414, 1, 'ADMIN', 'EDITAR', 'Se actualizo el fletero 8', '186.96.54.230', 'Mozilla/5.0 (Windows NT 10.0; Win64; x64) AppleWebKit/537.36 (KHTML, like Gecko) Chrome/141.0.0.0 Safari/537.36', '2025-10-20 23:46:22'),
(415, 1, 'ADMIN', 'EDITAR', 'Se actualizo el fletero 13', '186.96.54.230', 'Mozilla/5.0 (Windows NT 10.0; Win64; x64) AppleWebKit/537.36 (KHTML, like Gecko) Chrome/141.0.0.0 Safari/537.36', '2025-10-20 23:47:02'),
(416, 1, 'ADMIN', 'EDITAR', 'Se actualizo el fletero 14', '186.96.54.230', 'Mozilla/5.0 (Windows NT 10.0; Win64; x64) AppleWebKit/537.36 (KHTML, like Gecko) Chrome/141.0.0.0 Safari/537.36', '2025-10-20 23:47:16'),
(417, 1, 'ADMIN', 'EDITAR', 'Se actualizo el fletero 11', '186.96.54.230', 'Mozilla/5.0 (Windows NT 10.0; Win64; x64) AppleWebKit/537.36 (KHTML, like Gecko) Chrome/141.0.0.0 Safari/537.36', '2025-10-20 23:47:39'),
(418, 1, 'ADMIN', 'EDITAR', 'Se actualizo el fletero 17', '186.96.54.230', 'Mozilla/5.0 (Windows NT 10.0; Win64; x64) AppleWebKit/537.36 (KHTML, like Gecko) Chrome/141.0.0.0 Safari/537.36', '2025-10-20 23:47:47'),
(419, 1, 'ADMIN', 'EDITAR', 'Se actualizo el fletero 12', '186.96.54.230', 'Mozilla/5.0 (Windows NT 10.0; Win64; x64) AppleWebKit/537.36 (KHTML, like Gecko) Chrome/141.0.0.0 Safari/537.36', '2025-10-20 23:48:08'),
(420, 1, 'ADMIN', 'EDITAR', 'Se actualizo el fletero 18', '186.96.54.230', 'Mozilla/5.0 (Windows NT 10.0; Win64; x64) AppleWebKit/537.36 (KHTML, like Gecko) Chrome/141.0.0.0 Safari/537.36', '2025-10-20 23:48:18'),
(421, 1, 'ADMIN', 'EDITAR', 'Se actualizo el fletero 19', '186.96.54.230', 'Mozilla/5.0 (Windows NT 10.0; Win64; x64) AppleWebKit/537.36 (KHTML, like Gecko) Chrome/141.0.0.0 Safari/537.36', '2025-10-20 23:48:28'),
(422, 1, 'ADMIN', 'EDITAR', 'Se actualizo el fletero 9', '186.96.54.230', 'Mozilla/5.0 (Windows NT 10.0; Win64; x64) AppleWebKit/537.36 (KHTML, like Gecko) Chrome/141.0.0.0 Safari/537.36', '2025-10-20 23:48:40'),
(423, 1, 'ADMIN', 'LOGIN', 'Inicio de sesión exitoso', '186.96.54.230', 'Mozilla/5.0 (Windows NT 10.0; Win64; x64) AppleWebKit/537.36 (KHTML, like Gecko) Chrome/141.0.0.0 Safari/537.36', '2025-10-21 15:42:59');
INSERT INTO `user_activity_logs` (`id`, `user_id`, `username`, `action`, `description`, `ip_address`, `user_agent`, `created_at`) VALUES
(424, 1, 'ADMIN', 'INV', ' Se buscaron facturas en invoice ', '186.96.54.230', 'Mozilla/5.0 (Windows NT 10.0; Win64; x64) AppleWebKit/537.36 (KHTML, like Gecko) Chrome/141.0.0.0 Safari/537.36', '2025-10-21 15:43:08'),
(425, 1, 'ADMIN', 'INV', ' Se buscaron facturas en invoice ', '186.96.54.230', 'Mozilla/5.0 (Windows NT 10.0; Win64; x64) AppleWebKit/537.36 (KHTML, like Gecko) Chrome/141.0.0.0 Safari/537.36', '2025-10-21 15:43:21'),
(426, 1, 'ADMIN', 'INV', ' Se buscaron contra recibos en invoice ', '186.96.54.230', 'Mozilla/5.0 (Windows NT 10.0; Win64; x64) AppleWebKit/537.36 (KHTML, like Gecko) Chrome/141.0.0.0 Safari/537.36', '2025-10-21 15:43:36'),
(427, 1, 'ADMIN', 'EXCEL', 'Descargo el EXCEL de recolecciones', '186.96.54.230', 'Mozilla/5.0 (Windows NT 10.0; Win64; x64) AppleWebKit/537.36 (KHTML, like Gecko) Chrome/141.0.0.0 Safari/537.36', '2025-10-21 17:37:47'),
(428, 5, 'RECOLECCION2', 'LOGIN', 'Inicio de sesión exitoso', '177.241.246.234', 'Mozilla/5.0 (Windows NT 10.0; Win64; x64) AppleWebKit/537.36 (KHTML, like Gecko) Chrome/141.0.0.0 Safari/537.36 Edg/141.0.0.0', '2025-10-21 18:27:49'),
(429, 5, 'RECOLECCION2', 'REC', 'Actualizo los datos del fletero en la recolección 11', '177.241.246.234', 'Mozilla/5.0 (Windows NT 10.0; Win64; x64) AppleWebKit/537.36 (KHTML, like Gecko) Chrome/141.0.0.0 Safari/537.36 Edg/141.0.0.0', '2025-10-21 18:30:39'),
(430, 5, 'RECOLECCION2', 'REC', 'Actualizo los datos del fletero en la recolección 30', '177.241.246.234', 'Mozilla/5.0 (Windows NT 10.0; Win64; x64) AppleWebKit/537.36 (KHTML, like Gecko) Chrome/141.0.0.0 Safari/537.36 Edg/141.0.0.0', '2025-10-21 18:32:41'),
(431, 5, 'RECOLECCION2', 'REC', 'Actualizo los datos del fletero en la recolección 31', '177.241.246.234', 'Mozilla/5.0 (Windows NT 10.0; Win64; x64) AppleWebKit/537.36 (KHTML, like Gecko) Chrome/141.0.0.0 Safari/537.36 Edg/141.0.0.0', '2025-10-21 18:36:06'),
(432, 5, 'RECOLECCION2', 'REC', 'Actualizo los datos del fletero en la recolección 32', '177.241.246.234', 'Mozilla/5.0 (Windows NT 10.0; Win64; x64) AppleWebKit/537.36 (KHTML, like Gecko) Chrome/141.0.0.0 Safari/537.36 Edg/141.0.0.0', '2025-10-21 18:37:17'),
(433, 5, 'RECOLECCION2', 'REC', 'Actualizo los datos del fletero en la recolección 12', '177.241.246.234', 'Mozilla/5.0 (Windows NT 10.0; Win64; x64) AppleWebKit/537.36 (KHTML, like Gecko) Chrome/141.0.0.0 Safari/537.36 Edg/141.0.0.0', '2025-10-21 18:39:24'),
(434, 5, 'RECOLECCION2', 'REC', 'Actualizo los datos del fletero en la recolección 15', '177.241.246.234', 'Mozilla/5.0 (Windows NT 10.0; Win64; x64) AppleWebKit/537.36 (KHTML, like Gecko) Chrome/141.0.0.0 Safari/537.36 Edg/141.0.0.0', '2025-10-21 18:41:52'),
(435, 5, 'RECOLECCION2', 'REC', 'Actualizo los datos del fletero en la recolección 16', '177.241.246.234', 'Mozilla/5.0 (Windows NT 10.0; Win64; x64) AppleWebKit/537.36 (KHTML, like Gecko) Chrome/141.0.0.0 Safari/537.36 Edg/141.0.0.0', '2025-10-21 18:43:18'),
(436, 5, 'RECOLECCION2', 'REC', 'Actualizo los datos del fletero en la recolección 17', '177.241.246.234', 'Mozilla/5.0 (Windows NT 10.0; Win64; x64) AppleWebKit/537.36 (KHTML, like Gecko) Chrome/141.0.0.0 Safari/537.36 Edg/141.0.0.0', '2025-10-21 18:51:28'),
(437, 5, 'RECOLECCION2', 'REC', 'Actualizo los datos del fletero en la recolección 34', '177.241.246.234', 'Mozilla/5.0 (Windows NT 10.0; Win64; x64) AppleWebKit/537.36 (KHTML, like Gecko) Chrome/141.0.0.0 Safari/537.36 Edg/141.0.0.0', '2025-10-21 18:54:18'),
(438, 5, 'RECOLECCION2', 'REC', 'Actualizo los datos del fletero en la recolección 35', '177.241.246.234', 'Mozilla/5.0 (Windows NT 10.0; Win64; x64) AppleWebKit/537.36 (KHTML, like Gecko) Chrome/141.0.0.0 Safari/537.36 Edg/141.0.0.0', '2025-10-21 18:55:26'),
(439, 5, 'RECOLECCION2', 'REC', 'Actualizo los datos del fletero en la recolección 36', '177.241.246.234', 'Mozilla/5.0 (Windows NT 10.0; Win64; x64) AppleWebKit/537.36 (KHTML, like Gecko) Chrome/141.0.0.0 Safari/537.36 Edg/141.0.0.0', '2025-10-21 18:56:19'),
(440, 5, 'RECOLECCION2', 'REC', 'Actualizo los datos del fletero en la recolección 37', '177.241.246.234', 'Mozilla/5.0 (Windows NT 10.0; Win64; x64) AppleWebKit/537.36 (KHTML, like Gecko) Chrome/141.0.0.0 Safari/537.36 Edg/141.0.0.0', '2025-10-21 18:57:22'),
(441, 5, 'RECOLECCION2', 'REC', 'Actualizo los datos del fletero en la recolección 18', '177.241.246.234', 'Mozilla/5.0 (Windows NT 10.0; Win64; x64) AppleWebKit/537.36 (KHTML, like Gecko) Chrome/141.0.0.0 Safari/537.36 Edg/141.0.0.0', '2025-10-21 18:58:27'),
(442, 5, 'RECOLECCION2', 'REC', 'Actualizo los datos del fletero en la recolección 19', '177.241.246.234', 'Mozilla/5.0 (Windows NT 10.0; Win64; x64) AppleWebKit/537.36 (KHTML, like Gecko) Chrome/141.0.0.0 Safari/537.36 Edg/141.0.0.0', '2025-10-21 18:59:53'),
(443, 5, 'RECOLECCION2', 'REC', 'Actualizo los datos del fletero en la recolección 20', '177.241.246.234', 'Mozilla/5.0 (Windows NT 10.0; Win64; x64) AppleWebKit/537.36 (KHTML, like Gecko) Chrome/141.0.0.0 Safari/537.36 Edg/141.0.0.0', '2025-10-21 19:00:53'),
(444, 5, 'RECOLECCION2', 'LOGOUT', 'Usuario cerró sesión', '177.241.246.234', 'Mozilla/5.0 (Windows NT 10.0; Win64; x64) AppleWebKit/537.36 (KHTML, like Gecko) Chrome/141.0.0.0 Safari/537.36 Edg/141.0.0.0', '2025-10-21 19:07:07'),
(445, 1, 'ADMIN', 'INV', ' Se buscaron facturas en invoice ', '186.96.54.230', 'Mozilla/5.0 (Windows NT 10.0; Win64; x64) AppleWebKit/537.36 (KHTML, like Gecko) Chrome/141.0.0.0 Safari/537.36', '2025-10-21 19:08:07'),
(446, 1, 'ADMIN', 'INV', ' Se buscaron contra recibos en invoice ', '186.96.54.230', 'Mozilla/5.0 (Windows NT 10.0; Win64; x64) AppleWebKit/537.36 (KHTML, like Gecko) Chrome/141.0.0.0 Safari/537.36', '2025-10-21 19:08:37'),
(447, 1, 'ADMIN', 'INV', ' Se buscaron facturas en invoice ', '186.96.54.230', 'Mozilla/5.0 (Windows NT 10.0; Win64; x64) AppleWebKit/537.36 (KHTML, like Gecko) Chrome/141.0.0.0 Safari/537.36', '2025-10-21 19:12:45'),
(448, 1, 'ADMIN', 'INV', ' Se buscaron facturas en invoice ', '186.96.54.230', 'Mozilla/5.0 (Windows NT 10.0; Win64; x64) AppleWebKit/537.36 (KHTML, like Gecko) Chrome/141.0.0.0 Safari/537.36', '2025-10-21 19:13:03'),
(449, 1, 'ADMIN', 'INV', ' Se buscaron contra recibos en invoice ', '186.96.54.230', 'Mozilla/5.0 (Windows NT 10.0; Win64; x64) AppleWebKit/537.36 (KHTML, like Gecko) Chrome/141.0.0.0 Safari/537.36', '2025-10-21 19:13:16'),
(450, 1, 'ADMIN', 'EXCEL', 'Descargo el EXCEL de recolecciones', '186.96.54.230', 'Mozilla/5.0 (Windows NT 10.0; Win64; x64) AppleWebKit/537.36 (KHTML, like Gecko) Chrome/141.0.0.0 Safari/537.36', '2025-10-21 19:17:06'),
(451, 1, 'ADMIN', 'LOGIN', 'Inicio de sesión exitoso', '186.96.54.230', 'Mozilla/5.0 (Windows NT 10.0; Win64; x64) AppleWebKit/537.36 (KHTML, like Gecko) Chrome/141.0.0.0 Safari/537.36', '2025-10-21 20:04:34'),
(452, 1, 'ADMIN', 'INV', ' Se buscaron facturas en invoice ', '186.96.54.230', 'Mozilla/5.0 (Windows NT 10.0; Win64; x64) AppleWebKit/537.36 (KHTML, like Gecko) Chrome/141.0.0.0 Safari/537.36', '2025-10-21 21:01:36'),
(453, 1, 'ADMIN', 'INV', ' Se buscaron facturas en invoice ', '186.96.54.230', 'Mozilla/5.0 (Windows NT 10.0; Win64; x64) AppleWebKit/537.36 (KHTML, like Gecko) Chrome/141.0.0.0 Safari/537.36', '2025-10-21 21:02:01'),
(454, 1, 'ADMIN', 'INV', ' Se buscaron contra recibos en invoice ', '186.96.54.230', 'Mozilla/5.0 (Windows NT 10.0; Win64; x64) AppleWebKit/537.36 (KHTML, like Gecko) Chrome/141.0.0.0 Safari/537.36', '2025-10-21 21:02:16'),
(455, 1, 'ADMIN', 'LOGIN', 'Inicio de sesión exitoso', '186.96.54.230', 'Mozilla/5.0 (Windows NT 10.0; Win64; x64) AppleWebKit/537.36 (KHTML, like Gecko) Chrome/141.0.0.0 Safari/537.36', '2025-10-21 22:06:01'),
(456, 1, 'ADMIN', 'INV', 'Se comprobó si existen las facturas y contra recibos en invoice ', '186.96.54.230', 'Mozilla/5.0 (Windows NT 10.0; Win64; x64) AppleWebKit/537.36 (KHTML, like Gecko) Chrome/141.0.0.0 Safari/537.36', '2025-10-21 23:00:22'),
(457, 1, 'ADMIN', 'INV', ' Se buscaron contra recibos en invoice ', '186.96.54.230', 'Mozilla/5.0 (Windows NT 10.0; Win64; x64) AppleWebKit/537.36 (KHTML, like Gecko) Chrome/141.0.0.0 Safari/537.36', '2025-10-21 23:02:58'),
(458, 5, 'RECOLECCION2', 'LOGIN', 'Inicio de sesión exitoso', '177.241.246.234', 'Mozilla/5.0 (Windows NT 10.0; Win64; x64) AppleWebKit/537.36 (KHTML, like Gecko) Chrome/141.0.0.0 Safari/537.36 Edg/141.0.0.0', '2025-10-22 14:41:06'),
(459, 5, 'RECOLECCION2', 'CREAR', 'Dio de alta una nueva recolección 153', '177.241.246.234', 'Mozilla/5.0 (Windows NT 10.0; Win64; x64) AppleWebKit/537.36 (KHTML, like Gecko) Chrome/141.0.0.0 Safari/537.36 Edg/141.0.0.0', '2025-10-22 14:43:13'),
(460, 5, 'RECOLECCION2', 'REC', 'Actualizo la remision y el peso de la recolección 153', '177.241.246.234', 'Mozilla/5.0 (Windows NT 10.0; Win64; x64) AppleWebKit/537.36 (KHTML, like Gecko) Chrome/141.0.0.0 Safari/537.36 Edg/141.0.0.0', '2025-10-22 14:43:36'),
(461, 5, 'RECOLECCION2', 'REC', 'Actualizo los datos del fletero en la recolección 153', '177.241.246.234', 'Mozilla/5.0 (Windows NT 10.0; Win64; x64) AppleWebKit/537.36 (KHTML, like Gecko) Chrome/141.0.0.0 Safari/537.36 Edg/141.0.0.0', '2025-10-22 14:44:14'),
(462, 5, 'RECOLECCION2', 'CREAR', 'Dio de alta una nueva recolección 154', '177.241.246.234', 'Mozilla/5.0 (Windows NT 10.0; Win64; x64) AppleWebKit/537.36 (KHTML, like Gecko) Chrome/141.0.0.0 Safari/537.36 Edg/141.0.0.0', '2025-10-22 14:46:05'),
(463, 5, 'RECOLECCION2', 'REC', 'Actualizo la remision y el peso de la recolección 154', '177.241.246.234', 'Mozilla/5.0 (Windows NT 10.0; Win64; x64) AppleWebKit/537.36 (KHTML, like Gecko) Chrome/141.0.0.0 Safari/537.36 Edg/141.0.0.0', '2025-10-22 14:46:29'),
(464, 5, 'RECOLECCION2', 'REC', 'Actualizo los datos del fletero en la recolección 154', '177.241.246.234', 'Mozilla/5.0 (Windows NT 10.0; Win64; x64) AppleWebKit/537.36 (KHTML, like Gecko) Chrome/141.0.0.0 Safari/537.36 Edg/141.0.0.0', '2025-10-22 14:46:56'),
(465, 5, 'RECOLECCION2', 'CREAR', 'Dio de alta una nueva recolección 155', '177.241.246.234', 'Mozilla/5.0 (Windows NT 10.0; Win64; x64) AppleWebKit/537.36 (KHTML, like Gecko) Chrome/141.0.0.0 Safari/537.36 Edg/141.0.0.0', '2025-10-22 14:47:49'),
(466, 5, 'RECOLECCION2', 'REC', 'Actualizo la remision y el peso de la recolección 155', '177.241.246.234', 'Mozilla/5.0 (Windows NT 10.0; Win64; x64) AppleWebKit/537.36 (KHTML, like Gecko) Chrome/141.0.0.0 Safari/537.36 Edg/141.0.0.0', '2025-10-22 14:48:09'),
(467, 5, 'RECOLECCION2', 'CREAR', 'Dio de alta una nueva recolección 156', '177.241.246.234', 'Mozilla/5.0 (Windows NT 10.0; Win64; x64) AppleWebKit/537.36 (KHTML, like Gecko) Chrome/141.0.0.0 Safari/537.36 Edg/141.0.0.0', '2025-10-22 15:09:59'),
(468, 5, 'RECOLECCION2', 'REC', 'Actualizo la remision y el peso de la recolección 156', '177.241.246.234', 'Mozilla/5.0 (Windows NT 10.0; Win64; x64) AppleWebKit/537.36 (KHTML, like Gecko) Chrome/141.0.0.0 Safari/537.36 Edg/141.0.0.0', '2025-10-22 15:10:20'),
(469, 5, 'RECOLECCION2', 'CREAR', 'Dio de alta una nueva recolección 157', '177.241.246.234', 'Mozilla/5.0 (Windows NT 10.0; Win64; x64) AppleWebKit/537.36 (KHTML, like Gecko) Chrome/141.0.0.0 Safari/537.36 Edg/141.0.0.0', '2025-10-22 15:12:33'),
(470, 5, 'RECOLECCION2', 'REC', 'Actualizo la remision y el peso de la recolección 157', '177.241.246.234', 'Mozilla/5.0 (Windows NT 10.0; Win64; x64) AppleWebKit/537.36 (KHTML, like Gecko) Chrome/141.0.0.0 Safari/537.36 Edg/141.0.0.0', '2025-10-22 15:13:14'),
(471, 5, 'RECOLECCION2', 'CREAR', 'Dio de alta una nueva recolección 158', '177.241.246.234', 'Mozilla/5.0 (Windows NT 10.0; Win64; x64) AppleWebKit/537.36 (KHTML, like Gecko) Chrome/141.0.0.0 Safari/537.36 Edg/141.0.0.0', '2025-10-22 15:14:02'),
(472, 5, 'RECOLECCION2', 'REC', 'Actualizo la remision y el peso de la recolección 158', '177.241.246.234', 'Mozilla/5.0 (Windows NT 10.0; Win64; x64) AppleWebKit/537.36 (KHTML, like Gecko) Chrome/141.0.0.0 Safari/537.36 Edg/141.0.0.0', '2025-10-22 15:14:21'),
(473, 5, 'RECOLECCION2', 'CREAR', 'Dio de alta una nueva recolección 159', '177.241.246.234', 'Mozilla/5.0 (Windows NT 10.0; Win64; x64) AppleWebKit/537.36 (KHTML, like Gecko) Chrome/141.0.0.0 Safari/537.36 Edg/141.0.0.0', '2025-10-22 15:15:28'),
(474, 5, 'RECOLECCION2', 'REC', 'Actualizo la remision y el peso de la recolección 159', '177.241.246.234', 'Mozilla/5.0 (Windows NT 10.0; Win64; x64) AppleWebKit/537.36 (KHTML, like Gecko) Chrome/141.0.0.0 Safari/537.36 Edg/141.0.0.0', '2025-10-22 15:15:48'),
(475, 5, 'RECOLECCION2', 'CREAR', 'Dio de alta una nueva recolección 160', '177.241.246.234', 'Mozilla/5.0 (Windows NT 10.0; Win64; x64) AppleWebKit/537.36 (KHTML, like Gecko) Chrome/141.0.0.0 Safari/537.36 Edg/141.0.0.0', '2025-10-22 15:16:37'),
(476, 5, 'RECOLECCION2', 'REC', 'Actualizo la remision y el peso de la recolección 160', '177.241.246.234', 'Mozilla/5.0 (Windows NT 10.0; Win64; x64) AppleWebKit/537.36 (KHTML, like Gecko) Chrome/141.0.0.0 Safari/537.36 Edg/141.0.0.0', '2025-10-22 15:16:55'),
(477, 5, 'RECOLECCION2', 'CREAR', 'Dio de alta una nueva recolección 161', '177.241.246.234', 'Mozilla/5.0 (Windows NT 10.0; Win64; x64) AppleWebKit/537.36 (KHTML, like Gecko) Chrome/141.0.0.0 Safari/537.36 Edg/141.0.0.0', '2025-10-22 15:17:55'),
(478, 5, 'RECOLECCION2', 'REC', 'Actualizo la remision y el peso de la recolección 161', '177.241.246.234', 'Mozilla/5.0 (Windows NT 10.0; Win64; x64) AppleWebKit/537.36 (KHTML, like Gecko) Chrome/141.0.0.0 Safari/537.36 Edg/141.0.0.0', '2025-10-22 15:18:12'),
(479, 5, 'RECOLECCION2', 'CREAR', 'Dio de alta una nueva recolección 162', '177.241.246.234', 'Mozilla/5.0 (Windows NT 10.0; Win64; x64) AppleWebKit/537.36 (KHTML, like Gecko) Chrome/141.0.0.0 Safari/537.36 Edg/141.0.0.0', '2025-10-22 15:20:29'),
(480, 5, 'RECOLECCION2', 'REC', 'Actualizo la remision y el peso de la recolección 162', '177.241.246.234', 'Mozilla/5.0 (Windows NT 10.0; Win64; x64) AppleWebKit/537.36 (KHTML, like Gecko) Chrome/141.0.0.0 Safari/537.36 Edg/141.0.0.0', '2025-10-22 15:20:59'),
(481, 5, 'RECOLECCION2', 'CREAR', 'Dio de alta una nueva recolección 163', '177.241.246.234', 'Mozilla/5.0 (Windows NT 10.0; Win64; x64) AppleWebKit/537.36 (KHTML, like Gecko) Chrome/141.0.0.0 Safari/537.36 Edg/141.0.0.0', '2025-10-22 15:22:02'),
(482, 5, 'RECOLECCION2', 'REC', 'Actualizo la remision y el peso de la recolección 163', '177.241.246.234', 'Mozilla/5.0 (Windows NT 10.0; Win64; x64) AppleWebKit/537.36 (KHTML, like Gecko) Chrome/141.0.0.0 Safari/537.36 Edg/141.0.0.0', '2025-10-22 15:22:21'),
(483, 5, 'RECOLECCION2', 'CREAR', 'Dio de alta una nueva recolección 164', '177.241.246.234', 'Mozilla/5.0 (Windows NT 10.0; Win64; x64) AppleWebKit/537.36 (KHTML, like Gecko) Chrome/141.0.0.0 Safari/537.36 Edg/141.0.0.0', '2025-10-22 15:23:36'),
(484, 5, 'RECOLECCION2', 'REC', 'Actualizo la remision y el peso de la recolección 164', '177.241.246.234', 'Mozilla/5.0 (Windows NT 10.0; Win64; x64) AppleWebKit/537.36 (KHTML, like Gecko) Chrome/141.0.0.0 Safari/537.36 Edg/141.0.0.0', '2025-10-22 15:23:58'),
(485, 5, 'RECOLECCION2', 'CREAR', 'Dio de alta una nueva recolección 165', '177.241.246.234', 'Mozilla/5.0 (Windows NT 10.0; Win64; x64) AppleWebKit/537.36 (KHTML, like Gecko) Chrome/141.0.0.0 Safari/537.36 Edg/141.0.0.0', '2025-10-22 15:27:04'),
(486, 5, 'RECOLECCION2', 'REC', 'Actualizo la remision y el peso de la recolección 165', '177.241.246.234', 'Mozilla/5.0 (Windows NT 10.0; Win64; x64) AppleWebKit/537.36 (KHTML, like Gecko) Chrome/141.0.0.0 Safari/537.36 Edg/141.0.0.0', '2025-10-22 15:27:21'),
(487, 5, 'RECOLECCION2', 'CREAR', 'Dio de alta una nueva recolección 166', '177.241.246.234', 'Mozilla/5.0 (Windows NT 10.0; Win64; x64) AppleWebKit/537.36 (KHTML, like Gecko) Chrome/141.0.0.0 Safari/537.36 Edg/141.0.0.0', '2025-10-22 15:28:35'),
(488, 5, 'RECOLECCION2', 'REC', 'Actualizo la remision y el peso de la recolección 166', '177.241.246.234', 'Mozilla/5.0 (Windows NT 10.0; Win64; x64) AppleWebKit/537.36 (KHTML, like Gecko) Chrome/141.0.0.0 Safari/537.36 Edg/141.0.0.0', '2025-10-22 15:28:58'),
(489, 5, 'RECOLECCION2', 'CREAR', 'Dio de alta una nueva recolección 167', '177.241.246.234', 'Mozilla/5.0 (Windows NT 10.0; Win64; x64) AppleWebKit/537.36 (KHTML, like Gecko) Chrome/141.0.0.0 Safari/537.36 Edg/141.0.0.0', '2025-10-22 15:30:37'),
(490, 5, 'RECOLECCION2', 'REC', 'Actualizo la remision y el peso de la recolección 167', '177.241.246.234', 'Mozilla/5.0 (Windows NT 10.0; Win64; x64) AppleWebKit/537.36 (KHTML, like Gecko) Chrome/141.0.0.0 Safari/537.36 Edg/141.0.0.0', '2025-10-22 15:30:53'),
(491, 5, 'RECOLECCION2', 'CREAR', 'Dio de alta una nueva recolección 168', '177.241.246.234', 'Mozilla/5.0 (Windows NT 10.0; Win64; x64) AppleWebKit/537.36 (KHTML, like Gecko) Chrome/141.0.0.0 Safari/537.36 Edg/141.0.0.0', '2025-10-22 15:31:42'),
(492, 5, 'RECOLECCION2', 'REC', 'Actualizo la remision y el peso de la recolección 168', '177.241.246.234', 'Mozilla/5.0 (Windows NT 10.0; Win64; x64) AppleWebKit/537.36 (KHTML, like Gecko) Chrome/141.0.0.0 Safari/537.36 Edg/141.0.0.0', '2025-10-22 15:32:37'),
(493, 5, 'RECOLECCION2', 'CREAR', 'Dio de alta una nueva recolección 169', '177.241.246.234', 'Mozilla/5.0 (Windows NT 10.0; Win64; x64) AppleWebKit/537.36 (KHTML, like Gecko) Chrome/141.0.0.0 Safari/537.36 Edg/141.0.0.0', '2025-10-22 15:33:33'),
(494, 5, 'RECOLECCION2', 'REC', 'Actualizo la remision y el peso de la recolección 169', '177.241.246.234', 'Mozilla/5.0 (Windows NT 10.0; Win64; x64) AppleWebKit/537.36 (KHTML, like Gecko) Chrome/141.0.0.0 Safari/537.36 Edg/141.0.0.0', '2025-10-22 15:33:52'),
(495, 5, 'RECOLECCION2', 'CREAR', 'Dio de alta una nueva recolección 170', '177.241.246.234', 'Mozilla/5.0 (Windows NT 10.0; Win64; x64) AppleWebKit/537.36 (KHTML, like Gecko) Chrome/141.0.0.0 Safari/537.36 Edg/141.0.0.0', '2025-10-22 15:35:22'),
(496, 5, 'RECOLECCION2', 'REC', 'Actualizo la remision y el peso de la recolección 170', '177.241.246.234', 'Mozilla/5.0 (Windows NT 10.0; Win64; x64) AppleWebKit/537.36 (KHTML, like Gecko) Chrome/141.0.0.0 Safari/537.36 Edg/141.0.0.0', '2025-10-22 15:35:41'),
(497, 5, 'RECOLECCION2', 'CREAR', 'Dio de alta una nueva recolección 171', '177.241.246.234', 'Mozilla/5.0 (Windows NT 10.0; Win64; x64) AppleWebKit/537.36 (KHTML, like Gecko) Chrome/141.0.0.0 Safari/537.36 Edg/141.0.0.0', '2025-10-22 15:36:42'),
(498, 5, 'RECOLECCION2', 'REC', 'Actualizo la remision y el peso de la recolección 171', '177.241.246.234', 'Mozilla/5.0 (Windows NT 10.0; Win64; x64) AppleWebKit/537.36 (KHTML, like Gecko) Chrome/141.0.0.0 Safari/537.36 Edg/141.0.0.0', '2025-10-22 15:37:09'),
(499, 5, 'RECOLECCION2', 'CREAR', 'Dio de alta una nueva recolección 172', '177.241.246.234', 'Mozilla/5.0 (Windows NT 10.0; Win64; x64) AppleWebKit/537.36 (KHTML, like Gecko) Chrome/141.0.0.0 Safari/537.36 Edg/141.0.0.0', '2025-10-22 15:41:20'),
(500, 5, 'RECOLECCION2', 'REC', 'Actualizo la remision y el peso de la recolección 172', '177.241.246.234', 'Mozilla/5.0 (Windows NT 10.0; Win64; x64) AppleWebKit/537.36 (KHTML, like Gecko) Chrome/141.0.0.0 Safari/537.36 Edg/141.0.0.0', '2025-10-22 15:41:46'),
(501, 5, 'RECOLECCION2', 'CREAR', 'Dio de alta una nueva recolección 173', '177.241.246.234', 'Mozilla/5.0 (Windows NT 10.0; Win64; x64) AppleWebKit/537.36 (KHTML, like Gecko) Chrome/141.0.0.0 Safari/537.36 Edg/141.0.0.0', '2025-10-22 15:43:00'),
(502, 5, 'RECOLECCION2', 'REC', 'Actualizo la remision y el peso de la recolección 173', '177.241.246.234', 'Mozilla/5.0 (Windows NT 10.0; Win64; x64) AppleWebKit/537.36 (KHTML, like Gecko) Chrome/141.0.0.0 Safari/537.36 Edg/141.0.0.0', '2025-10-22 15:43:23'),
(503, 5, 'RECOLECCION2', 'CREAR', 'Dio de alta una nueva recolección 174', '177.241.246.234', 'Mozilla/5.0 (Windows NT 10.0; Win64; x64) AppleWebKit/537.36 (KHTML, like Gecko) Chrome/141.0.0.0 Safari/537.36 Edg/141.0.0.0', '2025-10-22 15:44:24'),
(504, 1, 'ADMIN', 'LOGIN', 'Inicio de sesión exitoso', '186.96.54.230', 'Mozilla/5.0 (Windows NT 10.0; Win64; x64) AppleWebKit/537.36 (KHTML, like Gecko) Chrome/141.0.0.0 Safari/537.36', '2025-10-22 15:44:32'),
(505, 1, 'ADMIN', 'INV', ' Se buscaron facturas en invoice ', '186.96.54.230', 'Mozilla/5.0 (Windows NT 10.0; Win64; x64) AppleWebKit/537.36 (KHTML, like Gecko) Chrome/141.0.0.0 Safari/537.36', '2025-10-22 15:44:38'),
(506, 5, 'RECOLECCION2', 'REC', 'Actualizo la remision y el peso de la recolección 174', '177.241.246.234', 'Mozilla/5.0 (Windows NT 10.0; Win64; x64) AppleWebKit/537.36 (KHTML, like Gecko) Chrome/141.0.0.0 Safari/537.36 Edg/141.0.0.0', '2025-10-22 15:44:46'),
(507, 1, 'ADMIN', 'INV', ' Se buscaron contra recibos en invoice ', '186.96.54.230', 'Mozilla/5.0 (Windows NT 10.0; Win64; x64) AppleWebKit/537.36 (KHTML, like Gecko) Chrome/141.0.0.0 Safari/537.36', '2025-10-22 15:44:58'),
(508, 1, 'ADMIN', 'INV', ' Se buscaron contra recibos en invoice ', '186.96.54.230', 'Mozilla/5.0 (Windows NT 10.0; Win64; x64) AppleWebKit/537.36 (KHTML, like Gecko) Chrome/141.0.0.0 Safari/537.36', '2025-10-22 15:45:15'),
(509, 5, 'RECOLECCION2', 'CREAR', 'Dio de alta una nueva recolección 175', '177.241.246.234', 'Mozilla/5.0 (Windows NT 10.0; Win64; x64) AppleWebKit/537.36 (KHTML, like Gecko) Chrome/141.0.0.0 Safari/537.36 Edg/141.0.0.0', '2025-10-22 15:46:56'),
(510, 5, 'RECOLECCION2', 'REC', 'Actualizo la remision y el peso de la recolección 175', '177.241.246.234', 'Mozilla/5.0 (Windows NT 10.0; Win64; x64) AppleWebKit/537.36 (KHTML, like Gecko) Chrome/141.0.0.0 Safari/537.36 Edg/141.0.0.0', '2025-10-22 15:47:29'),
(511, 5, 'RECOLECCION2', 'REC', 'Actualizo los datos del fletero en la recolección 175', '177.241.246.234', 'Mozilla/5.0 (Windows NT 10.0; Win64; x64) AppleWebKit/537.36 (KHTML, like Gecko) Chrome/141.0.0.0 Safari/537.36 Edg/141.0.0.0', '2025-10-22 15:48:04'),
(512, 5, 'RECOLECCION2', 'CREAR', 'Dio de alta una nueva recolección 176', '177.241.246.234', 'Mozilla/5.0 (Windows NT 10.0; Win64; x64) AppleWebKit/537.36 (KHTML, like Gecko) Chrome/141.0.0.0 Safari/537.36 Edg/141.0.0.0', '2025-10-22 15:49:58'),
(513, 5, 'RECOLECCION2', 'REC', 'Actualizo la remision y el peso de la recolección 176', '177.241.246.234', 'Mozilla/5.0 (Windows NT 10.0; Win64; x64) AppleWebKit/537.36 (KHTML, like Gecko) Chrome/141.0.0.0 Safari/537.36 Edg/141.0.0.0', '2025-10-22 15:50:14'),
(514, 5, 'RECOLECCION2', 'CREAR', 'Dio de alta una nueva recolección 177', '177.241.246.234', 'Mozilla/5.0 (Windows NT 10.0; Win64; x64) AppleWebKit/537.36 (KHTML, like Gecko) Chrome/141.0.0.0 Safari/537.36 Edg/141.0.0.0', '2025-10-22 15:51:08'),
(515, 5, 'RECOLECCION2', 'REC', 'Actualizo la remision y el peso de la recolección 177', '177.241.246.234', 'Mozilla/5.0 (Windows NT 10.0; Win64; x64) AppleWebKit/537.36 (KHTML, like Gecko) Chrome/141.0.0.0 Safari/537.36 Edg/141.0.0.0', '2025-10-22 15:51:23'),
(516, 5, 'RECOLECCION2', 'CREAR', 'Dio de alta una nueva recolección 178', '177.241.246.234', 'Mozilla/5.0 (Windows NT 10.0; Win64; x64) AppleWebKit/537.36 (KHTML, like Gecko) Chrome/141.0.0.0 Safari/537.36 Edg/141.0.0.0', '2025-10-22 15:52:22'),
(517, 5, 'RECOLECCION2', 'REC', 'Actualizo la remision y el peso de la recolección 178', '177.241.246.234', 'Mozilla/5.0 (Windows NT 10.0; Win64; x64) AppleWebKit/537.36 (KHTML, like Gecko) Chrome/141.0.0.0 Safari/537.36 Edg/141.0.0.0', '2025-10-22 15:52:37'),
(518, 5, 'RECOLECCION2', 'CREAR', 'Dio de alta una nueva recolección 179', '177.241.246.234', 'Mozilla/5.0 (Windows NT 10.0; Win64; x64) AppleWebKit/537.36 (KHTML, like Gecko) Chrome/141.0.0.0 Safari/537.36 Edg/141.0.0.0', '2025-10-22 15:54:36'),
(519, 5, 'RECOLECCION2', 'REC', 'Actualizo la remision y el peso de la recolección 179', '177.241.246.234', 'Mozilla/5.0 (Windows NT 10.0; Win64; x64) AppleWebKit/537.36 (KHTML, like Gecko) Chrome/141.0.0.0 Safari/537.36 Edg/141.0.0.0', '2025-10-22 15:54:53'),
(520, 5, 'RECOLECCION2', 'EDITAR', 'Edito la recoleccion 179', '177.241.246.234', 'Mozilla/5.0 (Windows NT 10.0; Win64; x64) AppleWebKit/537.36 (KHTML, like Gecko) Chrome/141.0.0.0 Safari/537.36 Edg/141.0.0.0', '2025-10-22 15:55:20'),
(521, 5, 'RECOLECCION2', 'CREAR', 'Dio de alta una nueva recolección 180', '177.241.246.234', 'Mozilla/5.0 (Windows NT 10.0; Win64; x64) AppleWebKit/537.36 (KHTML, like Gecko) Chrome/141.0.0.0 Safari/537.36 Edg/141.0.0.0', '2025-10-22 15:56:41'),
(522, 5, 'RECOLECCION2', 'REC', 'Actualizo la remision y el peso de la recolección 180', '177.241.246.234', 'Mozilla/5.0 (Windows NT 10.0; Win64; x64) AppleWebKit/537.36 (KHTML, like Gecko) Chrome/141.0.0.0 Safari/537.36 Edg/141.0.0.0', '2025-10-22 15:57:01'),
(523, 5, 'RECOLECCION2', 'CREAR', 'Dio de alta una nueva recolección 181', '177.241.246.234', 'Mozilla/5.0 (Windows NT 10.0; Win64; x64) AppleWebKit/537.36 (KHTML, like Gecko) Chrome/141.0.0.0 Safari/537.36 Edg/141.0.0.0', '2025-10-22 15:59:06'),
(524, 5, 'RECOLECCION2', 'REC', 'Actualizo la remision y el peso de la recolección 181', '177.241.246.234', 'Mozilla/5.0 (Windows NT 10.0; Win64; x64) AppleWebKit/537.36 (KHTML, like Gecko) Chrome/141.0.0.0 Safari/537.36 Edg/141.0.0.0', '2025-10-22 15:59:22'),
(525, 5, 'RECOLECCION2', 'CREAR', 'Dio de alta una nueva recolección 182', '177.241.246.234', 'Mozilla/5.0 (Windows NT 10.0; Win64; x64) AppleWebKit/537.36 (KHTML, like Gecko) Chrome/141.0.0.0 Safari/537.36 Edg/141.0.0.0', '2025-10-22 16:12:24'),
(526, 5, 'RECOLECCION2', 'REC', 'Actualizo la remision y el peso de la recolección 182', '177.241.246.234', 'Mozilla/5.0 (Windows NT 10.0; Win64; x64) AppleWebKit/537.36 (KHTML, like Gecko) Chrome/141.0.0.0 Safari/537.36 Edg/141.0.0.0', '2025-10-22 16:12:41'),
(527, 5, 'RECOLECCION2', 'CREAR', 'Dio de alta una nueva recolección 183', '177.241.246.234', 'Mozilla/5.0 (Windows NT 10.0; Win64; x64) AppleWebKit/537.36 (KHTML, like Gecko) Chrome/141.0.0.0 Safari/537.36 Edg/141.0.0.0', '2025-10-22 16:13:44'),
(528, 5, 'RECOLECCION2', 'REC', 'Actualizo la remision y el peso de la recolección 183', '177.241.246.234', 'Mozilla/5.0 (Windows NT 10.0; Win64; x64) AppleWebKit/537.36 (KHTML, like Gecko) Chrome/141.0.0.0 Safari/537.36 Edg/141.0.0.0', '2025-10-22 16:14:09'),
(529, 5, 'RECOLECCION2', 'CREAR', 'Dio de alta una nueva recolección 184', '177.241.246.234', 'Mozilla/5.0 (Windows NT 10.0; Win64; x64) AppleWebKit/537.36 (KHTML, like Gecko) Chrome/141.0.0.0 Safari/537.36 Edg/141.0.0.0', '2025-10-22 16:15:07'),
(530, 5, 'RECOLECCION2', 'REC', 'Actualizo la remision y el peso de la recolección 184', '177.241.246.234', 'Mozilla/5.0 (Windows NT 10.0; Win64; x64) AppleWebKit/537.36 (KHTML, like Gecko) Chrome/141.0.0.0 Safari/537.36 Edg/141.0.0.0', '2025-10-22 16:15:21'),
(531, 5, 'RECOLECCION2', 'CREAR', 'Dio de alta una nueva recolección 185', '177.241.246.234', 'Mozilla/5.0 (Windows NT 10.0; Win64; x64) AppleWebKit/537.36 (KHTML, like Gecko) Chrome/141.0.0.0 Safari/537.36 Edg/141.0.0.0', '2025-10-22 16:16:05'),
(532, 5, 'RECOLECCION2', 'REC', 'Actualizo la remision y el peso de la recolección 185', '177.241.246.234', 'Mozilla/5.0 (Windows NT 10.0; Win64; x64) AppleWebKit/537.36 (KHTML, like Gecko) Chrome/141.0.0.0 Safari/537.36 Edg/141.0.0.0', '2025-10-22 16:16:43'),
(533, 5, 'RECOLECCION2', 'CREAR', 'Dio de alta una nueva recolección 186', '177.241.246.234', 'Mozilla/5.0 (Windows NT 10.0; Win64; x64) AppleWebKit/537.36 (KHTML, like Gecko) Chrome/141.0.0.0 Safari/537.36 Edg/141.0.0.0', '2025-10-22 16:28:59'),
(534, 5, 'RECOLECCION2', 'REC', 'Actualizo la remision y el peso de la recolección 186', '177.241.246.234', 'Mozilla/5.0 (Windows NT 10.0; Win64; x64) AppleWebKit/537.36 (KHTML, like Gecko) Chrome/141.0.0.0 Safari/537.36 Edg/141.0.0.0', '2025-10-22 16:29:21'),
(535, 5, 'RECOLECCION2', 'CREAR', 'Dio de alta una nueva recolección 187', '177.241.246.234', 'Mozilla/5.0 (Windows NT 10.0; Win64; x64) AppleWebKit/537.36 (KHTML, like Gecko) Chrome/141.0.0.0 Safari/537.36 Edg/141.0.0.0', '2025-10-22 16:30:33'),
(536, 5, 'RECOLECCION2', 'REC', 'Actualizo la remision y el peso de la recolección 187', '177.241.246.234', 'Mozilla/5.0 (Windows NT 10.0; Win64; x64) AppleWebKit/537.36 (KHTML, like Gecko) Chrome/141.0.0.0 Safari/537.36 Edg/141.0.0.0', '2025-10-22 16:30:50'),
(537, 5, 'RECOLECCION2', 'CREAR', 'Dio de alta una nueva recolección 188', '177.241.246.234', 'Mozilla/5.0 (Windows NT 10.0; Win64; x64) AppleWebKit/537.36 (KHTML, like Gecko) Chrome/141.0.0.0 Safari/537.36 Edg/141.0.0.0', '2025-10-22 16:31:39'),
(538, 5, 'RECOLECCION2', 'REC', 'Actualizo la remision y el peso de la recolección 188', '177.241.246.234', 'Mozilla/5.0 (Windows NT 10.0; Win64; x64) AppleWebKit/537.36 (KHTML, like Gecko) Chrome/141.0.0.0 Safari/537.36 Edg/141.0.0.0', '2025-10-22 16:31:55'),
(539, 5, 'RECOLECCION2', 'CREAR', 'Dio de alta una nueva recolección 189', '177.241.246.234', 'Mozilla/5.0 (Windows NT 10.0; Win64; x64) AppleWebKit/537.36 (KHTML, like Gecko) Chrome/141.0.0.0 Safari/537.36 Edg/141.0.0.0', '2025-10-22 16:35:06'),
(540, 5, 'RECOLECCION2', 'REC', 'Actualizo la remision y el peso de la recolección 189', '177.241.246.234', 'Mozilla/5.0 (Windows NT 10.0; Win64; x64) AppleWebKit/537.36 (KHTML, like Gecko) Chrome/141.0.0.0 Safari/537.36 Edg/141.0.0.0', '2025-10-22 16:35:32'),
(541, 5, 'RECOLECCION2', 'CREAR', 'Dio de alta una nueva recolección 190', '177.241.246.234', 'Mozilla/5.0 (Windows NT 10.0; Win64; x64) AppleWebKit/537.36 (KHTML, like Gecko) Chrome/141.0.0.0 Safari/537.36 Edg/141.0.0.0', '2025-10-22 16:36:27'),
(542, 5, 'RECOLECCION2', 'REC', 'Actualizo la remision y el peso de la recolección 190', '177.241.246.234', 'Mozilla/5.0 (Windows NT 10.0; Win64; x64) AppleWebKit/537.36 (KHTML, like Gecko) Chrome/141.0.0.0 Safari/537.36 Edg/141.0.0.0', '2025-10-22 16:36:44'),
(543, 5, 'RECOLECCION2', 'EDITAR', 'Edito la recoleccion 185', '177.241.246.234', 'Mozilla/5.0 (Windows NT 10.0; Win64; x64) AppleWebKit/537.36 (KHTML, like Gecko) Chrome/141.0.0.0 Safari/537.36 Edg/141.0.0.0', '2025-10-22 16:39:09'),
(544, 5, 'RECOLECCION2', 'EDITAR', 'Edito la recoleccion 175', '177.241.246.234', 'Mozilla/5.0 (Windows NT 10.0; Win64; x64) AppleWebKit/537.36 (KHTML, like Gecko) Chrome/141.0.0.0 Safari/537.36 Edg/141.0.0.0', '2025-10-22 16:39:36'),
(545, 1, 'ADMIN', 'LOGIN', 'Inicio de sesión exitoso', '186.96.54.230', 'Mozilla/5.0 (Windows NT 10.0; Win64; x64) AppleWebKit/537.36 (KHTML, like Gecko) Chrome/141.0.0.0 Safari/537.36', '2025-10-22 17:08:03'),
(546, 5, 'RECOLECCION2', 'REC', 'Actualizo los datos del fletero en la recolección 50', '177.241.246.234', 'Mozilla/5.0 (Windows NT 10.0; Win64; x64) AppleWebKit/537.36 (KHTML, like Gecko) Chrome/141.0.0.0 Safari/537.36 Edg/141.0.0.0', '2025-10-22 17:58:07'),
(547, 5, 'RECOLECCION2', 'REC', 'Actualizo los datos del fletero en la recolección 52', '177.241.246.234', 'Mozilla/5.0 (Windows NT 10.0; Win64; x64) AppleWebKit/537.36 (KHTML, like Gecko) Chrome/141.0.0.0 Safari/537.36 Edg/141.0.0.0', '2025-10-22 17:59:22'),
(548, 1, 'ADMIN', 'LOGIN', 'Inicio de sesión exitoso', '186.96.54.230', 'Mozilla/5.0 (Windows NT 10.0; Win64; x64) AppleWebKit/537.36 (KHTML, like Gecko) Chrome/141.0.0.0 Safari/537.36', '2025-10-22 18:08:44'),
(549, 1, 'ADMIN', 'PRECIO', 'Registro precio de flete para el fletero 3', '186.96.54.230', 'Mozilla/5.0 (Windows NT 10.0; Win64; x64) AppleWebKit/537.36 (KHTML, like Gecko) Chrome/141.0.0.0 Safari/537.36', '2025-10-22 18:27:36'),
(550, 1, 'ADMIN', 'PRECIO', 'Registro precio de flete para el fletero 3', '186.96.54.230', 'Mozilla/5.0 (Windows NT 10.0; Win64; x64) AppleWebKit/537.36 (KHTML, like Gecko) Chrome/141.0.0.0 Safari/537.36', '2025-10-22 18:28:39'),
(551, 1, 'ADMIN', 'PRECIO', 'Precio registrado con éxito Para el producto 15', '186.96.54.230', 'Mozilla/5.0 (Windows NT 10.0; Win64; x64) AppleWebKit/537.36 (KHTML, like Gecko) Chrome/141.0.0.0 Safari/537.36', '2025-10-22 18:33:15'),
(552, 5, 'RECOLECCION2', 'LOGOUT', 'Usuario cerró sesión', '177.241.246.234', 'Mozilla/5.0 (Windows NT 10.0; Win64; x64) AppleWebKit/537.36 (KHTML, like Gecko) Chrome/141.0.0.0 Safari/537.36 Edg/141.0.0.0', '2025-10-22 18:36:28'),
(553, 1, 'ADMIN', 'PRECIO', 'Precio registrado con éxito Para el producto 12', '186.96.54.230', 'Mozilla/5.0 (Windows NT 10.0; Win64; x64) AppleWebKit/537.36 (KHTML, like Gecko) Chrome/141.0.0.0 Safari/537.36', '2025-10-22 18:42:57'),
(554, 1, 'ADMIN', 'PRECIO', 'Precio actualizado con éxito (fechas modificadas) Para el producto 12', '186.96.54.230', 'Mozilla/5.0 (Windows NT 10.0; Win64; x64) AppleWebKit/537.36 (KHTML, like Gecko) Chrome/141.0.0.0 Safari/537.36', '2025-10-22 18:44:16'),
(555, 1, 'ADMIN', 'EDITAR', 'Edito la recoleccion 64', '186.96.54.230', 'Mozilla/5.0 (Windows NT 10.0; Win64; x64) AppleWebKit/537.36 (KHTML, like Gecko) Chrome/141.0.0.0 Safari/537.36', '2025-10-22 18:44:54'),
(556, 1, 'ADMIN', 'EDITAR', 'Edito la recoleccion 64', '186.96.54.230', 'Mozilla/5.0 (Windows NT 10.0; Win64; x64) AppleWebKit/537.36 (KHTML, like Gecko) Chrome/141.0.0.0 Safari/537.36', '2025-10-22 18:45:07'),
(557, 1, 'ADMIN', 'INV', ' Se buscaron facturas en invoice ', '186.96.54.230', 'Mozilla/5.0 (Windows NT 10.0; Win64; x64) AppleWebKit/537.36 (KHTML, like Gecko) Chrome/141.0.0.0 Safari/537.36', '2025-10-22 18:47:39'),
(558, 1, 'ADMIN', 'INV', ' Se buscaron contra recibos en invoice ', '186.96.54.230', 'Mozilla/5.0 (Windows NT 10.0; Win64; x64) AppleWebKit/537.36 (KHTML, like Gecko) Chrome/141.0.0.0 Safari/537.36', '2025-10-22 18:48:19'),
(559, 5, 'RECOLECCION2', 'LOGIN', 'Inicio de sesión exitoso', '177.241.246.234', 'Mozilla/5.0 (Windows NT 10.0; Win64; x64) AppleWebKit/537.36 (KHTML, like Gecko) Chrome/141.0.0.0 Safari/537.36 Edg/141.0.0.0', '2025-10-22 19:02:29'),
(560, 5, 'RECOLECCION2', 'LOGOUT', 'Usuario cerró sesión', '177.241.246.234', 'Mozilla/5.0 (Windows NT 10.0; Win64; x64) AppleWebKit/537.36 (KHTML, like Gecko) Chrome/141.0.0.0 Safari/537.36 Edg/141.0.0.0', '2025-10-22 19:07:53'),
(561, 1, 'ADMIN', 'INV', ' Se buscaron facturas en invoice ', '186.96.54.230', 'Mozilla/5.0 (Windows NT 10.0; Win64; x64) AppleWebKit/537.36 (KHTML, like Gecko) Chrome/141.0.0.0 Safari/537.36', '2025-10-22 19:34:11'),
(562, 1, 'ADMIN', 'INV', 'Se comprobó si existen las facturas y contra recibos en invoice ', '186.96.54.230', 'Mozilla/5.0 (Windows NT 10.0; Win64; x64) AppleWebKit/537.36 (KHTML, like Gecko) Chrome/141.0.0.0 Safari/537.36', '2025-10-22 19:34:33'),
(563, 1, 'ADMIN', 'INV', ' Se buscaron facturas en invoice ', '186.96.54.230', 'Mozilla/5.0 (Windows NT 10.0; Win64; x64) AppleWebKit/537.36 (KHTML, like Gecko) Chrome/141.0.0.0 Safari/537.36', '2025-10-22 19:34:47'),
(564, 1, 'ADMIN', 'INV', ' Se buscaron contra recibos en invoice ', '186.96.54.230', 'Mozilla/5.0 (Windows NT 10.0; Win64; x64) AppleWebKit/537.36 (KHTML, like Gecko) Chrome/141.0.0.0 Safari/537.36', '2025-10-22 19:35:12'),
(565, 1, 'ADMIN', 'INV', ' Se buscaron facturas en invoice ', '186.96.54.230', 'Mozilla/5.0 (Windows NT 10.0; Win64; x64) AppleWebKit/537.36 (KHTML, like Gecko) Chrome/141.0.0.0 Safari/537.36', '2025-10-22 20:18:50'),
(566, 1, 'ADMIN', 'LOGIN', 'Inicio de sesión exitoso', '186.96.54.230', 'Mozilla/5.0 (Windows NT 10.0; Win64; x64) AppleWebKit/537.36 (KHTML, like Gecko) Chrome/141.0.0.0 Safari/537.36', '2025-10-22 22:04:43'),
(567, 1, 'ADMIN', 'EDITAR', 'Actualizo el usuario 5', '186.96.54.230', 'Mozilla/5.0 (Windows NT 10.0; Win64; x64) AppleWebKit/537.36 (KHTML, like Gecko) Chrome/141.0.0.0 Safari/537.36', '2025-10-22 22:12:49'),
(568, 1, 'ADMIN', 'EDITAR', 'Actualizo el usuario 5', '186.96.54.230', 'Mozilla/5.0 (Windows NT 10.0; Win64; x64) AppleWebKit/537.36 (KHTML, like Gecko) Chrome/141.0.0.0 Safari/537.36', '2025-10-22 22:13:27'),
(569, 1, 'ADMIN', 'EDITAR', 'Actualizo el usuario 5', '186.96.54.230', 'Mozilla/5.0 (Windows NT 10.0; Win64; x64) AppleWebKit/537.36 (KHTML, like Gecko) Chrome/141.0.0.0 Safari/537.36', '2025-10-22 22:15:11'),
(570, 5, 'RECOLECCION2', 'LOGIN', 'Inicio de sesión exitoso', '186.96.54.230', 'Mozilla/5.0 (Windows NT 10.0; Win64; x64) AppleWebKit/537.36 (KHTML, like Gecko) Chrome/141.0.0.0 Safari/537.36', '2025-10-22 22:15:33'),
(571, 1, 'ADMIN', 'INV', ' Se buscaron facturas en invoice ', '186.96.54.230', 'Mozilla/5.0 (Windows NT 10.0; Win64; x64) AppleWebKit/537.36 (KHTML, like Gecko) Chrome/141.0.0.0 Safari/537.36', '2025-10-22 22:16:21'),
(572, 1, 'ADMIN', 'INV', ' Se buscaron contra recibos en invoice ', '186.96.54.230', 'Mozilla/5.0 (Windows NT 10.0; Win64; x64) AppleWebKit/537.36 (KHTML, like Gecko) Chrome/141.0.0.0 Safari/537.36', '2025-10-22 22:16:44'),
(573, 1, 'ADMIN', 'LOGIN', 'Inicio de sesión exitoso', '186.96.54.230', 'Mozilla/5.0 (Windows NT 10.0; Win64; x64) AppleWebKit/537.36 (KHTML, like Gecko) Chrome/141.0.0.0 Safari/537.36', '2025-10-22 23:19:50'),
(574, 1, 'ADMIN', 'INV', ' Se buscaron facturas en invoice ', '186.96.54.230', 'Mozilla/5.0 (Windows NT 10.0; Win64; x64) AppleWebKit/537.36 (KHTML, like Gecko) Chrome/141.0.0.0 Safari/537.36', '2025-10-23 00:04:53'),
(575, 1, 'ADMIN', 'INV', ' Se buscaron contra recibos en invoice ', '186.96.54.230', 'Mozilla/5.0 (Windows NT 10.0; Win64; x64) AppleWebKit/537.36 (KHTML, like Gecko) Chrome/141.0.0.0 Safari/537.36', '2025-10-23 00:05:09'),
(576, 1, 'ADMIN', 'INV', ' Se buscaron contra recibos en invoice ', '186.96.54.230', 'Mozilla/5.0 (Windows NT 10.0; Win64; x64) AppleWebKit/537.36 (KHTML, like Gecko) Chrome/141.0.0.0 Safari/537.36', '2025-10-23 00:05:27'),
(577, 1, 'ADMIN', 'LOGIN', 'Inicio de sesión exitoso', '201.106.121.119', 'Mozilla/5.0 (Linux; Android 10; K) AppleWebKit/537.36 (KHTML, like Gecko) Chrome/141.0.0.0 Mobile Safari/537.36', '2025-10-23 00:11:12'),
(578, 1, 'ADMIN', 'LOGOUT', 'Usuario cerró sesión', '201.106.121.119', 'Mozilla/5.0 (Linux; Android 10; K) AppleWebKit/537.36 (KHTML, like Gecko) Chrome/141.0.0.0 Mobile Safari/537.36', '2025-10-23 00:14:14'),
(579, 3, 'MASTER', 'LOGIN', 'Inicio de sesión exitoso', '187.191.38.101', 'Mozilla/5.0 (Windows NT 10.0; Win64; x64) AppleWebKit/537.36 (KHTML, like Gecko) Chrome/141.0.0.0 Safari/537.36', '2025-10-23 11:35:22'),
(580, 1, 'ADMIN', 'LOGIN', 'Inicio de sesión exitoso', '186.96.54.230', 'Mozilla/5.0 (Windows NT 10.0; Win64; x64) AppleWebKit/537.36 (KHTML, like Gecko) Chrome/141.0.0.0 Safari/537.36', '2025-10-23 15:17:18'),
(581, 4, 'RECOLECCION1', 'LOGIN', 'Inicio de sesión exitoso', '187.188.227.242', 'Mozilla/5.0 (Windows NT 10.0; Win64; x64) AppleWebKit/537.36 (KHTML, like Gecko) Chrome/141.0.0.0 Safari/537.36 Edg/141.0.0.0', '2025-10-23 16:31:32'),
(582, 4, 'RECOLECCION1', 'LOGIN', 'Inicio de sesión exitoso', '187.188.227.242', 'Mozilla/5.0 (Windows NT 10.0; Win64; x64) AppleWebKit/537.36 (KHTML, like Gecko) Chrome/141.0.0.0 Safari/537.36 Edg/141.0.0.0', '2025-10-23 18:04:26'),
(583, 5, 'RECOLECCION2', 'LOGIN', 'Inicio de sesión exitoso', '177.241.246.234', 'Mozilla/5.0 (Windows NT 10.0; Win64; x64) AppleWebKit/537.36 (KHTML, like Gecko) Chrome/141.0.0.0 Safari/537.36 Edg/141.0.0.0', '2025-10-23 18:21:23'),
(584, 5, 'RECOLECCION2', 'CREAR', 'Dio de alta una nueva recolección 191', '177.241.246.234', 'Mozilla/5.0 (Windows NT 10.0; Win64; x64) AppleWebKit/537.36 (KHTML, like Gecko) Chrome/141.0.0.0 Safari/537.36 Edg/141.0.0.0', '2025-10-23 18:26:55'),
(585, 5, 'RECOLECCION2', 'REC', 'Actualizo la remision y el peso de la recolección 191', '177.241.246.234', 'Mozilla/5.0 (Windows NT 10.0; Win64; x64) AppleWebKit/537.36 (KHTML, like Gecko) Chrome/141.0.0.0 Safari/537.36 Edg/141.0.0.0', '2025-10-23 18:27:15'),
(586, 5, 'RECOLECCION2', 'CREAR', 'Dio de alta una nueva recolección 192', '177.241.246.234', 'Mozilla/5.0 (Windows NT 10.0; Win64; x64) AppleWebKit/537.36 (KHTML, like Gecko) Chrome/141.0.0.0 Safari/537.36 Edg/141.0.0.0', '2025-10-23 18:29:49'),
(587, 5, 'RECOLECCION2', 'REC', 'Actualizo la remision y el peso de la recolección 192', '177.241.246.234', 'Mozilla/5.0 (Windows NT 10.0; Win64; x64) AppleWebKit/537.36 (KHTML, like Gecko) Chrome/141.0.0.0 Safari/537.36 Edg/141.0.0.0', '2025-10-23 18:30:11'),
(588, 5, 'RECOLECCION2', 'CREAR', 'Dio de alta una nueva recolección 193', '177.241.246.234', 'Mozilla/5.0 (Windows NT 10.0; Win64; x64) AppleWebKit/537.36 (KHTML, like Gecko) Chrome/141.0.0.0 Safari/537.36 Edg/141.0.0.0', '2025-10-23 18:33:25'),
(589, 5, 'RECOLECCION2', 'REC', 'Actualizo la remision y el peso de la recolección 193', '177.241.246.234', 'Mozilla/5.0 (Windows NT 10.0; Win64; x64) AppleWebKit/537.36 (KHTML, like Gecko) Chrome/141.0.0.0 Safari/537.36 Edg/141.0.0.0', '2025-10-23 18:33:46'),
(590, 5, 'RECOLECCION2', 'CREAR', 'Dio de alta una nueva recolección 194', '177.241.246.234', 'Mozilla/5.0 (Windows NT 10.0; Win64; x64) AppleWebKit/537.36 (KHTML, like Gecko) Chrome/141.0.0.0 Safari/537.36 Edg/141.0.0.0', '2025-10-23 18:38:34'),
(591, 5, 'RECOLECCION2', 'REC', 'Actualizo la remision y el peso de la recolección 194', '177.241.246.234', 'Mozilla/5.0 (Windows NT 10.0; Win64; x64) AppleWebKit/537.36 (KHTML, like Gecko) Chrome/141.0.0.0 Safari/537.36 Edg/141.0.0.0', '2025-10-23 18:39:08'),
(592, 5, 'RECOLECCION2', 'CREAR', 'Dio de alta una nueva recolección 195', '177.241.246.234', 'Mozilla/5.0 (Windows NT 10.0; Win64; x64) AppleWebKit/537.36 (KHTML, like Gecko) Chrome/141.0.0.0 Safari/537.36 Edg/141.0.0.0', '2025-10-23 18:40:39'),
(593, 5, 'RECOLECCION2', 'REC', 'Actualizo la remision y el peso de la recolección 195', '177.241.246.234', 'Mozilla/5.0 (Windows NT 10.0; Win64; x64) AppleWebKit/537.36 (KHTML, like Gecko) Chrome/141.0.0.0 Safari/537.36 Edg/141.0.0.0', '2025-10-23 18:40:56'),
(594, 1, 'ADMIN', 'LOGIN', 'Inicio de sesión exitoso', '186.96.54.230', 'Mozilla/5.0 (Windows NT 10.0; Win64; x64) AppleWebKit/537.36 (KHTML, like Gecko) Chrome/141.0.0.0 Safari/537.36', '2025-10-23 18:46:57'),
(595, 5, 'RECOLECCION2', 'LOGIN', 'Inicio de sesión exitoso', '186.96.54.230', 'Mozilla/5.0 (Windows NT 10.0; Win64; x64) AppleWebKit/537.36 (KHTML, like Gecko) Chrome/141.0.0.0 Safari/537.36', '2025-10-23 18:48:22'),
(596, 1, 'ADMIN', 'EDITAR', 'Actualizo el usuario 5', '186.96.54.230', 'Mozilla/5.0 (Windows NT 10.0; Win64; x64) AppleWebKit/537.36 (KHTML, like Gecko) Chrome/141.0.0.0 Safari/537.36', '2025-10-23 18:49:34'),
(597, 5, 'RECOLECCION2', 'EDITAR', 'Edito la recoleccion 90', '177.241.246.234', 'Mozilla/5.0 (Windows NT 10.0; Win64; x64) AppleWebKit/537.36 (KHTML, like Gecko) Chrome/141.0.0.0 Safari/537.36 Edg/141.0.0.0', '2025-10-23 18:52:40'),
(598, 1, 'ADMIN', 'LOGIN', 'Inicio de sesión exitoso', '186.96.54.230', 'Mozilla/5.0 (Windows NT 10.0; Win64; x64) AppleWebKit/537.36 (KHTML, like Gecko) Chrome/141.0.0.0 Safari/537.36', '2025-10-23 19:37:44'),
(599, 1, 'ADMIN', 'INV', ' Se buscaron facturas en invoice ', '186.96.54.230', 'Mozilla/5.0 (Windows NT 10.0; Win64; x64) AppleWebKit/537.36 (KHTML, like Gecko) Chrome/141.0.0.0 Safari/537.36', '2025-10-23 19:44:52'),
(600, 1, 'ADMIN', 'INV', ' Se buscaron facturas en invoice ', '186.96.54.230', 'Mozilla/5.0 (Windows NT 10.0; Win64; x64) AppleWebKit/537.36 (KHTML, like Gecko) Chrome/141.0.0.0 Safari/537.36', '2025-10-23 19:45:16'),
(601, 1, 'ADMIN', 'INV', ' Se buscaron contra recibos en invoice ', '186.96.54.230', 'Mozilla/5.0 (Windows NT 10.0; Win64; x64) AppleWebKit/537.36 (KHTML, like Gecko) Chrome/141.0.0.0 Safari/537.36', '2025-10-23 19:45:32'),
(602, 1, 'ADMIN', 'INV', ' Se buscaron facturas en invoice ', '186.96.54.230', 'Mozilla/5.0 (Windows NT 10.0; Win64; x64) AppleWebKit/537.36 (KHTML, like Gecko) Chrome/141.0.0.0 Safari/537.36', '2025-10-23 20:03:20'),
(603, 1, 'ADMIN', 'INV', ' Se buscaron contra recibos en invoice ', '186.96.54.230', 'Mozilla/5.0 (Windows NT 10.0; Win64; x64) AppleWebKit/537.36 (KHTML, like Gecko) Chrome/141.0.0.0 Safari/537.36', '2025-10-23 20:03:39'),
(604, 5, 'RECOLECCION2', 'LOGIN', 'Inicio de sesión exitoso', '177.241.246.234', 'Mozilla/5.0 (Windows NT 10.0; Win64; x64) AppleWebKit/537.36 (KHTML, like Gecko) Chrome/141.0.0.0 Safari/537.36 Edg/141.0.0.0', '2025-10-23 22:35:48'),
(605, 5, 'RECOLECCION2', 'EDITAR', 'Edito la recoleccion 91', '177.241.246.234', 'Mozilla/5.0 (Windows NT 10.0; Win64; x64) AppleWebKit/537.36 (KHTML, like Gecko) Chrome/141.0.0.0 Safari/537.36 Edg/141.0.0.0', '2025-10-23 22:37:07'),
(606, 5, 'RECOLECCION2', 'EDITAR', 'Edito la recoleccion 120', '177.241.246.234', 'Mozilla/5.0 (Windows NT 10.0; Win64; x64) AppleWebKit/537.36 (KHTML, like Gecko) Chrome/141.0.0.0 Safari/537.36 Edg/141.0.0.0', '2025-10-23 22:39:14'),
(607, 5, 'RECOLECCION2', 'EDITAR', 'Edito la recoleccion 121', '177.241.246.234', 'Mozilla/5.0 (Windows NT 10.0; Win64; x64) AppleWebKit/537.36 (KHTML, like Gecko) Chrome/141.0.0.0 Safari/537.36 Edg/141.0.0.0', '2025-10-23 22:40:19'),
(608, 5, 'RECOLECCION2', 'CREAR', 'Dio de alta una nueva recolección 196', '177.241.246.234', 'Mozilla/5.0 (Windows NT 10.0; Win64; x64) AppleWebKit/537.36 (KHTML, like Gecko) Chrome/141.0.0.0 Safari/537.36 Edg/141.0.0.0', '2025-10-23 22:44:19'),
(609, 5, 'RECOLECCION2', 'REC', 'Actualizo la remision y el peso de la recolección 196', '177.241.246.234', 'Mozilla/5.0 (Windows NT 10.0; Win64; x64) AppleWebKit/537.36 (KHTML, like Gecko) Chrome/141.0.0.0 Safari/537.36 Edg/141.0.0.0', '2025-10-23 22:44:38'),
(610, 5, 'RECOLECCION2', 'CREAR', 'Dio de alta una nueva recolección 197', '177.241.246.234', 'Mozilla/5.0 (Windows NT 10.0; Win64; x64) AppleWebKit/537.36 (KHTML, like Gecko) Chrome/141.0.0.0 Safari/537.36 Edg/141.0.0.0', '2025-10-23 22:46:14'),
(611, 5, 'RECOLECCION2', 'REC', 'Actualizo la remision y el peso de la recolección 197', '177.241.246.234', 'Mozilla/5.0 (Windows NT 10.0; Win64; x64) AppleWebKit/537.36 (KHTML, like Gecko) Chrome/141.0.0.0 Safari/537.36 Edg/141.0.0.0', '2025-10-23 22:46:35'),
(612, 1, 'ADMIN', 'LOGIN', 'Inicio de sesión exitoso', '186.96.54.230', 'Mozilla/5.0 (Windows NT 10.0; Win64; x64) AppleWebKit/537.36 (KHTML, like Gecko) Chrome/141.0.0.0 Safari/537.36', '2025-10-23 22:47:19'),
(613, 5, 'RECOLECCION2', 'CREAR', 'Dio de alta una nueva recolección 198', '177.241.246.234', 'Mozilla/5.0 (Windows NT 10.0; Win64; x64) AppleWebKit/537.36 (KHTML, like Gecko) Chrome/141.0.0.0 Safari/537.36 Edg/141.0.0.0', '2025-10-23 22:47:52'),
(614, 5, 'RECOLECCION2', 'REC', 'Actualizo la remision y el peso de la recolección 198', '177.241.246.234', 'Mozilla/5.0 (Windows NT 10.0; Win64; x64) AppleWebKit/537.36 (KHTML, like Gecko) Chrome/141.0.0.0 Safari/537.36 Edg/141.0.0.0', '2025-10-23 22:48:10'),
(615, 5, 'RECOLECCION2', 'EDITAR', 'Edito la recoleccion 175', '177.241.246.234', 'Mozilla/5.0 (Windows NT 10.0; Win64; x64) AppleWebKit/537.36 (KHTML, like Gecko) Chrome/141.0.0.0 Safari/537.36 Edg/141.0.0.0', '2025-10-23 22:50:10'),
(616, 5, 'RECOLECCION2', 'EDITAR', 'Edito la recoleccion 176', '177.241.246.234', 'Mozilla/5.0 (Windows NT 10.0; Win64; x64) AppleWebKit/537.36 (KHTML, like Gecko) Chrome/141.0.0.0 Safari/537.36 Edg/141.0.0.0', '2025-10-23 22:51:00'),
(617, 5, 'RECOLECCION2', 'EDITAR', 'Edito la recoleccion 177', '177.241.246.234', 'Mozilla/5.0 (Windows NT 10.0; Win64; x64) AppleWebKit/537.36 (KHTML, like Gecko) Chrome/141.0.0.0 Safari/537.36 Edg/141.0.0.0', '2025-10-23 22:51:40'),
(618, 5, 'RECOLECCION2', 'EDITAR', 'Edito la recoleccion 178', '177.241.246.234', 'Mozilla/5.0 (Windows NT 10.0; Win64; x64) AppleWebKit/537.36 (KHTML, like Gecko) Chrome/141.0.0.0 Safari/537.36 Edg/141.0.0.0', '2025-10-23 22:52:18'),
(619, 5, 'RECOLECCION2', 'LOGOUT', 'Usuario cerró sesión', '177.241.246.234', 'Mozilla/5.0 (Windows NT 10.0; Win64; x64) AppleWebKit/537.36 (KHTML, like Gecko) Chrome/141.0.0.0 Safari/537.36 Edg/141.0.0.0', '2025-10-23 22:53:03'),
(620, 5, 'RECOLECCION2', 'SUDO_LOGIN', 'Admin ADMIN inició sesión como usuario: RECOLECCION2', '186.96.54.230', 'Mozilla/5.0 (Windows NT 10.0; Win64; x64) AppleWebKit/537.36 (KHTML, like Gecko) Chrome/141.0.0.0 Safari/537.36', '2025-10-23 23:12:20'),
(621, 1, 'ADMIN', 'SUDO_LOGOUT', 'Admin ADMIN regresó a su sesión desde: RECOLECCION2', '186.96.54.230', 'Mozilla/5.0 (Windows NT 10.0; Win64; x64) AppleWebKit/537.36 (KHTML, like Gecko) Chrome/141.0.0.0 Safari/537.36', '2025-10-23 23:14:35'),
(622, 4, 'RECOLECCION1', 'SUDO_LOGIN', 'Admin ADMIN inició sesión como usuario: RECOLECCION1', '186.96.54.230', 'Mozilla/5.0 (Windows NT 10.0; Win64; x64) AppleWebKit/537.36 (KHTML, like Gecko) Chrome/141.0.0.0 Safari/537.36', '2025-10-23 23:14:45'),
(623, 1, 'ADMIN', 'SUDO_LOGOUT', 'Admin ADMIN regresó a su sesión desde: RECOLECCION1', '186.96.54.230', 'Mozilla/5.0 (Windows NT 10.0; Win64; x64) AppleWebKit/537.36 (KHTML, like Gecko) Chrome/141.0.0.0 Safari/537.36', '2025-10-23 23:14:49'),
(624, 1, 'ADMIN', 'LOGOUT', 'Usuario cerró sesión', '186.96.54.230', 'Mozilla/5.0 (Windows NT 10.0; Win64; x64) AppleWebKit/537.36 (KHTML, like Gecko) Chrome/141.0.0.0 Safari/537.36', '2025-10-23 23:14:52'),
(625, 1, 'ADMIN', 'LOGIN', 'Inicio de sesión exitoso', '186.96.54.230', 'Mozilla/5.0 (Windows NT 10.0; Win64; x64) AppleWebKit/537.36 (KHTML, like Gecko) Chrome/141.0.0.0 Safari/537.36', '2025-10-23 23:14:54'),
(626, 4, 'RECOLECCION1', 'SUDO_LOGIN', 'Admin ADMIN inició sesión como usuario: RECOLECCION1', '186.96.54.230', 'Mozilla/5.0 (Windows NT 10.0; Win64; x64) AppleWebKit/537.36 (KHTML, like Gecko) Chrome/141.0.0.0 Safari/537.36', '2025-10-23 23:15:03'),
(627, 1, 'ADMIN', 'SUDO_LOGOUT', 'Admin ADMIN regresó a su sesión desde: RECOLECCION1', '186.96.54.230', 'Mozilla/5.0 (Windows NT 10.0; Win64; x64) AppleWebKit/537.36 (KHTML, like Gecko) Chrome/141.0.0.0 Safari/537.36', '2025-10-23 23:15:42'),
(628, 1, 'ADMIN', 'EDITAR', 'Actualizo el usuario 5', '186.96.54.230', 'Mozilla/5.0 (Windows NT 10.0; Win64; x64) AppleWebKit/537.36 (KHTML, like Gecko) Chrome/141.0.0.0 Safari/537.36', '2025-10-23 23:15:59'),
(629, 5, 'RECOLECCION2', 'SUDO_LOGIN', 'Admin ADMIN inició sesión como usuario: RECOLECCION2', '186.96.54.230', 'Mozilla/5.0 (Windows NT 10.0; Win64; x64) AppleWebKit/537.36 (KHTML, like Gecko) Chrome/141.0.0.0 Safari/537.36', '2025-10-23 23:16:04'),
(630, 1, 'ADMIN', 'SUDO_LOGOUT', 'Admin ADMIN regresó a su sesión desde: RECOLECCION2', '186.96.54.230', 'Mozilla/5.0 (Windows NT 10.0; Win64; x64) AppleWebKit/537.36 (KHTML, like Gecko) Chrome/141.0.0.0 Safari/537.36', '2025-10-23 23:16:55'),
(631, 1, 'ADMIN', 'LOGIN', 'Inicio de sesión exitoso', '186.96.54.230', 'Mozilla/5.0 (Linux; Android 10; K) AppleWebKit/537.36 (KHTML, like Gecko) Chrome/141.0.0.0 Mobile Safari/537.36', '2025-10-23 23:17:32');
INSERT INTO `user_activity_logs` (`id`, `user_id`, `username`, `action`, `description`, `ip_address`, `user_agent`, `created_at`) VALUES
(632, 5, 'RECOLECCION2', 'SUDO_LOGIN', 'Admin ADMIN inició sesión como usuario: RECOLECCION2', '186.96.54.230', 'Mozilla/5.0 (Linux; Android 10; K) AppleWebKit/537.36 (KHTML, like Gecko) Chrome/141.0.0.0 Mobile Safari/537.36', '2025-10-23 23:17:44'),
(633, 1, 'ADMIN', 'SUDO_LOGOUT', 'Admin ADMIN regresó a su sesión desde: RECOLECCION2', '186.96.54.230', 'Mozilla/5.0 (Linux; Android 10; K) AppleWebKit/537.36 (KHTML, like Gecko) Chrome/141.0.0.0 Mobile Safari/537.36', '2025-10-23 23:18:00'),
(634, 4, 'RECOLECCION1', 'SUDO_LOGIN', 'Admin ADMIN inició sesión como usuario: RECOLECCION1', '186.96.54.230', 'Mozilla/5.0 (Linux; Android 10; K) AppleWebKit/537.36 (KHTML, like Gecko) Chrome/141.0.0.0 Mobile Safari/537.36', '2025-10-23 23:19:32'),
(635, 1, 'ADMIN', 'SUDO_LOGOUT', 'Admin ADMIN regresó a su sesión desde: RECOLECCION1', '186.96.54.230', 'Mozilla/5.0 (Linux; Android 10; K) AppleWebKit/537.36 (KHTML, like Gecko) Chrome/141.0.0.0 Mobile Safari/537.36', '2025-10-23 23:19:41'),
(636, 1, 'ADMIN', 'INV', ' Se buscaron facturas en invoice ', '186.96.54.230', 'Mozilla/5.0 (Windows NT 10.0; Win64; x64) AppleWebKit/537.36 (KHTML, like Gecko) Chrome/141.0.0.0 Safari/537.36', '2025-10-23 23:40:50'),
(637, 1, 'ADMIN', 'INV', ' Se buscaron contra recibos en invoice ', '186.96.54.230', 'Mozilla/5.0 (Windows NT 10.0; Win64; x64) AppleWebKit/537.36 (KHTML, like Gecko) Chrome/141.0.0.0 Safari/537.36', '2025-10-23 23:41:18'),
(638, 1, 'ADMIN', 'INV', 'Se comprobó si existen las facturas y contra recibos en invoice ', '186.96.54.230', 'Mozilla/5.0 (Windows NT 10.0; Win64; x64) AppleWebKit/537.36 (KHTML, like Gecko) Chrome/141.0.0.0 Safari/537.36', '2025-10-23 23:41:30'),
(639, 1, 'ADMIN', 'INV', ' Se buscaron facturas en invoice ', '186.96.54.230', 'Mozilla/5.0 (Windows NT 10.0; Win64; x64) AppleWebKit/537.36 (KHTML, like Gecko) Chrome/141.0.0.0 Safari/537.36', '2025-10-24 00:00:57'),
(640, 1, 'ADMIN', 'INV', ' Se buscaron contra recibos en invoice ', '186.96.54.230', 'Mozilla/5.0 (Windows NT 10.0; Win64; x64) AppleWebKit/537.36 (KHTML, like Gecko) Chrome/141.0.0.0 Safari/537.36', '2025-10-24 00:01:13'),
(641, 5, 'RECOLECCION2', 'LOGIN', 'Inicio de sesión exitoso', '187.190.223.31', 'Mozilla/5.0 (Windows NT 10.0; Win64; x64) AppleWebKit/537.36 (KHTML, like Gecko) Chrome/141.0.0.0 Safari/537.36 Edg/141.0.0.0', '2025-10-24 02:44:10'),
(642, 5, 'RECOLECCION2', 'PASSWORD_CHANGE', 'Usuario cambió su contraseña genérica', '187.190.223.31', 'Mozilla/5.0 (Windows NT 10.0; Win64; x64) AppleWebKit/537.36 (KHTML, like Gecko) Chrome/141.0.0.0 Safari/537.36 Edg/141.0.0.0', '2025-10-24 02:45:09'),
(643, 5, 'RECOLECCION2', 'CREAR', 'Dio de alta una nueva recolección 199', '187.190.223.31', 'Mozilla/5.0 (Windows NT 10.0; Win64; x64) AppleWebKit/537.36 (KHTML, like Gecko) Chrome/141.0.0.0 Safari/537.36 Edg/141.0.0.0', '2025-10-24 02:50:17'),
(644, 5, 'RECOLECCION2', 'REC', 'Actualizo la remision y el peso de la recolección 199', '187.190.223.31', 'Mozilla/5.0 (Windows NT 10.0; Win64; x64) AppleWebKit/537.36 (KHTML, like Gecko) Chrome/141.0.0.0 Safari/537.36 Edg/141.0.0.0', '2025-10-24 02:53:22'),
(645, 5, 'RECOLECCION2', 'CREAR', 'Dio de alta una nueva recolección 200', '187.190.223.31', 'Mozilla/5.0 (Windows NT 10.0; Win64; x64) AppleWebKit/537.36 (KHTML, like Gecko) Chrome/141.0.0.0 Safari/537.36 Edg/141.0.0.0', '2025-10-24 02:55:51'),
(646, 5, 'RECOLECCION2', 'REC', 'Actualizo la remision y el peso de la recolección 200', '187.190.223.31', 'Mozilla/5.0 (Windows NT 10.0; Win64; x64) AppleWebKit/537.36 (KHTML, like Gecko) Chrome/141.0.0.0 Safari/537.36 Edg/141.0.0.0', '2025-10-24 02:56:18'),
(647, 5, 'RECOLECCION2', 'CREAR', 'Dio de alta una nueva recolección 201', '187.190.223.31', 'Mozilla/5.0 (Windows NT 10.0; Win64; x64) AppleWebKit/537.36 (KHTML, like Gecko) Chrome/141.0.0.0 Safari/537.36 Edg/141.0.0.0', '2025-10-24 03:22:26'),
(648, 5, 'RECOLECCION2', 'REC', 'Ingreso una remision existente en el sistema en la recolección 201', '187.190.223.31', 'Mozilla/5.0 (Windows NT 10.0; Win64; x64) AppleWebKit/537.36 (KHTML, like Gecko) Chrome/141.0.0.0 Safari/537.36 Edg/141.0.0.0', '2025-10-24 03:22:56'),
(649, 5, 'RECOLECCION2', 'EDITAR', 'Edito la recoleccion 201', '187.190.223.31', 'Mozilla/5.0 (Windows NT 10.0; Win64; x64) AppleWebKit/537.36 (KHTML, like Gecko) Chrome/141.0.0.0 Safari/537.36 Edg/141.0.0.0', '2025-10-24 03:25:11'),
(650, 5, 'RECOLECCION2', 'REC', 'Actualizo la remision y el peso de la recolección 201', '187.190.223.31', 'Mozilla/5.0 (Windows NT 10.0; Win64; x64) AppleWebKit/537.36 (KHTML, like Gecko) Chrome/141.0.0.0 Safari/537.36 Edg/141.0.0.0', '2025-10-24 03:25:34'),
(651, 5, 'RECOLECCION2', 'CREAR', 'Dio de alta una nueva recolección 202', '187.190.223.31', 'Mozilla/5.0 (Windows NT 10.0; Win64; x64) AppleWebKit/537.36 (KHTML, like Gecko) Chrome/141.0.0.0 Safari/537.36 Edg/141.0.0.0', '2025-10-24 03:27:27'),
(652, 5, 'RECOLECCION2', 'REC', 'Actualizo la remision y el peso de la recolección 202', '187.190.223.31', 'Mozilla/5.0 (Windows NT 10.0; Win64; x64) AppleWebKit/537.36 (KHTML, like Gecko) Chrome/141.0.0.0 Safari/537.36 Edg/141.0.0.0', '2025-10-24 03:27:51'),
(653, 5, 'RECOLECCION2', 'CREAR', 'Dio de alta una nueva recolección 203', '187.190.223.31', 'Mozilla/5.0 (Windows NT 10.0; Win64; x64) AppleWebKit/537.36 (KHTML, like Gecko) Chrome/141.0.0.0 Safari/537.36 Edg/141.0.0.0', '2025-10-24 03:32:24'),
(654, 5, 'RECOLECCION2', 'REC', 'Actualizo la remision y el peso de la recolección 203', '187.190.223.31', 'Mozilla/5.0 (Windows NT 10.0; Win64; x64) AppleWebKit/537.36 (KHTML, like Gecko) Chrome/141.0.0.0 Safari/537.36 Edg/141.0.0.0', '2025-10-24 03:32:50'),
(655, 5, 'RECOLECCION2', 'CREAR', 'Dio de alta una nueva recolección 204', '187.190.223.31', 'Mozilla/5.0 (Windows NT 10.0; Win64; x64) AppleWebKit/537.36 (KHTML, like Gecko) Chrome/141.0.0.0 Safari/537.36 Edg/141.0.0.0', '2025-10-24 03:34:10'),
(656, 5, 'RECOLECCION2', 'REC', 'Actualizo la remision y el peso de la recolección 204', '187.190.223.31', 'Mozilla/5.0 (Windows NT 10.0; Win64; x64) AppleWebKit/537.36 (KHTML, like Gecko) Chrome/141.0.0.0 Safari/537.36 Edg/141.0.0.0', '2025-10-24 03:34:31'),
(657, 5, 'RECOLECCION2', 'CREAR', 'Dio de alta una nueva recolección 205', '187.190.223.31', 'Mozilla/5.0 (Windows NT 10.0; Win64; x64) AppleWebKit/537.36 (KHTML, like Gecko) Chrome/141.0.0.0 Safari/537.36 Edg/141.0.0.0', '2025-10-24 03:35:46'),
(658, 5, 'RECOLECCION2', 'REC', 'Actualizo la remision y el peso de la recolección 205', '187.190.223.31', 'Mozilla/5.0 (Windows NT 10.0; Win64; x64) AppleWebKit/537.36 (KHTML, like Gecko) Chrome/141.0.0.0 Safari/537.36 Edg/141.0.0.0', '2025-10-24 03:36:17'),
(659, 5, 'RECOLECCION2', 'CREAR', 'Dio de alta una nueva recolección 206', '187.190.223.31', 'Mozilla/5.0 (Windows NT 10.0; Win64; x64) AppleWebKit/537.36 (KHTML, like Gecko) Chrome/141.0.0.0 Safari/537.36 Edg/141.0.0.0', '2025-10-24 03:37:24'),
(660, 5, 'RECOLECCION2', 'REC', 'Actualizo la remision y el peso de la recolección 206', '187.190.223.31', 'Mozilla/5.0 (Windows NT 10.0; Win64; x64) AppleWebKit/537.36 (KHTML, like Gecko) Chrome/141.0.0.0 Safari/537.36 Edg/141.0.0.0', '2025-10-24 03:37:48'),
(661, 5, 'RECOLECCION2', 'CREAR', 'Dio de alta una nueva recolección 207', '187.190.223.31', 'Mozilla/5.0 (Windows NT 10.0; Win64; x64) AppleWebKit/537.36 (KHTML, like Gecko) Chrome/141.0.0.0 Safari/537.36 Edg/141.0.0.0', '2025-10-24 03:39:05'),
(662, 5, 'RECOLECCION2', 'REC', 'Actualizo la remision y el peso de la recolección 207', '187.190.223.31', 'Mozilla/5.0 (Windows NT 10.0; Win64; x64) AppleWebKit/537.36 (KHTML, like Gecko) Chrome/141.0.0.0 Safari/537.36 Edg/141.0.0.0', '2025-10-24 03:39:33'),
(663, 5, 'RECOLECCION2', 'CREAR', 'Dio de alta una nueva recolección 208', '187.190.223.31', 'Mozilla/5.0 (Windows NT 10.0; Win64; x64) AppleWebKit/537.36 (KHTML, like Gecko) Chrome/141.0.0.0 Safari/537.36 Edg/141.0.0.0', '2025-10-24 03:40:54'),
(664, 5, 'RECOLECCION2', 'REC', 'Actualizo la remision y el peso de la recolección 208', '187.190.223.31', 'Mozilla/5.0 (Windows NT 10.0; Win64; x64) AppleWebKit/537.36 (KHTML, like Gecko) Chrome/141.0.0.0 Safari/537.36 Edg/141.0.0.0', '2025-10-24 03:41:20'),
(665, 5, 'RECOLECCION2', 'CREAR', 'Dio de alta una nueva recolección 209', '187.190.223.31', 'Mozilla/5.0 (Windows NT 10.0; Win64; x64) AppleWebKit/537.36 (KHTML, like Gecko) Chrome/141.0.0.0 Safari/537.36 Edg/141.0.0.0', '2025-10-24 03:45:29'),
(666, 5, 'RECOLECCION2', 'REC', 'Actualizo la remision y el peso de la recolección 209', '187.190.223.31', 'Mozilla/5.0 (Windows NT 10.0; Win64; x64) AppleWebKit/537.36 (KHTML, like Gecko) Chrome/141.0.0.0 Safari/537.36 Edg/141.0.0.0', '2025-10-24 03:45:51'),
(667, 5, 'RECOLECCION2', 'CREAR', 'Dio de alta una nueva recolección 210', '187.190.223.31', 'Mozilla/5.0 (Windows NT 10.0; Win64; x64) AppleWebKit/537.36 (KHTML, like Gecko) Chrome/141.0.0.0 Safari/537.36 Edg/141.0.0.0', '2025-10-24 03:47:04'),
(668, 5, 'RECOLECCION2', 'REC', 'Actualizo la remision y el peso de la recolección 210', '187.190.223.31', 'Mozilla/5.0 (Windows NT 10.0; Win64; x64) AppleWebKit/537.36 (KHTML, like Gecko) Chrome/141.0.0.0 Safari/537.36 Edg/141.0.0.0', '2025-10-24 03:47:28'),
(669, 5, 'RECOLECCION2', 'CREAR', 'Dio de alta una nueva recolección 211', '187.190.223.31', 'Mozilla/5.0 (Windows NT 10.0; Win64; x64) AppleWebKit/537.36 (KHTML, like Gecko) Chrome/141.0.0.0 Safari/537.36 Edg/141.0.0.0', '2025-10-24 03:48:34'),
(670, 5, 'RECOLECCION2', 'REC', 'Actualizo la remision y el peso de la recolección 211', '187.190.223.31', 'Mozilla/5.0 (Windows NT 10.0; Win64; x64) AppleWebKit/537.36 (KHTML, like Gecko) Chrome/141.0.0.0 Safari/537.36 Edg/141.0.0.0', '2025-10-24 03:48:58'),
(671, 5, 'RECOLECCION2', 'CREAR', 'Dio de alta una nueva recolección 212', '187.190.223.31', 'Mozilla/5.0 (Windows NT 10.0; Win64; x64) AppleWebKit/537.36 (KHTML, like Gecko) Chrome/141.0.0.0 Safari/537.36 Edg/141.0.0.0', '2025-10-24 03:51:00'),
(672, 5, 'RECOLECCION2', 'REC', 'Actualizo la remision y el peso de la recolección 212', '187.190.223.31', 'Mozilla/5.0 (Windows NT 10.0; Win64; x64) AppleWebKit/537.36 (KHTML, like Gecko) Chrome/141.0.0.0 Safari/537.36 Edg/141.0.0.0', '2025-10-24 03:51:31'),
(673, 5, 'RECOLECCION2', 'REC', 'Actualizo los datos del fletero en la recolección 68', '187.190.223.31', 'Mozilla/5.0 (Windows NT 10.0; Win64; x64) AppleWebKit/537.36 (KHTML, like Gecko) Chrome/141.0.0.0 Safari/537.36 Edg/141.0.0.0', '2025-10-24 04:07:21'),
(674, 5, 'RECOLECCION2', 'REC', 'Actualizo los datos del fletero en la recolección 69', '187.190.223.31', 'Mozilla/5.0 (Windows NT 10.0; Win64; x64) AppleWebKit/537.36 (KHTML, like Gecko) Chrome/141.0.0.0 Safari/537.36 Edg/141.0.0.0', '2025-10-24 04:08:26'),
(675, 5, 'RECOLECCION2', 'REC', 'Actualizo los datos del fletero en la recolección 70', '187.190.223.31', 'Mozilla/5.0 (Windows NT 10.0; Win64; x64) AppleWebKit/537.36 (KHTML, like Gecko) Chrome/141.0.0.0 Safari/537.36 Edg/141.0.0.0', '2025-10-24 04:11:04'),
(676, 5, 'RECOLECCION2', 'REC', 'Actualizo los datos del fletero en la recolección 71', '187.190.223.31', 'Mozilla/5.0 (Windows NT 10.0; Win64; x64) AppleWebKit/537.36 (KHTML, like Gecko) Chrome/141.0.0.0 Safari/537.36 Edg/141.0.0.0', '2025-10-24 04:12:00'),
(677, 5, 'RECOLECCION2', 'REC', 'Actualizo los datos del fletero en la recolección 72', '187.190.223.31', 'Mozilla/5.0 (Windows NT 10.0; Win64; x64) AppleWebKit/537.36 (KHTML, like Gecko) Chrome/141.0.0.0 Safari/537.36 Edg/141.0.0.0', '2025-10-24 04:13:01'),
(678, 5, 'RECOLECCION2', 'REC', 'Actualizo los datos del fletero en la recolección 73', '187.190.223.31', 'Mozilla/5.0 (Windows NT 10.0; Win64; x64) AppleWebKit/537.36 (KHTML, like Gecko) Chrome/141.0.0.0 Safari/537.36 Edg/141.0.0.0', '2025-10-24 04:14:03'),
(679, 5, 'RECOLECCION2', 'LOGOUT', 'Usuario cerró sesión', '187.190.223.31', 'Mozilla/5.0 (Windows NT 10.0; Win64; x64) AppleWebKit/537.36 (KHTML, like Gecko) Chrome/141.0.0.0 Safari/537.36 Edg/141.0.0.0', '2025-10-24 04:15:48'),
(680, 3, 'MASTER', 'LOGIN', 'Inicio de sesión exitoso', '187.191.38.101', 'Mozilla/5.0 (Windows NT 10.0; Win64; x64) AppleWebKit/537.36 (KHTML, like Gecko) Chrome/141.0.0.0 Safari/537.36', '2025-10-24 11:41:06'),
(681, 1, 'ADMIN', 'LOGIN', 'Inicio de sesión exitoso', '186.96.54.230', 'Mozilla/5.0 (Windows NT 10.0; Win64; x64) AppleWebKit/537.36 (KHTML, like Gecko) Chrome/141.0.0.0 Safari/537.36', '2025-10-24 15:27:50'),
(682, 1, 'ADMIN', 'INV', ' Se buscaron facturas en invoice ', '186.96.54.230', 'Mozilla/5.0 (Windows NT 10.0; Win64; x64) AppleWebKit/537.36 (KHTML, like Gecko) Chrome/141.0.0.0 Safari/537.36', '2025-10-24 15:32:50'),
(683, 1, 'ADMIN', 'INV', ' Se buscaron facturas en invoice ', '186.96.54.230', 'Mozilla/5.0 (Windows NT 10.0; Win64; x64) AppleWebKit/537.36 (KHTML, like Gecko) Chrome/141.0.0.0 Safari/537.36', '2025-10-24 15:33:27'),
(684, 1, 'ADMIN', 'INV', ' Se buscaron contra recibos en invoice ', '186.96.54.230', 'Mozilla/5.0 (Windows NT 10.0; Win64; x64) AppleWebKit/537.36 (KHTML, like Gecko) Chrome/141.0.0.0 Safari/537.36', '2025-10-24 15:33:47'),
(685, 1, 'ADMIN', 'INV', ' Se buscaron facturas en invoice ', '186.96.54.230', 'Mozilla/5.0 (Windows NT 10.0; Win64; x64) AppleWebKit/537.36 (KHTML, like Gecko) Chrome/141.0.0.0 Safari/537.36', '2025-10-24 15:35:38'),
(686, 1, 'ADMIN', 'INV', ' Se buscaron contra recibos en invoice ', '186.96.54.230', 'Mozilla/5.0 (Windows NT 10.0; Win64; x64) AppleWebKit/537.36 (KHTML, like Gecko) Chrome/141.0.0.0 Safari/537.36', '2025-10-24 15:36:23'),
(687, 1, 'ADMIN', 'EXCEL', 'Descargo el EXCEL de recolecciones', '186.96.54.230', 'Mozilla/5.0 (Windows NT 10.0; Win64; x64) AppleWebKit/537.36 (KHTML, like Gecko) Chrome/141.0.0.0 Safari/537.36', '2025-10-24 15:40:46'),
(688, 1, 'ADMIN', 'INV', ' Se buscaron facturas en invoice ', '186.96.54.230', 'Mozilla/5.0 (Windows NT 10.0; Win64; x64) AppleWebKit/537.36 (KHTML, like Gecko) Chrome/141.0.0.0 Safari/537.36', '2025-10-24 15:41:02'),
(689, 1, 'ADMIN', 'INV', ' Se buscaron contra recibos en invoice ', '186.96.54.230', 'Mozilla/5.0 (Windows NT 10.0; Win64; x64) AppleWebKit/537.36 (KHTML, like Gecko) Chrome/141.0.0.0 Safari/537.36', '2025-10-24 15:41:38'),
(690, 1, 'ADMIN', 'INV', ' Se buscaron contra recibos en invoice ', '186.96.54.230', 'Mozilla/5.0 (Windows NT 10.0; Win64; x64) AppleWebKit/537.36 (KHTML, like Gecko) Chrome/141.0.0.0 Safari/537.36', '2025-10-24 15:41:48'),
(691, 1, 'ADMIN', 'EXCEL', 'Descargo el EXCEL de recolecciones', '186.96.54.230', 'Mozilla/5.0 (Windows NT 10.0; Win64; x64) AppleWebKit/537.36 (KHTML, like Gecko) Chrome/141.0.0.0 Safari/537.36', '2025-10-24 15:43:18'),
(692, 5, 'RECOLECCION2', 'SUDO_LOGIN', 'Admin ADMIN inició sesión como usuario: RECOLECCION2', '186.96.54.230', 'Mozilla/5.0 (Windows NT 10.0; Win64; x64) AppleWebKit/537.36 (KHTML, like Gecko) Chrome/141.0.0.0 Safari/537.36', '2025-10-24 16:03:14'),
(693, 1, 'ADMIN', 'SUDO_LOGOUT', 'Admin ADMIN regresó a su sesión desde: RECOLECCION2', '186.96.54.230', 'Mozilla/5.0 (Windows NT 10.0; Win64; x64) AppleWebKit/537.36 (KHTML, like Gecko) Chrome/141.0.0.0 Safari/537.36', '2025-10-24 16:04:35'),
(694, 1, 'ADMIN', 'INV', ' Se buscaron facturas en invoice ', '186.96.54.230', 'Mozilla/5.0 (Windows NT 10.0; Win64; x64) AppleWebKit/537.36 (KHTML, like Gecko) Chrome/141.0.0.0 Safari/537.36', '2025-10-24 16:34:18'),
(695, 1, 'ADMIN', 'INV', ' Se buscaron facturas en invoice ', '186.96.54.230', 'Mozilla/5.0 (Windows NT 10.0; Win64; x64) AppleWebKit/537.36 (KHTML, like Gecko) Chrome/141.0.0.0 Safari/537.36', '2025-10-24 16:34:32'),
(696, 1, 'ADMIN', 'INV', ' Se buscaron contra recibos en invoice ', '186.96.54.230', 'Mozilla/5.0 (Windows NT 10.0; Win64; x64) AppleWebKit/537.36 (KHTML, like Gecko) Chrome/141.0.0.0 Safari/537.36', '2025-10-24 16:34:50'),
(697, 1, 'ADMIN', 'INV', ' Se buscaron facturas en invoice ', '186.96.54.230', 'Mozilla/5.0 (Windows NT 10.0; Win64; x64) AppleWebKit/537.36 (KHTML, like Gecko) Chrome/141.0.0.0 Safari/537.36', '2025-10-24 16:47:40'),
(698, 1, 'ADMIN', 'INV', ' Se buscaron facturas en invoice ', '186.96.54.230', 'Mozilla/5.0 (Windows NT 10.0; Win64; x64) AppleWebKit/537.36 (KHTML, like Gecko) Chrome/141.0.0.0 Safari/537.36', '2025-10-24 16:47:54'),
(699, 1, 'ADMIN', 'INV', ' Se buscaron contra recibos en invoice ', '186.96.54.230', 'Mozilla/5.0 (Windows NT 10.0; Win64; x64) AppleWebKit/537.36 (KHTML, like Gecko) Chrome/141.0.0.0 Safari/537.36', '2025-10-24 16:48:09'),
(700, 1, 'ADMIN', 'REC', 'Actualizo los datos del fletero en la recolección 206', '186.96.54.230', 'Mozilla/5.0 (Windows NT 10.0; Win64; x64) AppleWebKit/537.36 (KHTML, like Gecko) Chrome/141.0.0.0 Safari/537.36', '2025-10-24 17:54:17'),
(701, 1, 'ADMIN', 'REC', 'Actualizo los datos del fletero en la recolección 212', '186.96.54.230', 'Mozilla/5.0 (Windows NT 10.0; Win64; x64) AppleWebKit/537.36 (KHTML, like Gecko) Chrome/141.0.0.0 Safari/537.36', '2025-10-24 17:56:28'),
(702, 1, 'ADMIN', 'REC', 'Actualizo los datos del fletero en la recolección 155', '186.96.54.230', 'Mozilla/5.0 (Windows NT 10.0; Win64; x64) AppleWebKit/537.36 (KHTML, like Gecko) Chrome/141.0.0.0 Safari/537.36', '2025-10-24 17:57:56'),
(703, 1, 'ADMIN', 'REC', 'Actualizo los datos del fletero en la recolección 156', '186.96.54.230', 'Mozilla/5.0 (Windows NT 10.0; Win64; x64) AppleWebKit/537.36 (KHTML, like Gecko) Chrome/141.0.0.0 Safari/537.36', '2025-10-24 17:58:29'),
(704, 1, 'ADMIN', 'REC', 'Actualizo los datos del fletero en la recolección 173', '186.96.54.230', 'Mozilla/5.0 (Windows NT 10.0; Win64; x64) AppleWebKit/537.36 (KHTML, like Gecko) Chrome/141.0.0.0 Safari/537.36', '2025-10-24 17:59:08'),
(705, 1, 'ADMIN', 'REC', 'Actualizo los datos del fletero en la recolección 174', '186.96.54.230', 'Mozilla/5.0 (Windows NT 10.0; Win64; x64) AppleWebKit/537.36 (KHTML, like Gecko) Chrome/141.0.0.0 Safari/537.36', '2025-10-24 17:59:44'),
(706, 1, 'ADMIN', 'REC', 'Actualizo los datos del fletero en la recolección 176', '186.96.54.230', 'Mozilla/5.0 (Windows NT 10.0; Win64; x64) AppleWebKit/537.36 (KHTML, like Gecko) Chrome/141.0.0.0 Safari/537.36', '2025-10-24 18:00:19'),
(707, 1, 'ADMIN', 'REC', 'Actualizo los datos del fletero en la recolección 177', '186.96.54.230', 'Mozilla/5.0 (Windows NT 10.0; Win64; x64) AppleWebKit/537.36 (KHTML, like Gecko) Chrome/141.0.0.0 Safari/537.36', '2025-10-24 18:01:50'),
(708, 1, 'ADMIN', 'REC', 'Actualizo los datos del fletero en la recolección 178', '186.96.54.230', 'Mozilla/5.0 (Windows NT 10.0; Win64; x64) AppleWebKit/537.36 (KHTML, like Gecko) Chrome/141.0.0.0 Safari/537.36', '2025-10-24 18:02:14'),
(709, 1, 'ADMIN', 'REC', 'Actualizo los datos del fletero en la recolección 130', '186.96.54.230', 'Mozilla/5.0 (Windows NT 10.0; Win64; x64) AppleWebKit/537.36 (KHTML, like Gecko) Chrome/141.0.0.0 Safari/537.36', '2025-10-24 18:03:16'),
(710, 1, 'ADMIN', 'REC', 'Actualizo los datos del fletero en la recolección 136', '186.96.54.230', 'Mozilla/5.0 (Windows NT 10.0; Win64; x64) AppleWebKit/537.36 (KHTML, like Gecko) Chrome/141.0.0.0 Safari/537.36', '2025-10-24 18:04:08'),
(711, 1, 'ADMIN', 'REC', 'Actualizo los datos del fletero en la recolección 149', '186.96.54.230', 'Mozilla/5.0 (Windows NT 10.0; Win64; x64) AppleWebKit/537.36 (KHTML, like Gecko) Chrome/141.0.0.0 Safari/537.36', '2025-10-24 18:04:36'),
(712, 1, 'ADMIN', 'REC', 'Actualizo los datos del fletero en la recolección 150', '186.96.54.230', 'Mozilla/5.0 (Windows NT 10.0; Win64; x64) AppleWebKit/537.36 (KHTML, like Gecko) Chrome/141.0.0.0 Safari/537.36', '2025-10-24 18:05:06'),
(713, 1, 'ADMIN', 'REC', 'Actualizo los datos del fletero en la recolección 125', '186.96.54.230', 'Mozilla/5.0 (Windows NT 10.0; Win64; x64) AppleWebKit/537.36 (KHTML, like Gecko) Chrome/141.0.0.0 Safari/537.36', '2025-10-24 18:05:30'),
(714, 1, 'ADMIN', 'REC', 'Actualizo los datos del fletero en la recolección 126', '186.96.54.230', 'Mozilla/5.0 (Windows NT 10.0; Win64; x64) AppleWebKit/537.36 (KHTML, like Gecko) Chrome/141.0.0.0 Safari/537.36', '2025-10-24 18:05:56'),
(715, 1, 'ADMIN', 'REC', 'Actualizo los datos del fletero en la recolección 127', '186.96.54.230', 'Mozilla/5.0 (Windows NT 10.0; Win64; x64) AppleWebKit/537.36 (KHTML, like Gecko) Chrome/141.0.0.0 Safari/537.36', '2025-10-24 18:06:20'),
(716, 1, 'ADMIN', 'REC', 'Actualizo los datos del fletero en la recolección 51', '186.96.54.230', 'Mozilla/5.0 (Windows NT 10.0; Win64; x64) AppleWebKit/537.36 (KHTML, like Gecko) Chrome/141.0.0.0 Safari/537.36', '2025-10-24 18:06:42'),
(717, 1, 'ADMIN', 'REC', 'Actualizo los datos del fletero en la recolección 67', '186.96.54.230', 'Mozilla/5.0 (Windows NT 10.0; Win64; x64) AppleWebKit/537.36 (KHTML, like Gecko) Chrome/141.0.0.0 Safari/537.36', '2025-10-24 18:07:35'),
(718, 1, 'ADMIN', 'REC', 'Actualizo los datos del fletero en la recolección 74', '186.96.54.230', 'Mozilla/5.0 (Windows NT 10.0; Win64; x64) AppleWebKit/537.36 (KHTML, like Gecko) Chrome/141.0.0.0 Safari/537.36', '2025-10-24 18:07:59'),
(719, 1, 'ADMIN', 'REC', 'Actualizo los datos del fletero en la recolección 75', '186.96.54.230', 'Mozilla/5.0 (Windows NT 10.0; Win64; x64) AppleWebKit/537.36 (KHTML, like Gecko) Chrome/141.0.0.0 Safari/537.36', '2025-10-24 18:08:24'),
(720, 1, 'ADMIN', 'REC', 'Actualizo los datos del fletero en la recolección 76', '186.96.54.230', 'Mozilla/5.0 (Windows NT 10.0; Win64; x64) AppleWebKit/537.36 (KHTML, like Gecko) Chrome/141.0.0.0 Safari/537.36', '2025-10-24 18:08:49'),
(721, 1, 'ADMIN', 'REC', 'Actualizo los datos del fletero en la recolección 77', '186.96.54.230', 'Mozilla/5.0 (Windows NT 10.0; Win64; x64) AppleWebKit/537.36 (KHTML, like Gecko) Chrome/141.0.0.0 Safari/537.36', '2025-10-24 18:09:13'),
(722, 1, 'ADMIN', 'REC', 'Actualizo los datos del fletero en la recolección 78', '186.96.54.230', 'Mozilla/5.0 (Windows NT 10.0; Win64; x64) AppleWebKit/537.36 (KHTML, like Gecko) Chrome/141.0.0.0 Safari/537.36', '2025-10-24 18:09:35'),
(723, 1, 'ADMIN', 'REC', 'Actualizo los datos del fletero en la recolección 83', '186.96.54.230', 'Mozilla/5.0 (Windows NT 10.0; Win64; x64) AppleWebKit/537.36 (KHTML, like Gecko) Chrome/141.0.0.0 Safari/537.36', '2025-10-24 18:10:02'),
(724, 1, 'ADMIN', 'REC', 'Actualizo los datos del fletero en la recolección 84', '186.96.54.230', 'Mozilla/5.0 (Windows NT 10.0; Win64; x64) AppleWebKit/537.36 (KHTML, like Gecko) Chrome/141.0.0.0 Safari/537.36', '2025-10-24 18:10:25'),
(725, 1, 'ADMIN', 'REC', 'Actualizo los datos del fletero en la recolección 85', '186.96.54.230', 'Mozilla/5.0 (Windows NT 10.0; Win64; x64) AppleWebKit/537.36 (KHTML, like Gecko) Chrome/141.0.0.0 Safari/537.36', '2025-10-24 18:10:48'),
(726, 1, 'ADMIN', 'REC', 'Actualizo los datos del fletero en la recolección 86', '186.96.54.230', 'Mozilla/5.0 (Windows NT 10.0; Win64; x64) AppleWebKit/537.36 (KHTML, like Gecko) Chrome/141.0.0.0 Safari/537.36', '2025-10-24 18:11:14'),
(727, 1, 'ADMIN', 'REC', 'Actualizo los datos del fletero en la recolección 90', '186.96.54.230', 'Mozilla/5.0 (Windows NT 10.0; Win64; x64) AppleWebKit/537.36 (KHTML, like Gecko) Chrome/141.0.0.0 Safari/537.36', '2025-10-24 18:11:34'),
(728, 1, 'ADMIN', 'REC', 'Actualizo los datos del fletero en la recolección 91', '186.96.54.230', 'Mozilla/5.0 (Windows NT 10.0; Win64; x64) AppleWebKit/537.36 (KHTML, like Gecko) Chrome/141.0.0.0 Safari/537.36', '2025-10-24 18:11:57'),
(729, 1, 'ADMIN', 'REC', 'Actualizo los datos del fletero en la recolección 92', '186.96.54.230', 'Mozilla/5.0 (Windows NT 10.0; Win64; x64) AppleWebKit/537.36 (KHTML, like Gecko) Chrome/141.0.0.0 Safari/537.36', '2025-10-24 18:12:17'),
(730, 1, 'ADMIN', 'REC', 'Actualizo los datos del fletero en la recolección 93', '186.96.54.230', 'Mozilla/5.0 (Windows NT 10.0; Win64; x64) AppleWebKit/537.36 (KHTML, like Gecko) Chrome/141.0.0.0 Safari/537.36', '2025-10-24 18:12:40'),
(731, 1, 'ADMIN', 'REC', 'Actualizo los datos del fletero en la recolección 95', '186.96.54.230', 'Mozilla/5.0 (Windows NT 10.0; Win64; x64) AppleWebKit/537.36 (KHTML, like Gecko) Chrome/141.0.0.0 Safari/537.36', '2025-10-24 18:13:02'),
(732, 1, 'ADMIN', 'REC', 'Actualizo los datos del fletero en la recolección 96', '186.96.54.230', 'Mozilla/5.0 (Windows NT 10.0; Win64; x64) AppleWebKit/537.36 (KHTML, like Gecko) Chrome/141.0.0.0 Safari/537.36', '2025-10-24 18:13:29'),
(733, 1, 'ADMIN', 'REC', 'Actualizo los datos del fletero en la recolección 97', '186.96.54.230', 'Mozilla/5.0 (Windows NT 10.0; Win64; x64) AppleWebKit/537.36 (KHTML, like Gecko) Chrome/141.0.0.0 Safari/537.36', '2025-10-24 18:13:52'),
(734, 1, 'ADMIN', 'REC', 'Actualizo los datos del fletero en la recolección 107', '186.96.54.230', 'Mozilla/5.0 (Windows NT 10.0; Win64; x64) AppleWebKit/537.36 (KHTML, like Gecko) Chrome/141.0.0.0 Safari/537.36', '2025-10-24 18:14:24'),
(735, 1, 'ADMIN', 'REC', 'Actualizo los datos del fletero en la recolección 109', '186.96.54.230', 'Mozilla/5.0 (Windows NT 10.0; Win64; x64) AppleWebKit/537.36 (KHTML, like Gecko) Chrome/141.0.0.0 Safari/537.36', '2025-10-24 18:14:45'),
(736, 1, 'ADMIN', 'REC', 'Actualizo los datos del fletero en la recolección 111', '186.96.54.230', 'Mozilla/5.0 (Windows NT 10.0; Win64; x64) AppleWebKit/537.36 (KHTML, like Gecko) Chrome/141.0.0.0 Safari/537.36', '2025-10-24 18:15:11'),
(737, 1, 'ADMIN', 'REC', 'Actualizo los datos del fletero en la recolección 112', '186.96.54.230', 'Mozilla/5.0 (Windows NT 10.0; Win64; x64) AppleWebKit/537.36 (KHTML, like Gecko) Chrome/141.0.0.0 Safari/537.36', '2025-10-24 18:15:38'),
(738, 1, 'ADMIN', 'REC', 'Actualizo los datos del fletero en la recolección 113', '186.96.54.230', 'Mozilla/5.0 (Windows NT 10.0; Win64; x64) AppleWebKit/537.36 (KHTML, like Gecko) Chrome/141.0.0.0 Safari/537.36', '2025-10-24 18:16:21'),
(739, 1, 'ADMIN', 'REC', 'Actualizo los datos del fletero en la recolección 120', '186.96.54.230', 'Mozilla/5.0 (Windows NT 10.0; Win64; x64) AppleWebKit/537.36 (KHTML, like Gecko) Chrome/141.0.0.0 Safari/537.36', '2025-10-24 18:17:18'),
(740, 1, 'ADMIN', 'REC', 'Actualizo los datos del fletero en la recolección 121', '186.96.54.230', 'Mozilla/5.0 (Windows NT 10.0; Win64; x64) AppleWebKit/537.36 (KHTML, like Gecko) Chrome/141.0.0.0 Safari/537.36', '2025-10-24 18:17:42'),
(741, 1, 'ADMIN', 'REC', 'Actualizo los datos del fletero en la recolección 124', '186.96.54.230', 'Mozilla/5.0 (Windows NT 10.0; Win64; x64) AppleWebKit/537.36 (KHTML, like Gecko) Chrome/141.0.0.0 Safari/537.36', '2025-10-24 18:18:04'),
(742, 1, 'ADMIN', 'REC', 'Actualizo los datos del fletero en la recolección 114', '186.96.54.230', 'Mozilla/5.0 (Windows NT 10.0; Win64; x64) AppleWebKit/537.36 (KHTML, like Gecko) Chrome/141.0.0.0 Safari/537.36', '2025-10-24 18:21:51'),
(743, 1, 'ADMIN', 'INV', ' Se buscaron facturas en invoice ', '186.96.54.230', 'Mozilla/5.0 (Windows NT 10.0; Win64; x64) AppleWebKit/537.36 (KHTML, like Gecko) Chrome/141.0.0.0 Safari/537.36', '2025-10-24 18:22:26'),
(744, 1, 'ADMIN', 'INV', ' Se buscaron facturas en invoice ', '186.96.54.230', 'Mozilla/5.0 (Windows NT 10.0; Win64; x64) AppleWebKit/537.36 (KHTML, like Gecko) Chrome/141.0.0.0 Safari/537.36', '2025-10-24 18:22:47'),
(745, 1, 'ADMIN', 'INV', ' Se buscaron facturas en invoice ', '186.96.54.230', 'Mozilla/5.0 (Windows NT 10.0; Win64; x64) AppleWebKit/537.36 (KHTML, like Gecko) Chrome/141.0.0.0 Safari/537.36', '2025-10-24 18:23:14'),
(746, 1, 'ADMIN', 'INV', ' Se buscaron contra recibos en invoice ', '186.96.54.230', 'Mozilla/5.0 (Windows NT 10.0; Win64; x64) AppleWebKit/537.36 (KHTML, like Gecko) Chrome/141.0.0.0 Safari/537.36', '2025-10-24 18:23:31'),
(747, 1, 'ADMIN', 'INV', ' Se buscaron facturas en invoice ', '186.96.54.230', 'Mozilla/5.0 (Windows NT 10.0; Win64; x64) AppleWebKit/537.36 (KHTML, like Gecko) Chrome/141.0.0.0 Safari/537.36', '2025-10-24 18:55:22'),
(748, 1, 'ADMIN', 'INV', ' Se buscaron contra recibos en invoice ', '186.96.54.230', 'Mozilla/5.0 (Windows NT 10.0; Win64; x64) AppleWebKit/537.36 (KHTML, like Gecko) Chrome/141.0.0.0 Safari/537.36', '2025-10-24 18:55:50'),
(749, 1, 'ADMIN', 'INV', ' Se buscaron contra recibos en invoice ', '186.96.54.230', 'Mozilla/5.0 (Windows NT 10.0; Win64; x64) AppleWebKit/537.36 (KHTML, like Gecko) Chrome/141.0.0.0 Safari/537.36', '2025-10-24 18:56:00'),
(750, 5, 'RECOLECCION2', 'SUDO_LOGIN', 'Admin ADMIN inició sesión como usuario: RECOLECCION2', '186.96.54.230', 'Mozilla/5.0 (Windows NT 10.0; Win64; x64) AppleWebKit/537.36 (KHTML, like Gecko) Chrome/141.0.0.0 Safari/537.36', '2025-10-24 19:13:05'),
(751, 1, 'ADMIN', 'SUDO_LOGOUT', 'Admin ADMIN regresó a su sesión desde: RECOLECCION2', '186.96.54.230', 'Mozilla/5.0 (Windows NT 10.0; Win64; x64) AppleWebKit/537.36 (KHTML, like Gecko) Chrome/141.0.0.0 Safari/537.36', '2025-10-24 19:19:51'),
(752, 1, 'ADMIN', 'EXCEL', 'Descargo el EXCEL de recolecciones', '186.96.54.230', 'Mozilla/5.0 (Windows NT 10.0; Win64; x64) AppleWebKit/537.36 (KHTML, like Gecko) Chrome/141.0.0.0 Safari/537.36', '2025-10-24 19:29:25');

-- --------------------------------------------------------

--
-- Estructura de tabla para la tabla `usuarios`
--

CREATE TABLE `usuarios` (
  `id_user` int NOT NULL,
  `nombre` varchar(255) DEFAULT NULL,
  `correo` varchar(255) DEFAULT NULL,
  `usuario` varchar(255) DEFAULT NULL,
  `pass` varchar(255) DEFAULT NULL,
  `tipo` varchar(255) DEFAULT NULL,
  `fecha` timestamp NOT NULL DEFAULT CURRENT_TIMESTAMP,
  `a` varchar(255) DEFAULT '0',
  `b` varchar(255) NOT NULL DEFAULT '0',
  `c` varchar(255) NOT NULL DEFAULT '0',
  `d` varchar(255) NOT NULL DEFAULT '0',
  `e` varchar(255) NOT NULL DEFAULT '0',
  `f` varchar(255) NOT NULL DEFAULT '0',
  `a1` varchar(255) NOT NULL DEFAULT '0',
  `b1` varchar(255) NOT NULL DEFAULT '0',
  `c1` varchar(255) NOT NULL DEFAULT '0',
  `d1` varchar(255) NOT NULL DEFAULT '0',
  `e1` varchar(255) NOT NULL DEFAULT '0',
  `f1` varchar(255) NOT NULL DEFAULT '0',
  `zona` varchar(255) DEFAULT NULL,
  `af` varchar(255) NOT NULL DEFAULT '0',
  `acr` varchar(255) NOT NULL DEFAULT '0',
  `acc` varchar(255) NOT NULL DEFAULT '0',
  `en_correo` varchar(255) NOT NULL DEFAULT '0',
  `prec` varchar(255) NOT NULL DEFAULT '0',
  `status` varchar(255) NOT NULL DEFAULT '1'
) ENGINE=MyISAM DEFAULT CHARSET=utf8mb4 COLLATE=utf8mb4_0900_ai_ci;

--
-- Volcado de datos para la tabla `usuarios`
--

INSERT INTO `usuarios` (`id_user`, `nombre`, `correo`, `usuario`, `pass`, `tipo`, `fecha`, `a`, `b`, `c`, `d`, `e`, `f`, `a1`, `b1`, `c1`, `d1`, `e1`, `f1`, `zona`, `af`, `acr`, `acc`, `en_correo`, `prec`, `status`) VALUES
(1, 'Jorge Victorio', 'sistemas2@glama.com.mx', 'ADMIN', '06af401c13fb904e491347d1a55feac3', '100', '2025-07-22 17:54:42', '1', '1', '1', '1', '1', '1', '1', '1', '1', '1', '1', '1', '0', '1', '1', '1', '1', '1', '1'),
(2, 'Daniel Arroyo', 'jorge.d.victorio11@gmail.com', 'DANIEL', '827ccb0eea8a706c4c34a16891f84e7b', '10', '2025-07-23 22:23:07', '1', '1', '1', '1', '1', '1', '1', '1', '1', '1', '1', '1', '1', '1', '1', '1', '0', '0', '1'),
(3, 'Arturo Islas', 'aislas@glama.com.mx', 'MASTER', '2b56c292ea9856b33766eca6f934fc48', '100', '2025-07-26 05:58:28', '1', '1', '1', '1', '1', '1', '1', '1', '1', '1', '1', '1', '0', '1', '1', '0', '1', '1', '1'),
(4, 'Leticia', 'finanzas1@dexalapa.com.mx', 'RECOLECCION1', '827ccb0eea8a706c4c34a16891f84e7b', '30', '2025-10-06 15:29:42', '0', '0', '0', '0', '0', '0', '0', '0', '0', '0', '0', '0', '1', '0', '0', '0', '0', '0', '1'),
(5, 'Saul Silva', 'ssilva@dexalapa.com.mx', 'RECOLECCION2', '441a781f29300b6d980ded598107c56f', '30', '2025-10-06 15:30:37', '0', '0', '0', '0', '0', '1', '0', '0', '0', '0', '0', '1', '1', '0', '0', '0', '1', '0', '1');

-- --------------------------------------------------------

--
-- Estructura de tabla para la tabla `ventas`
--

CREATE TABLE `ventas` (
  `id_venta` int NOT NULL,
  `fact` varchar(255) DEFAULT NULL,
  `factura` varchar(255) DEFAULT NULL,
  `d_prov` varchar(255) DEFAULT NULL,
  `nombre` varchar(255) DEFAULT NULL,
  `id_cli` varchar(255) CHARACTER SET utf8mb4 COLLATE utf8mb4_0900_ai_ci DEFAULT NULL,
  `id_direc` varchar(255) DEFAULT NULL,
  `id_compra` varchar(255) DEFAULT NULL,
  `id_prod` varchar(255) DEFAULT NULL,
  `costo_flete` varchar(255) DEFAULT NULL,
  `flete` varchar(255) CHARACTER SET utf8mb4 COLLATE utf8mb4_0900_ai_ci DEFAULT NULL,
  `fact_fle` varchar(255) DEFAULT NULL,
  `d_fletero` varchar(255) DEFAULT NULL,
  `tara` varchar(255) DEFAULT NULL,
  `bruto` varchar(255) DEFAULT NULL,
  `Neto` varchar(255) DEFAULT NULL,
  `peso_cliente` varchar(255) DEFAULT NULL,
  `precio` varchar(255) DEFAULT NULL,
  `im_tras_inv` varchar(255) DEFAULT NULL,
  `im_rete_inv` varchar(255) DEFAULT NULL,
  `total_inv` varchar(255) DEFAULT NULL,
  `rfc_inv` varchar(255) DEFAULT NULL,
  `aliasInv` varchar(255) DEFAULT NULL,
  `folio_contra` varchar(255) DEFAULT NULL,
  `fecha` timestamp NOT NULL DEFAULT CURRENT_TIMESTAMP,
  `id_user` varchar(255) DEFAULT NULL,
  `status` varchar(255) DEFAULT '1',
  `acciones` varchar(255) NOT NULL DEFAULT '0',
  `zona` varchar(255) DEFAULT NULL,
  `ex` varchar(255) NOT NULL DEFAULT '0'
) ENGINE=MyISAM DEFAULT CHARSET=utf8mb4 COLLATE=utf8mb4_0900_ai_ci;

--
-- Volcado de datos para la tabla `ventas`
--

INSERT INTO `ventas` (`id_venta`, `fact`, `factura`, `d_prov`, `nombre`, `id_cli`, `id_direc`, `id_compra`, `id_prod`, `costo_flete`, `flete`, `fact_fle`, `d_fletero`, `tara`, `bruto`, `Neto`, `peso_cliente`, `precio`, `im_tras_inv`, `im_rete_inv`, `total_inv`, `rfc_inv`, `aliasInv`, `folio_contra`, `fecha`, `id_user`, `status`, `acciones`, `zona`, `ex`) VALUES
(1, '23652', 'A30914', NULL, 'SAN PABLO', '7', '18', '1', '4', '0', '1', NULL, NULL, NULL, NULL, NULL, '24740', '4.50', NULL, NULL, NULL, NULL, NULL, NULL, '2025-07-09 06:00:00', '1', '1', '0', '1', '0'),
(2, '11955/167000', 'A30898', NULL, 'BIO PAPPEL', '2', '13', '2', '11', '15005', '29', '935', 'archivos/LAISA/2025/07/EA_B186_935_250728', NULL, NULL, NULL, '21300', '5.29', '2400.800', '600.200', '16805.600', 'LAI4802211H2', 'LAISA', '17876', '2025-07-25 06:00:00', '1', '1', '0', '1', '0'),
(13, '20767', NULL, NULL, '20767', '3', '14', '16', '3', '50701.1', '28', '19775', 'archivos/LAISA/2025/07/EA_D227_19775_250730', NULL, NULL, NULL, '26270', '5.3', '8112.180', '2028.040', '56785.240', 'LAI4802211H2', 'LAISA', '17865', '2025-07-30 06:00:00', '1', '1', '0', '1', '2'),
(14, '114376', '', NULL, '114376', '7', '18', '17', '9', '7505', '4', '8671', 'archivos/LAISA/2025/08/EA_A420_8671_250804', NULL, NULL, NULL, '17660', '5.37', '1200.800', '300.200', '8405.600', 'LAI4802211H2', 'LAISA', '17654', '2025-07-25 06:00:00', '1', '1', '0', '1', '2'),
(15, '20758', 'A30915', NULL, '20758', '3', '14', '18', '3', '1930', '10', NULL, NULL, NULL, NULL, NULL, '26040', '5.3', NULL, NULL, NULL, NULL, NULL, NULL, '2025-07-25 06:00:00', '1', '1', '0', '1', '2'),
(16, '11959-167134', 'A30918', NULL, '11959-167134', '3', '14', '19', '11', '14350', '10', NULL, NULL, NULL, NULL, NULL, '22700', '5.3', NULL, NULL, NULL, NULL, NULL, NULL, '2025-07-28 06:00:00', '1', '1', '0', '1', '2'),
(17, '114378', 'A30931', NULL, '114378', '7', '18', '20', '9', '7505', '4', NULL, NULL, NULL, NULL, NULL, '21140', '5.37', NULL, NULL, NULL, NULL, NULL, NULL, '2025-07-25 06:00:00', '1', '1', '0', '1', '2'),
(18, '11965-167336', 'A30932', NULL, '11965-167336', '3', '14', '21', '11', '14350', '10', NULL, NULL, NULL, NULL, NULL, '24400', '5.3', NULL, NULL, NULL, NULL, NULL, NULL, '2025-07-30 06:00:00', '1', '1', '0', '1', '2'),
(19, '10135', 'A30945', NULL, '10135', '2', '13', '22', '9', '15005', '29', NULL, NULL, NULL, NULL, NULL, '20055', '5.29', NULL, NULL, NULL, NULL, NULL, NULL, '2025-07-30 06:00:00', '1', '1', '0', '1', '2'),
(20, '20768', 'A30992', NULL, '20768', '3', '14', '23', '3', '1930', '10', NULL, NULL, NULL, NULL, NULL, '29430', '5.3', NULL, NULL, NULL, NULL, NULL, NULL, '2025-07-31 06:00:00', '1', '1', '0', '1', '2'),
(21, '11966-167514', 'A30993', NULL, '11966-167514', '3', '14', '24', '11', '14350', '10', NULL, NULL, NULL, NULL, NULL, '23200', '5.3', NULL, NULL, NULL, NULL, NULL, NULL, '2025-07-31 06:00:00', '1', '1', '0', '1', '2'),
(22, '11957-167076', 'A31230', NULL, '11957-167076', '3', '14', '25', '20', '14350', '30', NULL, NULL, NULL, NULL, NULL, '21600', '5.3', NULL, NULL, NULL, NULL, NULL, NULL, '2025-07-26 06:00:00', '1', '1', '0', '1', '2'),
(23, '20765', 'A31088', NULL, '20765', '3', '14', '26', '3', '50759', '28', NULL, NULL, NULL, NULL, NULL, '26300', '5.3', NULL, NULL, NULL, NULL, NULL, NULL, '2025-07-29 06:00:00', '1', '1', '0', '1', '2'),
(24, '114388', 'A31095', NULL, '114388', '6', '17', '27', '9', '0', '3', NULL, NULL, NULL, NULL, NULL, '21190', '3.8', NULL, NULL, NULL, NULL, NULL, NULL, '2025-08-08 06:00:00', '1', '1', '0', '1', '2'),
(25, '20766', 'A31164', NULL, '20766', '3', '14', '28', '3', '49369.4', '20', NULL, NULL, NULL, NULL, NULL, '25580', '5.3', NULL, NULL, NULL, NULL, NULL, NULL, '2025-07-30 06:00:00', '1', '1', '0', '1', '2'),
(26, '114392', 'A31069', NULL, '114392', '7', '18', '29', '9', '7505', '4', NULL, NULL, NULL, NULL, NULL, '17270', '5.37', NULL, NULL, NULL, NULL, NULL, NULL, '2025-07-30 06:00:00', '1', '1', '0', '1', '2'),
(27, '114393', 'A31070', NULL, '114393', '7', '18', '30', '9', '7505', '4', NULL, NULL, NULL, NULL, NULL, '17000', '5.37', NULL, NULL, NULL, NULL, NULL, NULL, '2025-07-30 06:00:00', '1', '1', '0', '1', '2'),
(28, '1487', 'A31082', NULL, '1487', '7', '18', '31', '1', '49415.52', '26', NULL, NULL, NULL, NULL, NULL, '25872', '5.58', NULL, NULL, NULL, NULL, NULL, NULL, '2025-07-31 06:00:00', '1', '1', '0', '1', '2'),
(29, '114335', 'A31058', NULL, '114335', '7', '18', '32', '6', '0', '3', NULL, NULL, NULL, NULL, NULL, '19110', '4.6', NULL, NULL, NULL, NULL, NULL, NULL, '2025-08-01 06:00:00', '1', '1', '0', '1', '2'),
(30, '114336', 'A31059', NULL, '114336', '7', '18', '33', '6', '0', '3', NULL, NULL, NULL, NULL, NULL, '22710', '4.6', NULL, NULL, NULL, NULL, NULL, NULL, '2025-07-31 06:00:00', '1', '1', '0', '1', '2'),
(31, '114337', 'A31064', NULL, '114337', '6', '17', '34', '6', '0', '3', NULL, NULL, NULL, NULL, NULL, '6600', '1.2', NULL, NULL, NULL, NULL, NULL, NULL, '2025-07-31 06:00:00', '1', '1', '0', '1', '2'),
(32, '114398', 'A31071', NULL, '114398', '7', '18', '35', '9', '7505', '4', NULL, NULL, NULL, NULL, NULL, '8980', '5.37', NULL, NULL, NULL, NULL, NULL, NULL, '2025-07-31 06:00:00', '1', '1', '0', '1', '2'),
(33, '114400', 'A31072', NULL, '114400', '7', '18', '36', '9', '7505', '4', NULL, NULL, NULL, NULL, NULL, '8490', '5.37', NULL, NULL, NULL, NULL, NULL, NULL, '2025-07-31 06:00:00', '1', '1', '0', '1', '2'),
(34, '114401', 'A31096', NULL, '114401', '6', '17', '37', '9', '0', '3', NULL, NULL, NULL, NULL, NULL, '22040', '3.8', NULL, NULL, NULL, NULL, NULL, NULL, '2025-07-31 06:00:00', '1', '1', '0', '1', '2'),
(35, '10136', 'A31091', NULL, '10136', '2', '13', '38', '2', '15005', '29', NULL, NULL, NULL, NULL, NULL, '19826', '5.29', NULL, NULL, NULL, NULL, NULL, NULL, '2025-08-01 06:00:00', '1', '1', '0', '1', '2'),
(36, '20773', 'A31089', NULL, '20773', '3', '14', '39', '3', '50237.9', '15', NULL, NULL, NULL, NULL, NULL, '26030', '5.3', NULL, NULL, NULL, NULL, NULL, NULL, '2025-08-01 06:00:00', '1', '1', '0', '1', '2'),
(37, '23708', 'A31066', NULL, '23708', '7', '18', '40', '4', '0', '3', NULL, NULL, NULL, NULL, NULL, '23270', '4.5', NULL, NULL, NULL, NULL, NULL, NULL, '2025-08-01 06:00:00', '1', '1', '0', '1', '2'),
(38, '23709', 'A31067', NULL, '23709', '7', '18', '41', '4', '0', '3', NULL, NULL, NULL, NULL, NULL, '25160', '4.5', NULL, NULL, NULL, NULL, NULL, NULL, '2025-08-01 06:00:00', '1', '1', '0', '1', '2'),
(39, '7531M13413', 'A31054', NULL, '7531M13413', '7', '18', '42', '7', '16506.6', '23', '3574', 'archivos/LAISA/2025/09/EA_C600_3574_250908', NULL, NULL, NULL, '25010', '5.39', '2641.060', '660.260', '18487.400', 'LAI4802211H2', 'LAISA', '17885', '2025-08-01 06:00:00', '1', '1', '0', '1', '2'),
(40, '114338', 'A31060', NULL, '114338', '7', '18', '43', '6', '0', '3', NULL, NULL, NULL, NULL, NULL, '22660', '4.6', NULL, NULL, NULL, NULL, NULL, NULL, '2025-08-01 06:00:00', '1', '1', '0', '1', '2'),
(41, '114340', 'A31138', NULL, '114340', '7', '18', '44', '6', '0', '3', NULL, NULL, NULL, NULL, NULL, '22710', '4.6', NULL, NULL, NULL, NULL, NULL, NULL, '2025-08-01 06:00:00', '1', '1', '0', '1', '2'),
(42, '114403', 'A31073', NULL, '114403', '7', '18', '45', '9', '7505', '4', NULL, NULL, NULL, NULL, NULL, '7310', '5.37', NULL, NULL, NULL, NULL, NULL, NULL, '2025-08-01 06:00:00', '1', '1', '0', '1', '2'),
(43, '20776', 'A31090', NULL, '20776', '3', '14', '46', '3', '49967.7', '28', NULL, NULL, NULL, NULL, NULL, '25890', '5.3', NULL, NULL, NULL, NULL, NULL, NULL, '2025-08-02 06:00:00', '1', '1', '0', '1', '2'),
(44, '20775', 'A31165', NULL, '20775', '3', '14', '47', '3', '48172.8', '20', '21928', 'archivos/LAISA/2025/08/EA_T237_21928_250804', NULL, NULL, NULL, '24960', '5.3', '7707.650', '1926.910', '53953.540', 'LAI4802211H2', 'LAISA', '17836', '2025-08-02 06:00:00', '1', '1', '0', '1', '2'),
(45, '23710', 'A31068', NULL, '23710', '7', '18', '48', '4', '0', '3', NULL, NULL, NULL, NULL, NULL, '23460', '4.5', NULL, NULL, NULL, NULL, NULL, NULL, '2025-08-02 06:00:00', '1', '1', '0', '1', '2'),
(46, '7531M13414', 'A31055', NULL, '7531M13414', '7', '18', '49', '7', '16407.6', '23', '3577', 'archivos/LAISA/2025/09/EA_C600_3577_250908', NULL, NULL, NULL, '24860', '5.39', '2625.220', '656.300', '18376.520', 'LAI4802211H2', 'LAISA', '17885', '2025-08-02 06:00:00', '1', '1', '0', '1', '2'),
(47, '7531M13415', 'A31056', NULL, '7531M13415', '7', '18', '50', '7', '16222.8', '23', '3391', 'archivos/LAISA/2025/08/EA_C600_3391_250806', NULL, NULL, NULL, '24580', '5.39', '2595.650', '648.910', '18169.540', 'LAI4802211H2', 'LAISA', '17740', '2025-08-02 06:00:00', '1', '1', '0', '1', '2'),
(48, '114341', 'A31061', NULL, '114341', '7', '18', '51', '6', '0', '3', NULL, NULL, NULL, NULL, NULL, '20200', '4.6', NULL, NULL, NULL, NULL, NULL, NULL, '2025-08-02 06:00:00', '1', '1', '0', '1', '2'),
(49, '114343', 'A31062', NULL, '114343', '7', '18', '52', '6', '0', '3', NULL, NULL, NULL, NULL, NULL, '22400', '4.6', NULL, NULL, NULL, NULL, NULL, NULL, '2025-08-02 06:00:00', '1', '1', '0', '1', '2'),
(50, '114342', 'A31065', NULL, '114342', '6', '17', '53', '6', '0', '3', NULL, NULL, NULL, NULL, NULL, '8840', '1.2', NULL, NULL, NULL, NULL, NULL, NULL, '2025-08-02 06:00:00', '1', '1', '0', '1', '2'),
(51, '114404', 'A31074', NULL, '114404', '7', '18', '54', '9', '7505', '4', NULL, NULL, NULL, NULL, NULL, '18130', '5.37', NULL, NULL, NULL, NULL, NULL, NULL, '2025-08-02 06:00:00', '1', '1', '0', '1', '2'),
(52, '10138', 'A31053', NULL, '10138', '2', '13', '55', '2', '15005', '29', NULL, NULL, NULL, NULL, NULL, '19516', '5.29', NULL, NULL, NULL, NULL, NULL, NULL, '2025-08-03 06:00:00', '1', '1', '0', '1', '2'),
(53, '11971-167765', 'A31172', NULL, '11971-167765', '3', '14', '56', '20', '14350', '10', NULL, NULL, NULL, NULL, NULL, '24000', '5.3', NULL, NULL, NULL, NULL, NULL, NULL, '2025-08-04 06:00:00', '1', '1', '0', '1', '2'),
(54, '7531M13419', 'A31057', NULL, '7531M13419', '7', '18', '57', '7', '16018.2', '23', '3583', 'archivos/LAISA/2025/09/EA_C600_3583_250908', NULL, NULL, NULL, '24270', '5.39', '2562.910', '640.730', '17940.380', 'LAI4802211H2', 'LAISA', '17885', '2025-08-04 06:00:00', '1', '1', '0', '1', '2'),
(55, '114344', 'A31063', NULL, '114344', '7', '18', '58', '6', '0', '3', NULL, NULL, NULL, NULL, NULL, '20120', '4.6', NULL, NULL, NULL, NULL, NULL, NULL, '2025-08-04 06:00:00', '1', '1', '0', '1', '2'),
(56, '114408', 'A31075', NULL, '114408', '7', '18', '59', '9', '7505', '4', NULL, NULL, NULL, NULL, NULL, '17940', '5.37', NULL, NULL, NULL, NULL, NULL, NULL, '2025-08-04 06:00:00', '1', '1', '0', '1', '2'),
(57, '114409', 'A31076', NULL, '114409', '7', '18', '60', '9', '7505', '4', NULL, NULL, NULL, NULL, NULL, '7810', '5.37', NULL, NULL, NULL, NULL, NULL, NULL, '2025-08-04 06:00:00', '1', '1', '0', '1', '2'),
(58, '114410', 'A31158', NULL, '114410', '6', '17', '61', '9', '0', '3', NULL, NULL, NULL, NULL, NULL, '21640', '3.8', NULL, NULL, NULL, NULL, NULL, NULL, '2025-08-04 06:00:00', '1', '1', '0', '1', '2'),
(59, '20779', 'A31166', NULL, '20779', '3', '14', '62', '3', '50894.1', '28', NULL, NULL, NULL, NULL, NULL, '26370', '5.3', NULL, NULL, NULL, NULL, NULL, NULL, '2025-08-05 06:00:00', '1', '1', '0', '1', '2'),
(60, '23713', 'A31093', NULL, '23713', '7', '18', '63', '4', '0', '3', NULL, NULL, NULL, NULL, NULL, '24670', '4.5', NULL, NULL, NULL, NULL, NULL, NULL, '2025-08-05 06:00:00', '1', '1', '0', '1', '2'),
(61, '114345', 'A31140', NULL, '114345', '7', '18', '64', '6', '0', '3', NULL, NULL, NULL, NULL, NULL, '19360', '4.6', NULL, NULL, NULL, NULL, NULL, NULL, '2025-08-05 06:00:00', '1', '1', '0', '1', '2'),
(62, '114346', 'A31141', NULL, '114346', '7', '18', '65', '6', '0', '3', NULL, NULL, NULL, NULL, NULL, '19770', '4.6', NULL, NULL, NULL, NULL, NULL, NULL, '2025-08-05 06:00:00', '1', '1', '0', '1', '2'),
(63, '114412', 'A31159', NULL, '114412', '6', '17', '66', '9', '0', '3', NULL, NULL, NULL, NULL, NULL, '21280', '3.8', NULL, NULL, NULL, NULL, NULL, NULL, '2025-08-05 06:00:00', '1', '1', '0', '1', '2'),
(64, '10139', 'A31092', NULL, '10139', '2', '13', '67', '2', '15005', '29', NULL, NULL, NULL, NULL, NULL, '19911', '5.29', NULL, NULL, NULL, NULL, NULL, NULL, '2025-08-06 06:00:00', '1', '1', '0', '1', '2'),
(65, '11970-167930', 'A31097', NULL, '11970-167930', '3', '14', '68', '20', '14350', '10', NULL, NULL, NULL, NULL, NULL, '21900', '5.3', NULL, NULL, NULL, NULL, NULL, NULL, '2025-08-06 06:00:00', '1', '1', '0', '1', '2'),
(66, '20786', 'A31167', NULL, '20786', '3', '14', '69', '3', '46976.2', '10', NULL, NULL, NULL, NULL, NULL, '24340', '5.3', NULL, NULL, NULL, NULL, NULL, NULL, '2025-08-06 06:00:00', '1', '1', '0', '1', '2'),
(67, '20787', 'A31168', NULL, '20787', '3', '14', '70', '3', '48250', '28', NULL, NULL, NULL, NULL, NULL, '25000', '5.3', NULL, NULL, NULL, NULL, NULL, NULL, '2025-08-06 06:00:00', '1', '1', '0', '1', '2'),
(68, '23714', 'A31094', NULL, '23714', '7', '18', '71', '4', '0', '3', NULL, NULL, NULL, NULL, NULL, '22790', '4.5', NULL, NULL, NULL, NULL, NULL, NULL, '2025-08-06 06:00:00', '1', '1', '0', '1', '2'),
(69, '114348', 'A31143', NULL, '114348', '7', '18', '72', '6', '0', '3', NULL, NULL, NULL, NULL, NULL, '18230', '4.6', NULL, NULL, NULL, NULL, NULL, NULL, '2025-08-06 06:00:00', '1', '1', '0', '1', '2'),
(70, '114349', 'A31144', NULL, '114349', '7', '18', '73', '6', '0', '3', NULL, NULL, NULL, NULL, NULL, '20950', '4.6', NULL, NULL, NULL, NULL, NULL, NULL, '2025-08-06 06:00:00', '1', '1', '0', '1', '2'),
(71, '114347', 'A31161', NULL, '114347', '6', '17', '74', '6', '0', '3', NULL, NULL, NULL, NULL, NULL, '8860', '1.2', NULL, NULL, NULL, NULL, NULL, NULL, '2025-08-06 06:00:00', '1', '1', '0', '1', '2'),
(72, '114416', 'A31160', NULL, '114416', '6', '17', '75', '9', '0', '3', NULL, NULL, NULL, NULL, NULL, '21160', '3.8', NULL, NULL, NULL, NULL, NULL, NULL, '2025-08-06 06:00:00', '1', '1', '0', '1', '2'),
(73, '114415', 'A31209', NULL, '114415', '6', '17', '76', '16', '0', '3', NULL, NULL, NULL, NULL, NULL, '21510', '3.8', NULL, NULL, NULL, NULL, NULL, NULL, '2025-08-06 06:00:00', '1', '1', '0', '1', '2'),
(74, '11972-168072', 'A31173', NULL, '11972-168072', '3', '14', '77', '20', '14350', '10', NULL, NULL, NULL, NULL, NULL, '25400', '5.3', NULL, NULL, NULL, NULL, NULL, NULL, '2025-08-07 06:00:00', '1', '1', '0', '1', '2'),
(75, '20789', 'A31169', NULL, '20789', '3', '14', '78', '3', '47034.1', '20', '21978', 'archivos/LAISA/2025/08/EA_T237_21978_250807', NULL, NULL, NULL, '24370', '5.3', '7525.460', '1881.360', '52678.200', 'LAI4802211H2', 'LAISA', '17769', '2025-08-07 06:00:00', '1', '1', '0', '1', '2'),
(76, '23715', 'A31151', NULL, '23715', '7', '18', '79', '4', '0', '3', NULL, NULL, NULL, NULL, NULL, '24010', '4.5', NULL, NULL, NULL, NULL, NULL, NULL, '2025-08-07 06:00:00', '1', '1', '0', '1', '2'),
(77, '23716', 'A31154', NULL, '23716', '7', '18', '80', '4', '0', '3', NULL, NULL, NULL, NULL, NULL, '24920', '4.5', NULL, NULL, NULL, NULL, NULL, NULL, '2025-08-07 06:00:00', '1', '1', '0', '1', '2'),
(78, '148458', 'A31098', NULL, '148458', '4', '15', '81', '5', '0', '3', NULL, NULL, NULL, NULL, NULL, '10563', '3.88', NULL, NULL, NULL, NULL, NULL, NULL, '2025-08-07 06:00:00', '1', '1', '0', '1', '2'),
(79, '7540M114350', 'A31145', NULL, '114350', '7', '18', '82', '6', '0', '3', NULL, NULL, NULL, NULL, NULL, '21890', '4.6', NULL, NULL, NULL, NULL, NULL, NULL, '2025-08-07 06:00:00', '1', '1', '0', '1', '2'),
(80, '7540M114353', 'A31147', NULL, '114353', '7', '18', '83', '6', '0', '3', NULL, NULL, NULL, NULL, NULL, '20950', '4.6', NULL, NULL, NULL, NULL, NULL, NULL, '2025-08-07 06:00:00', '1', '1', '0', '1', '2'),
(81, '7540M114354', 'A31148', NULL, '114354', '7', '18', '84', '6', '0', '3', NULL, NULL, NULL, NULL, NULL, '18230', '4.6', NULL, NULL, NULL, NULL, NULL, NULL, '2025-08-07 06:00:00', '1', '1', '0', '1', '2'),
(82, '7540M114351', 'A31162', NULL, '114351', '6', '17', '85', '6', '0', '3', NULL, NULL, NULL, NULL, NULL, '4290', '1.2', NULL, NULL, NULL, NULL, NULL, NULL, '2025-08-07 06:00:00', '1', '1', '0', '1', '2'),
(83, '7540M114352', 'A31163', NULL, '114352', '6', '17', '86', '6', '0', '3', NULL, NULL, NULL, NULL, NULL, '3810', '1.2', NULL, NULL, NULL, NULL, NULL, NULL, '2025-08-07 06:00:00', '1', '1', '0', '1', '2'),
(84, '114421', 'A31157', NULL, '114421', '7', '18', '87', '9', '7505', '4', NULL, NULL, NULL, NULL, NULL, '18340', '5.37', NULL, NULL, NULL, NULL, NULL, NULL, '2025-08-07 06:00:00', '1', '1', '0', '1', '2'),
(85, '20790', 'A31170', NULL, '20790', '3', '14', '88', '3', '43096.9', '31', '3309', 'archivos/LAISA/2025/08/EA_E246_3309_250808', NULL, NULL, NULL, '22330', '5.3', '6895.500', '1723.880', '48268.520', 'LAI4802211H2', 'LAISA', '17837', '2025-08-08 06:00:00', '1', '1', '0', '1', '2'),
(86, '23717', 'A31156', NULL, '23717', '7', '18', '89', '4', '0', '3', NULL, NULL, NULL, NULL, NULL, '24840', '4.5', NULL, NULL, NULL, NULL, NULL, NULL, '2025-08-08 06:00:00', '1', '1', '0', '1', '2'),
(87, '23718', 'A31188', NULL, '23718', '7', '18', '90', '4', '0', '3', NULL, NULL, NULL, NULL, NULL, '23700', '4.5', NULL, NULL, NULL, NULL, NULL, NULL, '2025-08-08 06:00:00', '1', '1', '0', '1', '2'),
(88, '23719', 'A31189', NULL, '23719', '7', '18', '91', '4', '0', '3', NULL, NULL, NULL, NULL, NULL, '24550', '4.5', NULL, NULL, NULL, NULL, NULL, NULL, '2025-08-08 06:00:00', '1', '1', '0', '1', '2'),
(89, '7531M13421', 'A31131', NULL, '7531M13421', '7', '18', '92', '7', '16196.4', '23', '3575', 'archivos/LAISA/2025/09/EA_C600_3575_250908', NULL, NULL, NULL, '24540', '5.39', '2591.420', '647.860', '18139.960', 'LAI4802211H2', 'LAISA', '17885', '2025-08-08 06:00:00', '1', '1', '0', '1', '2'),
(90, '7531M13423', 'A31134', NULL, '7531M13423', '7', '18', '93', '7', '16183.2', '23', '3420', 'archivos/LAISA/2025/08/EA_C600_3420_250814', NULL, NULL, NULL, '24520', '5.39', '2589.310', '647.330', '18125.180', 'LAI4802211H2', 'LAISA', '17740', '2025-08-08 06:00:00', '1', '1', '0', '1', '2'),
(91, '7531M13428', 'A31136', NULL, '7531M13428', '7', '18', '94', '7', '16480.2', '23', '3421', 'archivos/LAISA/2025/08/EA_C600_3421_250814', NULL, NULL, NULL, '24970', '5.39', '2636.830', '659.210', '18457.820', 'LAI4802211H2', 'LAISA', '17740', '2025-08-08 06:00:00', '1', '1', '0', '1', '2'),
(92, '7540M114355', 'A31192', NULL, '114355', '7', '18', '95', '6', '0', '3', NULL, NULL, NULL, NULL, NULL, '18990', '4.6', NULL, NULL, NULL, NULL, NULL, NULL, '2025-08-08 06:00:00', '1', '1', '0', '1', '2'),
(93, '7540M114358', 'A31198', NULL, '114358', '6', '17', '96', '6', '0', '3', NULL, NULL, NULL, NULL, NULL, '7660', '1.2', NULL, NULL, NULL, NULL, NULL, NULL, '2025-08-08 06:00:00', '1', '1', '0', '1', '2'),
(94, '7540M114357', 'A31251', NULL, '114357', '6', '17', '97', '6', '0', '3', NULL, NULL, NULL, NULL, NULL, '13320', '1.2', NULL, NULL, NULL, NULL, NULL, NULL, '2025-08-08 06:00:00', '1', '1', '0', '1', '2'),
(95, '114422', 'A31211', NULL, '114422', '6', '17', '98', '16', '0', '3', NULL, NULL, NULL, NULL, NULL, '21470', '3.8', NULL, NULL, NULL, NULL, NULL, NULL, '2025-08-08 06:00:00', '1', '1', '0', '1', '2'),
(96, '114423', 'A31213', NULL, '114423', '6', '17', '99', '16', '0', '3', NULL, NULL, NULL, NULL, NULL, '21370', '3.8', NULL, NULL, NULL, NULL, NULL, NULL, '2025-08-08 06:00:00', '1', '1', '0', '1', '2'),
(97, '114424', 'A31214', NULL, '114424', '6', '17', '100', '16', '0', '3', NULL, NULL, NULL, NULL, NULL, '20990', '3.8', NULL, NULL, NULL, NULL, NULL, NULL, '2025-08-08 06:00:00', '1', '1', '0', '1', '2'),
(98, '11974-168284', 'A31175', NULL, '11974-168284', '3', '14', '101', '20', '14350', '10', NULL, NULL, NULL, NULL, NULL, '22580', '5.3', NULL, NULL, NULL, NULL, NULL, NULL, '2025-08-09 06:00:00', '1', '1', '0', '1', '2'),
(99, '20791', 'A31171', NULL, '20791', '3', '14', '102', '3', '46416.5', '30', NULL, NULL, NULL, NULL, NULL, '24050', '5.3', NULL, NULL, NULL, NULL, NULL, NULL, '2025-08-09 06:00:00', '1', '1', '0', '1', '2'),
(100, '20793', 'A31174', NULL, '20793', '3', '14', '103', '3', '49292.2', '28', NULL, NULL, NULL, NULL, NULL, '25540', '5.3', NULL, NULL, NULL, NULL, NULL, NULL, '2025-08-09 06:00:00', '1', '1', '0', '1', '2'),
(101, '7531M13433', 'A31242', NULL, '7531M13433', '7', '18', '104', '7', '16427.4', '23', '3422', 'archivos/LAISA/2025/08/EA_C600_3422_250814', NULL, NULL, NULL, '24890', '5.39', '2628.380', '657.100', '18398.680', 'LAI4802211H2', 'LAISA', '17740', '2025-08-09 06:00:00', '1', '1', '0', '1', '2'),
(102, '7540M114359', 'A31199', NULL, '114359', '6', '17', '105', '6', '0', '3', NULL, NULL, NULL, NULL, NULL, '7640', '1.2', NULL, NULL, NULL, NULL, NULL, NULL, '2025-08-09 06:00:00', '1', '1', '0', '1', '2'),
(103, '114360', 'A31193', NULL, '114360', '7', '18', '106', '6', '0', '3', NULL, NULL, NULL, NULL, NULL, '19310', '4.6', NULL, NULL, NULL, NULL, NULL, NULL, '2025-08-09 06:00:00', '1', '1', '0', '1', '2'),
(104, '114428', 'A31203', NULL, '114428', '7', '18', '107', '9', '7505', '4', '8713', 'archivos/LAISA/2025/08/EA_A420_8713_250809', NULL, NULL, NULL, '5660', '5.37', '1200.800', '300.200', '8405.600', 'LAI4802211H2', 'LAISA', '17748', '2025-08-09 06:00:00', '1', '1', '0', '1', '2'),
(105, '114429', 'A31204', NULL, '114429', '7', '18', '108', '9', '7505', '4', '8714', 'archivos/LAISA/2025/08/EA_A420_8714_250809', NULL, NULL, NULL, '17770', '5.37', '1200.800', '300.200', '8405.600', 'LAI4802211H2', 'LAISA', '17748', '2025-08-09 06:00:00', '1', '1', '0', '1', '2'),
(106, '114431', 'A31215', NULL, '114431', '6', '17', '109', '16', '0', '3', NULL, NULL, NULL, NULL, NULL, '21690', '3.8', NULL, NULL, NULL, NULL, NULL, NULL, '2025-08-09 06:00:00', '1', '1', '0', '1', '2'),
(107, '114370', 'A31194', NULL, '114370', '7', '18', '110', '6', '0', '3', NULL, NULL, NULL, NULL, NULL, '22140', '4.6', NULL, NULL, NULL, NULL, NULL, NULL, '2025-08-10 06:00:00', '1', '1', '0', '1', '2'),
(108, '114371', 'A31195', NULL, '114371', '7', '18', '111', '6', '0', '3', NULL, NULL, NULL, NULL, NULL, '21930', '4.6', NULL, NULL, NULL, NULL, NULL, NULL, '2025-08-10 06:00:00', '1', '1', '0', '1', '2'),
(109, '114373', 'A31196', NULL, '114373', '7', '18', '112', '6', '0', '3', NULL, NULL, NULL, NULL, NULL, '20070', '4.6', NULL, NULL, NULL, NULL, NULL, NULL, '2025-08-11 06:00:00', '1', '1', '0', '1', '2'),
(110, '114435', 'A31205', NULL, '114435', '7', '18', '113', '9', '7505', '4', NULL, NULL, NULL, NULL, NULL, '17830', '5.37', NULL, NULL, NULL, NULL, NULL, NULL, '2025-08-11 06:00:00', '1', '1', '0', '1', '2'),
(111, '114434', 'A31217', NULL, '114434', '6', '17', '114', '16', '0', '3', NULL, NULL, NULL, NULL, NULL, '21480', '3.8', NULL, NULL, NULL, NULL, NULL, NULL, '2025-08-11 06:00:00', '1', '1', '0', '1', '2'),
(112, '10141', 'A31190', NULL, '10141', '2', '13', '115', '2', '15005', '29', NULL, NULL, NULL, NULL, NULL, '20103', '5.29', NULL, NULL, NULL, NULL, NULL, NULL, '2025-08-12 06:00:00', '1', '1', '0', '1', '2'),
(113, '20796', 'A31255', NULL, '20796', '3', '14', '116', '3', '38136.8', '20', '22022', 'archivos/LAISA/2025/08/EA_T237_22022_250813', NULL, NULL, NULL, '19760', '5.3', '6101.890', '1525.470', '42713.220', 'LAI4802211H2', 'LAISA', '17769', '2025-08-12 06:00:00', '1', '1', '0', '1', '2'),
(114, '23721', 'A31201', NULL, '23721', '7', '18', '117', '4', '0', '3', NULL, NULL, NULL, NULL, NULL, '24410', '4.5', NULL, NULL, NULL, NULL, NULL, NULL, '2025-08-12 06:00:00', '1', '1', '0', '1', '2'),
(115, '148514', 'A31191', NULL, '148514', '4', '15', '118', '5', '0', '3', NULL, NULL, NULL, NULL, NULL, '11356', '3.88', NULL, NULL, NULL, NULL, NULL, NULL, '2025-08-12 06:00:00', '1', '1', '0', '1', '2'),
(116, '114374', 'A31197', NULL, '114374', '7', '18', '119', '6', '0', '3', NULL, NULL, NULL, NULL, NULL, '21450', '4.6', NULL, NULL, NULL, NULL, NULL, NULL, '2025-08-12 06:00:00', '1', '1', '0', '1', '2'),
(117, '114439', 'A31254', NULL, '114439', '6', '17', '120', '16', '0', '3', NULL, NULL, NULL, NULL, NULL, '21720', '3.8', NULL, NULL, NULL, NULL, NULL, NULL, '2025-08-12 06:00:00', '1', '1', '0', '1', '2'),
(118, '20797', 'A31256', NULL, '20797', '3', '14', '121', '3', '48307.9', '28', NULL, NULL, NULL, NULL, NULL, '25030', '5.3', NULL, NULL, NULL, NULL, NULL, NULL, '2025-08-13 06:00:00', '1', '1', '0', '1', '2'),
(119, '20800', 'A31257', NULL, '20800', '3', '14', '122', '3', '49909.8', '27', NULL, NULL, NULL, NULL, NULL, '25860', '5.3', NULL, NULL, NULL, NULL, NULL, NULL, '2025-08-13 06:00:00', '1', '1', '0', '1', '2'),
(120, '23722', 'A31202', NULL, '23722', '7', '18', '123', '4', '0', '3', NULL, NULL, NULL, NULL, NULL, '23960', '4.5', NULL, NULL, NULL, NULL, NULL, NULL, '2025-08-13 06:00:00', '1', '1', '0', '1', '2'),
(121, '7531M13435', 'A31243', NULL, '7531M13435', '7', '18', '124', '7', '14328.6', '23', '3423', 'archivos/LAISA/2025/08/EA_C600_3423_250814', NULL, NULL, NULL, '21710', '5.39', '2292.580', '573.140', '16048.040', 'LAI4802211H2', 'LAISA', '17740', '2025-08-13 06:00:00', '1', '1', '0', '1', '2'),
(122, '7531M13439', 'A31244', NULL, '7531M13439', '7', '18', '125', '7', '16480.2', '23', '3578', 'archivos/LAISA/2025/09/EA_C600_3578_250908', NULL, NULL, NULL, '24970', '5.39', '2636.830', '659.210', '18457.820', 'LAI4802211H2', 'LAISA', '17885', '2025-08-13 06:00:00', '1', '1', '0', '1', '2'),
(123, '114381', 'A31252', NULL, '114381', '6', '17', '126', '6', '0', '3', NULL, NULL, NULL, NULL, NULL, '4510', '1.2', NULL, NULL, NULL, NULL, NULL, NULL, '2025-08-13 06:00:00', '1', '1', '0', '1', '2'),
(124, '114445', 'A31249', NULL, '114445', '7', '18', '127', '9', '7505', '4', NULL, NULL, NULL, NULL, NULL, '17990', '5.37', NULL, NULL, NULL, NULL, NULL, NULL, '2025-08-13 06:00:00', '1', '1', '0', '1', '2'),
(125, '10143', 'A31241', NULL, '10143', '2', '13', '128', '2', '15005', '29', '947', 'archivos/LAISA/2025/08/EA_B186_947_250818', NULL, NULL, NULL, '19744', '5.29', '2400.800', '600.200', '16805.600', 'LAI4802211H2', 'LAISA', '17774', '2025-08-14 06:00:00', '1', '1', '0', '1', '2'),
(126, '20802', 'A31258', NULL, '20802', '3', '14', '129', '3', '49292.2', '27', NULL, NULL, NULL, NULL, NULL, '25540', '5.3', NULL, NULL, NULL, NULL, NULL, NULL, '2025-08-14 06:00:00', '1', '1', '0', '1', '2'),
(127, '148546', 'A31259', NULL, '148546', '4', '15', '130', '5', '0', '3', NULL, NULL, NULL, NULL, NULL, '11006', '3.88', NULL, NULL, NULL, NULL, NULL, NULL, '2025-08-14 06:00:00', '1', '1', '0', '1', '2'),
(128, '7531M13440', 'A31245', NULL, '7531M13440', '7', '18', '131', '7', '15721.2', '23', '3482', 'archivos/LAISA/2025/08/EA_C600_3482_250825', NULL, NULL, NULL, '23820', '5.39', '2515.390', '628.850', '17607.740', 'LAI4802211H2', 'LAISA', '17797', '2025-08-14 06:00:00', '1', '1', '0', '1', '2'),
(129, '114383', 'A31248', NULL, '114383', '7', '18', '132', '6', '0', '3', NULL, NULL, NULL, NULL, NULL, '20760', '4.6', NULL, NULL, NULL, NULL, NULL, NULL, '2025-08-14 06:00:00', '1', '1', '0', '1', '2'),
(130, '114382', 'A31253', NULL, '114382', '6', '17', '133', '6', '0', '3', NULL, NULL, NULL, NULL, NULL, '5760', '1.2', NULL, NULL, NULL, NULL, NULL, NULL, '2025-08-14 06:00:00', '1', '1', '0', '1', '2'),
(131, '114449', 'A31250', NULL, '114449', '7', '18', '134', '9', '7505', '4', NULL, NULL, NULL, NULL, NULL, '17660', '5.37', NULL, NULL, NULL, NULL, NULL, NULL, '2025-08-14 06:00:00', '1', '1', '0', '1', '2'),
(132, '1488', 'A31387', NULL, '1488', '7', '18', '135', '1', '49449.9', '26', NULL, NULL, NULL, NULL, NULL, '25890', '5.58', NULL, NULL, NULL, NULL, NULL, NULL, '2025-08-07 06:00:00', '1', '1', '0', '1', '2'),
(133, '7538M20794', 'A31362', NULL, '7538M20794', '3', '14', '136', '3', '47478', '20', '22017', 'archivos/LAISA/2025/08/EA_T237_22017_250812', NULL, NULL, NULL, '24600', '5.3', '7596.480', '1899.120', '53175.360', 'LAI4802211H2', 'LAISA', '17769', '2025-08-11 06:00:00', '1', '1', '0', '1', '2'),
(134, '20795', 'A31283', NULL, '20795', '3', '14', '137', '3', '42807.4', '32', NULL, NULL, NULL, NULL, NULL, '22180', '5.3', NULL, NULL, NULL, NULL, NULL, NULL, '2025-08-12 06:00:00', '1', '1', '0', '1', '2'),
(135, '7727M114440', 'A31351', NULL, '7727M114440', '6', '17', '138', '15', '0', '3', NULL, NULL, NULL, NULL, NULL, '7200', '1.2', NULL, NULL, NULL, NULL, NULL, NULL, '2025-08-12 06:00:00', '1', '1', '0', '1', '2'),
(136, '114441', 'A31281', NULL, '114441', '6', '17', '139', '16', '0', '3', NULL, NULL, NULL, NULL, NULL, '21570', '3.8', NULL, NULL, NULL, NULL, NULL, NULL, '2025-08-13 06:00:00', '1', '1', '0', '1', '2'),
(137, '114444', 'A31282', NULL, '114444', '6', '17', '140', '16', '0', '3', NULL, NULL, NULL, NULL, NULL, '21920', '3.8', NULL, NULL, NULL, NULL, NULL, NULL, '2025-08-13 06:00:00', '1', '1', '0', '1', '2'),
(138, '20805', 'A31302', NULL, '20805', '3', '14', '141', '3', '49948.4', '27', NULL, NULL, NULL, NULL, NULL, '25880', '5.3', NULL, NULL, NULL, NULL, NULL, NULL, '2025-08-15 06:00:00', '1', '1', '0', '1', '2'),
(139, '23723', 'A31280', NULL, '23723', '7', '18', '142', '4', '0', '3', NULL, NULL, NULL, NULL, NULL, '21700', '4.5', NULL, NULL, NULL, NULL, NULL, NULL, '2025-08-12 06:00:00', '1', '1', '0', '1', '2'),
(140, '7539M23724', 'A31295', NULL, '7539M23724', '7', '18', '143', '4', '0', '3', NULL, NULL, NULL, NULL, NULL, '24760', '4.5', NULL, NULL, NULL, NULL, NULL, NULL, '2025-08-15 06:00:00', '1', '1', '0', '1', '2'),
(141, '7531M13444', 'A31277', NULL, '7531M13444', '7', '18', '144', '7', '15648.6', '23', '3483', 'archivos/LAISA/2025/08/EA_C600_3483_250825', NULL, NULL, NULL, '23710', '5.39', '2503.780', '625.940', '17526.440', 'LAI4802211H2', 'LAISA', '17797', '2025-08-15 06:00:00', '1', '1', '0', '1', '2'),
(142, '7540M114385', 'A31343', NULL, '7540M114385', '7', '18', '145', '6', '0', '3', NULL, NULL, NULL, NULL, NULL, '21690', '4.6', NULL, NULL, NULL, NULL, NULL, NULL, '2025-08-15 06:00:00', '1', '1', '0', '1', '2'),
(143, '7540M114384', 'A31446', NULL, '7540M114384', '7', '18', '146', '6', '0', '3', NULL, NULL, NULL, NULL, NULL, '21290', '4.6', NULL, NULL, NULL, NULL, NULL, NULL, '2025-08-15 06:00:00', '1', '1', '0', '1', '2'),
(144, '114454', 'A31299', NULL, '114454', '7', '18', '147', '9', '7505', '4', NULL, NULL, NULL, NULL, NULL, '17860', '5.37', NULL, NULL, NULL, NULL, NULL, NULL, '2025-08-15 06:00:00', '1', '1', '0', '1', '2'),
(145, '114453', 'A31315', NULL, '114453', '6', '17', '148', '16', '0', '3', NULL, NULL, NULL, NULL, NULL, '21130', '3.8', NULL, NULL, NULL, NULL, NULL, NULL, '2025-08-15 06:00:00', '1', '1', '0', '1', '2'),
(146, '20807', 'A31284', NULL, '20807', '3', '14', '149', '3', '51299.4', '20', NULL, NULL, NULL, NULL, NULL, '26580', '5.3', NULL, NULL, NULL, NULL, NULL, NULL, '2025-08-16 06:00:00', '1', '1', '0', '1', '2'),
(147, '20809', 'A31304', NULL, '20809', '3', '14', '150', '3', '48153.5', '22', NULL, NULL, NULL, NULL, NULL, '24950', '5.3', NULL, NULL, NULL, NULL, NULL, NULL, '2025-08-16 06:00:00', '1', '1', '0', '1', '2'),
(148, '7539M23725', 'A31296', NULL, '7539M23725', '7', '18', '151', '4', '0', '3', NULL, NULL, NULL, NULL, NULL, '22970', '4.5', NULL, NULL, NULL, NULL, NULL, NULL, '2025-08-16 06:00:00', '1', '1', '0', '1', '2'),
(149, '7531M13446', 'A31278', NULL, '7531M13446', '7', '18', '152', '7', '16302', '23', '3484', 'archivos/LAISA/2025/08/EA_C600_3484_250825', NULL, NULL, NULL, '24700', '5.39', '2608.320', '652.080', '18258.240', 'LAI4802211H2', 'LAISA', '17797', '2025-08-16 06:00:00', '1', '1', '0', '1', '2'),
(150, '7531M13447', 'A31279', NULL, '7531M13447', '7', '18', '153', '7', '15252.6', '23', '3485', 'archivos/LAISA/2025/08/EA_C600_3485_250825', NULL, NULL, NULL, '23110', '5.39', '2440.420', '610.100', '17082.920', 'LAI4802211H2', 'LAISA', '17797', '2025-08-16 06:00:00', '1', '1', '0', '1', '2'),
(151, '7540M114387', 'A31344', NULL, '7540M114387', '7', '18', '154', '6', '0', '3', NULL, NULL, NULL, NULL, NULL, '21020', '4.6', NULL, NULL, NULL, NULL, NULL, NULL, '2025-08-16 06:00:00', '1', '1', '0', '1', '2'),
(152, '7540M114388', 'A31345', NULL, '7540M114388', '7', '18', '155', '6', '0', '3', NULL, NULL, NULL, NULL, NULL, '20550', '4.6', NULL, NULL, NULL, NULL, NULL, NULL, '2025-08-16 06:00:00', '1', '1', '0', '1', '2'),
(153, '7540M114386', 'A31349', NULL, '7540M114386', '6', '17', '156', '6', '0', '3', NULL, NULL, NULL, NULL, NULL, '6620', '1.2', NULL, NULL, NULL, NULL, NULL, NULL, '2025-08-16 06:00:00', '1', '1', '0', '1', '2'),
(154, '114456', 'A31317', NULL, '114456', '6', '17', '157', '16', '0', '3', NULL, NULL, NULL, NULL, NULL, '20850', '3.8', NULL, NULL, NULL, NULL, NULL, NULL, '2025-08-16 06:00:00', '1', '1', '0', '1', '2'),
(155, '7540M114389', 'A31346', NULL, '7540M114389', '7', '18', '158', '6', '0', '3', NULL, NULL, NULL, NULL, NULL, '19820', '4.6', NULL, NULL, NULL, NULL, NULL, NULL, '2025-08-17 06:00:00', '1', '1', '0', '1', '2'),
(156, '114457', 'A31300', NULL, '114457', '7', '18', '159', '9', '7505', '4', NULL, NULL, NULL, NULL, NULL, '17870', '5.37', NULL, NULL, NULL, NULL, NULL, NULL, '2025-08-17 06:00:00', '1', '1', '0', '1', '2'),
(157, '114460', 'A31301', NULL, '114460', '7', '18', '160', '9', '7505', '4', NULL, NULL, NULL, NULL, NULL, '17520', '5.37', NULL, NULL, NULL, NULL, NULL, NULL, '2025-08-17 06:00:00', '1', '1', '0', '1', '2'),
(158, '1489', 'A31388', NULL, '1489', '7', '18', '161', '1', '48433.78', '26', NULL, NULL, NULL, NULL, NULL, '25358', '5.58', NULL, NULL, NULL, NULL, NULL, NULL, '2025-08-18 06:00:00', '1', '1', '0', '1', '2'),
(159, '10144', 'A31276', NULL, '10144', '2', '13', '162', '2', '15005', '29', '948', 'archivos/LAISA/2025/08/EA_B186_948_250821', NULL, NULL, NULL, '19867', '5.29', '2400.800', '600.200', '16805.600', 'LAI4802211H2', 'LAISA', '17774', '2025-08-18 06:00:00', '1', '1', '0', '1', '2'),
(160, '7539M23726', 'A31297', NULL, '7539M23726', '7', '18', '163', '4', '0', '3', NULL, NULL, NULL, NULL, NULL, '22350', '4.5', NULL, NULL, NULL, NULL, NULL, NULL, '2025-08-18 06:00:00', '1', '1', '0', '1', '2'),
(161, '7540M114391', 'A31347', NULL, '7540M114391', '7', '18', '164', '6', '0', '3', NULL, NULL, NULL, NULL, NULL, '21140', '4.6', NULL, NULL, NULL, NULL, NULL, NULL, '2025-08-18 06:00:00', '1', '1', '0', '1', '2'),
(162, '7540M114390', 'A31350', NULL, '7540M114390', '6', '17', '165', '6', '0', '3', NULL, NULL, NULL, NULL, NULL, '6790', '1.2', NULL, NULL, NULL, NULL, NULL, NULL, '2025-08-18 06:00:00', '1', '1', '0', '1', '2'),
(163, '20810', 'A31309', NULL, '20810', '3', '14', '166', '3', '51724', '15', NULL, NULL, NULL, NULL, NULL, '26800', '5.3', NULL, NULL, NULL, NULL, NULL, NULL, '2025-08-19 06:00:00', '1', '1', '0', '1', '2'),
(164, '7539M23727', 'A31298', NULL, '7539M23727', '7', '18', '167', '4', '0', '3', NULL, NULL, NULL, NULL, NULL, '25940', '4.5', NULL, NULL, NULL, NULL, NULL, NULL, '2025-08-19 06:00:00', '1', '1', '0', '1', '2'),
(165, '7531M13448', 'A31293', NULL, '7531M13448', '7', '18', '168', '7', '16519.8', '23', '3557', 'archivos/LAISA/2025/09/EA_C600_3557_250903', NULL, NULL, NULL, '25030', '5.39', '2643.170', '660.790', '18502.180', 'LAI4802211H2', 'LAISA', '17879', '2025-08-19 06:00:00', '1', '1', '0', '1', '2'),
(166, '7531M13452', 'A31294', NULL, '7531M13452', '7', '18', '169', '7', '16024.8', '23', '3558', 'archivos/LAISA/2025/09/EA_C600_3558_250903', NULL, NULL, NULL, '24280', '5.39', '2563.970', '640.990', '17947.780', 'LAI4802211H2', 'LAISA', '17879', '2025-08-19 06:00:00', '1', '1', '0', '1', '2'),
(167, '7540M114392', 'A31348', NULL, '7540M114392', '7', '18', '170', '6', '0', '3', NULL, NULL, NULL, NULL, NULL, '19280', '4.6', NULL, NULL, NULL, NULL, NULL, NULL, '2025-08-19 06:00:00', '1', '1', '0', '1', '2'),
(168, '114463', 'A31318', NULL, '114463', '6', '17', '171', '16', '0', '3', NULL, NULL, NULL, NULL, NULL, '22300', '3.8', NULL, NULL, NULL, NULL, NULL, NULL, '2025-08-19 06:00:00', '1', '1', '0', '1', '2'),
(169, '7727M114466', 'A31352', NULL, '7727M114466', '6', '17', '172', '16', '0', '3', NULL, NULL, NULL, NULL, NULL, '22220', '3.8', NULL, NULL, NULL, NULL, NULL, NULL, '2025-08-19 06:00:00', '1', '1', '0', '1', '2'),
(170, '7537M10147', 'A31356', NULL, '7537M10147', '2', '13', '173', '2', '15005', '29', '950', 'archivos/LAISA/2025/08/EA_B186_950_250823', NULL, NULL, NULL, '19979', '5.29', '2400.800', '600.200', '16805.600', 'LAI4802211H2', 'LAISA', '17831', '2025-08-20 06:00:00', '1', '1', '0', '1', '2'),
(171, '7538M20813', 'A31353', NULL, '7538M20813', '3', '14', '174', '3', '51029.2', '32', '2158', 'archivos/LAISA/2025/08/EA_S425_2158_250821', NULL, NULL, NULL, '26440', '5.3', '8164.670', '2041.170', '57152.700', 'LAI4802211H2', 'LAISA', '17822', '2025-08-20 06:00:00', '1', '1', '0', '1', '2'),
(172, '7538M20811', 'A31363', NULL, '7538M20811', '3', '14', '175', '3', '50971.3', '30', '1038', 'archivos/LAISA/2025/09/EA_G481_1038_250909', NULL, NULL, NULL, '26410', '5.3', '8155.410', '2038.850', '57087.860', 'LAI4802211H2', 'LAISA', '17958', '2025-08-20 06:00:00', '1', '1', '0', '1', '2'),
(173, '7539M23728', 'A31380', NULL, '7539M23728', '7', '18', '176', '4', '0', '3', NULL, NULL, NULL, NULL, NULL, '22040', '4.5', NULL, NULL, NULL, NULL, NULL, NULL, '2025-08-20 06:00:00', '1', '1', '0', '1', '2'),
(174, '148620', 'A31354', NULL, '148620', '4', '15', '177', '5', '0', '3', NULL, NULL, NULL, NULL, NULL, '11539', '3.88', NULL, NULL, NULL, NULL, NULL, NULL, '2025-08-20 06:00:00', '1', '1', '0', '1', '2'),
(175, '148622', 'A31355', NULL, '148622', '4', '15', '178', '5', '0', '3', NULL, NULL, NULL, NULL, NULL, '13203', '3.88', NULL, NULL, NULL, NULL, NULL, NULL, '2025-08-20 06:00:00', '1', '1', '0', '1', '2'),
(176, '7531M13457', 'A31357', NULL, '7531M13457', '7', '18', '179', '7', '16750.8', '22', NULL, NULL, NULL, NULL, NULL, '25380', '5.39', NULL, NULL, NULL, NULL, NULL, NULL, '2025-08-20 06:00:00', '1', '1', '0', '1', '2'),
(177, '7540M114394', 'A31359', NULL, '7540M114394', '7', '18', '180', '6', '0', '3', NULL, NULL, NULL, NULL, NULL, '19980', '4.6', NULL, NULL, NULL, NULL, NULL, NULL, '2025-08-20 06:00:00', '1', '1', '0', '1', '2'),
(178, '7540M114395', 'A31360', NULL, '7540M114395', '7', '18', '181', '6', '0', '3', NULL, NULL, NULL, NULL, NULL, '20640', '4.6', NULL, NULL, NULL, NULL, NULL, NULL, '2025-08-20 06:00:00', '1', '1', '0', '1', '2'),
(179, '7727M114472', 'A31361', NULL, '7727M114472', '7', '18', '182', '9', '7505', '4', '8752', 'archivos/LAISA/2025/08/EA_A420_8752_250820', NULL, NULL, NULL, '17820', '5.37', '1200.800', '300.200', '8405.600', 'LAI4802211H2', 'LAISA', '17828', '2025-08-20 06:00:00', '1', '1', '0', '1', '2'),
(180, '7727M114471', 'A31389', NULL, '7727M114471', '6', '17', '183', '16', '0', '3', NULL, NULL, NULL, NULL, NULL, '21470', '3.7', NULL, NULL, NULL, NULL, NULL, NULL, '2025-08-20 06:00:00', '1', '1', '0', '1', '2'),
(181, '7727M114469', 'A31410', NULL, '7727M114469', '6', '17', '184', '16', '0', '3', NULL, NULL, NULL, NULL, NULL, '21980', '3.7', NULL, NULL, NULL, NULL, NULL, NULL, '2025-08-20 06:00:00', '1', '1', '0', '1', '2'),
(182, '7538M20815', 'A31364', NULL, '7538M20815', '3', '14', '185', '3', '53075', '28', '20127', 'archivos/LAISA/2025/08/EA_D227_20127_250821', NULL, NULL, NULL, '27500', '5.3', '8492.000', '2123.000', '59444.000', 'LAI4802211H2', 'LAISA', '17833', '2025-08-21 06:00:00', '1', '1', '0', '1', '2'),
(183, '7539M23729', 'A31382', NULL, '7539M23729', '7', '18', '186', '4', '0', '3', NULL, NULL, NULL, NULL, NULL, '25410', '4.5', NULL, NULL, NULL, NULL, NULL, NULL, '2025-08-21 06:00:00', '1', '1', '0', '1', '2'),
(184, '7531M13461', 'A31358', NULL, '7531M13461', '7', '18', '187', '7', '15298.8', '23', '3486', 'archivos/LAISA/2025/08/EA_C600_3486_250825', NULL, NULL, NULL, '23180', '5.39', '2447.810', '611.950', '17134.660', 'LAI4802211H2', 'LAISA', '17797', '2025-08-21 06:00:00', '1', '1', '0', '1', '2'),
(185, '7531M13467', 'A31424', NULL, '7531M13467', '7', '18', '188', '7', '14988.6', '23', '3487', 'archivos/LAISA/2025/08/EA_C600_3487_250825', NULL, NULL, NULL, '22710', '5.39', '2398.180', '599.540', '16787.240', 'LAI4802211H2', 'LAISA', '17797', '2025-08-21 06:00:00', '1', '1', '0', '1', '2'),
(186, '7540M114396', 'A31378', NULL, '7540M114396', '7', '18', '189', '6', '0', '3', NULL, NULL, NULL, NULL, NULL, '18880', '4.6', NULL, NULL, NULL, NULL, NULL, NULL, '2025-08-21 06:00:00', '1', '1', '0', '1', '2'),
(187, '7727M114474', 'A31391', NULL, '7727M114474', '6', '17', '190', '16', '0', '3', NULL, NULL, NULL, NULL, NULL, '22110', '3.7', NULL, NULL, NULL, NULL, NULL, NULL, '2025-08-21 06:00:00', '1', '1', '0', '1', '2'),
(188, '7727M114477', 'A31406', NULL, '7727M114477', '7', '18', '191', '9', '7505', '4', '8756', 'archivos/LAISA/2025/08/EA_A420_8756_250822', NULL, NULL, NULL, '17770', '5.37', '1200.800', '300.200', '8405.600', 'LAI4802211H2', 'LAISA', '17828', '2025-08-21 06:00:00', '1', '1', '0', '1', '2'),
(189, '7538M20817', 'A31455', NULL, '7538M20817', '3', '14', '192', '3', '49022', '20', NULL, NULL, NULL, NULL, NULL, '25400', '5.3', NULL, NULL, NULL, NULL, NULL, NULL, '2025-08-22 06:00:00', '1', '1', '0', '1', '2'),
(190, '7538M20816', 'A31502', NULL, '7538M20816', '3', '14', '193', '3', '46899', '28', '20180', 'archivos/LAISA/2025/08/EA_D227_20180_250826', NULL, NULL, NULL, '24300', '5.3', '7503.840', '1875.960', '52526.880', 'LAI4802211H2', 'LAISA', '17865', '2025-08-22 06:00:00', '1', '1', '0', '1', '2'),
(191, '7539M23730', 'A31384', NULL, '7539M23730', '7', '18', '194', '4', '0', '3', NULL, NULL, NULL, NULL, NULL, '25130', '4.5', NULL, NULL, NULL, NULL, NULL, NULL, '2025-08-22 06:00:00', '1', '1', '0', '1', '2'),
(192, '7531M13475', 'A31425', NULL, '7531M13475', '7', '18', '195', '7', '16856.4', '23', '3609', 'archivos/LAISA/2025/09/EA_C600_3609_250911', NULL, NULL, NULL, '25540', '5.39', '2697.020', '674.260', '18879.160', 'LAI4802211H2', NULL, NULL, '2025-08-22 06:00:00', '1', '1', '0', '1', '2'),
(193, '7540M114397', 'A31447', NULL, '7540M114397', '7', '18', '196', '6', '0', '3', NULL, NULL, NULL, NULL, NULL, '19510', '4.6', NULL, NULL, NULL, NULL, NULL, NULL, '2025-08-22 06:00:00', '1', '1', '0', '1', '2'),
(194, '7540M114398', 'A31448', NULL, '7540M114398', '7', '18', '197', '6', '0', '3', NULL, NULL, NULL, NULL, NULL, '21500', '4.6', NULL, NULL, NULL, NULL, NULL, NULL, '2025-08-22 06:00:00', '1', '1', '0', '1', '2'),
(195, '7727M114479', 'A31407', NULL, '7727M114479', '7', '18', '198', '9', '7505', '4', '8821', 'archivos/LAISA/2025/09/EA_A420_8821_250906', NULL, NULL, NULL, '17840', '5.37', '1200.800', '300.200', '8405.600', 'LAI4802211H2', 'LAISA', '17925', '2025-08-22 06:00:00', '1', '1', '0', '1', '2'),
(196, '7537M10148', 'A31377', NULL, '7537M10148', '2', '13', '199', '2', '15005', '29', '951', 'archivos/LAISA/2025/08/EA_B186_951_250826', NULL, NULL, NULL, '19857', '5.29', '2400.800', '600.200', '16805.600', 'LAI4802211H2', 'LAISA', '17831', '2025-08-23 06:00:00', '1', '1', '0', '1', '2'),
(197, '7538M20819', 'A31489', NULL, '7538M20819', '3', '14', '200', '3', '48365.8', '20', '22221', 'archivos/LAISA/2025/09/EA_T237_22221_250908', NULL, NULL, NULL, '25060', '5.3', '7738.530', '1934.630', '54169.700', 'LAI4802211H2', 'LAISA', '17951', '2025-08-23 06:00:00', '1', '1', '0', '1', '2'),
(198, '7539M23731', 'A31385', NULL, '7539M23731', '7', '18', '201', '4', '0', '3', NULL, NULL, NULL, NULL, NULL, '24880', '4.5', NULL, NULL, NULL, NULL, NULL, NULL, '2025-08-23 06:00:00', '1', '1', '0', '1', '2'),
(199, '7531M13483', 'A31426', NULL, '7531M13483', '7', '18', '202', '7', '15325.2', '23', '3488', 'archivos/LAISA/2025/08/EA_C600_3488_250825', NULL, NULL, NULL, '23220', '5.39', '2452.030', '613.010', '17164.220', 'LAI4802211H2', 'LAISA', '17797', '2025-08-23 06:00:00', '1', '1', '0', '1', '2'),
(200, '7540M114400', 'A31452', NULL, '7540M114400', '7', '18', '203', '6', '0', '3', NULL, NULL, NULL, NULL, NULL, '20500', '4.6', NULL, NULL, NULL, NULL, NULL, NULL, '2025-08-23 06:00:00', '1', '1', '0', '1', '2'),
(201, '7540M114401', 'A31453', NULL, '7540M114401', '7', '18', '204', '6', '0', '3', NULL, NULL, NULL, NULL, NULL, '19870', '4.6', NULL, NULL, NULL, NULL, NULL, NULL, '2025-08-23 06:00:00', '1', '1', '0', '1', '2'),
(202, '7540M114403', 'A31484', NULL, '7540M114403', '6', '17', '205', '6', '0', '3', NULL, NULL, NULL, NULL, NULL, '7780', '1.2', NULL, NULL, NULL, NULL, NULL, NULL, '2025-08-24 06:00:00', '1', '1', '0', '1', '2'),
(203, '7540M114404', 'A31485', NULL, '7540M114404', '6', '17', '206', '6', '0', '3', NULL, NULL, NULL, NULL, NULL, '7780', '1.2', NULL, NULL, NULL, NULL, NULL, NULL, '2025-08-24 06:00:00', '1', '1', '0', '1', '2'),
(204, '7727M114484', 'A31408', NULL, '7727M114484', '7', '18', '207', '9', '7505', '4', '8800', 'archivos/LAISA/2025/09/EA_A420_8800_250903', NULL, NULL, NULL, '17760', '5.37', '1200.800', '300.200', '8405.600', 'LAI4802211H2', 'LAISA', '17882', '2025-08-24 06:00:00', '1', '1', '0', '1', '2'),
(205, '7727M114483', 'A31411', NULL, '7727M114483', '6', '17', '208', '16', '0', '3', NULL, NULL, NULL, NULL, NULL, '21490', '3.7', NULL, NULL, NULL, NULL, NULL, NULL, '2025-08-24 06:00:00', '1', '1', '0', '1', '2'),
(206, '7727M114485', 'A31429', NULL, '7727M114485', '6', '17', '209', '16', '0', '3', NULL, NULL, NULL, NULL, NULL, '21680', '3.7', NULL, NULL, NULL, NULL, NULL, NULL, '2025-08-24 06:00:00', '1', '1', '0', '1', '2'),
(207, '11987-169383', 'A31393', NULL, '11987-169383', '3', '14', '210', '20', '14350', '10', NULL, NULL, NULL, NULL, NULL, '22089', '5.3', NULL, NULL, NULL, NULL, NULL, NULL, '2025-08-25 06:00:00', '1', '1', '0', '1', '2'),
(208, '7539M23732', 'A31478', NULL, '7539M23732', '7', '18', '211', '4', '0', '3', NULL, NULL, NULL, NULL, NULL, '25310', '4.5', NULL, NULL, NULL, NULL, NULL, NULL, '2025-08-25 06:00:00', '1', '1', '0', '1', '2'),
(209, '7540M114406', 'A31449', NULL, '7540M114406', '7', '18', '212', '6', '0', '3', NULL, NULL, NULL, NULL, NULL, '20360', '4.6', NULL, NULL, NULL, NULL, NULL, NULL, '2025-08-25 06:00:00', '1', '1', '0', '1', '2'),
(210, '7540M114405', 'A31454', NULL, '7540M114405', '7', '18', '213', '6', '0', '3', NULL, NULL, NULL, NULL, NULL, '21480', '4.6', NULL, NULL, NULL, NULL, NULL, NULL, '2025-08-25 06:00:00', '1', '1', '0', '1', '2'),
(211, '7727M114488', 'A31430', NULL, '7727M114488', '6', '17', '214', '16', '0', '3', NULL, NULL, NULL, NULL, NULL, '21920', '3.7', NULL, NULL, NULL, NULL, NULL, NULL, '2025-08-25 06:00:00', '1', '1', '0', '1', '2'),
(212, '7537M10149', 'A31405', NULL, '7537M10149', '2', '13', '215', '2', '15005', '29', '953', 'archivos/LAISA/2025/08/EA_B186_953_250827', NULL, NULL, NULL, '19829', '5.29', '2400.800', '600.200', '16805.600', 'LAI4802211H2', 'LAISA', '17831', '2025-08-26 06:00:00', '1', '1', '0', '1', '2'),
(213, '7538M20820', 'A31456', NULL, '7538M20820', '3', '14', '216', '3', '49909.8', '20', '22220', 'archivos/LAISA/2025/09/EA_T237_22220_250908', NULL, NULL, NULL, '25860', '5.3', '7985.570', '1996.390', '55898.980', 'LAI4802211H2', 'LAISA', '17951', '2025-08-26 06:00:00', '1', '1', '0', '1', '2'),
(214, '7538M20821', 'A31490', NULL, '7538M20821', '3', '14', '217', '3', '34682.1', '3', NULL, NULL, NULL, NULL, NULL, '17970', '5.3', NULL, NULL, NULL, NULL, NULL, NULL, '2025-08-26 06:00:00', '1', '1', '0', '1', '2'),
(215, '7538M20822', 'A31491', NULL, '7538M20822', '3', '14', '218', '3', '33350.4', '3', NULL, NULL, NULL, NULL, NULL, '17280', '5.3', NULL, NULL, NULL, NULL, NULL, NULL, '2025-08-26 06:00:00', '1', '1', '0', '1', '2'),
(216, '7539M23734', 'A31479', NULL, '7539M23734', '7', '18', '219', '4', '0', '3', NULL, NULL, NULL, NULL, NULL, '25300', '4.5', NULL, NULL, NULL, NULL, NULL, NULL, '2025-08-26 06:00:00', '1', '1', '0', '1', '2'),
(217, '148677', 'A31412', NULL, '148677', '4', '15', '220', '5', '0', '3', NULL, NULL, NULL, NULL, NULL, '10060', '3.88', NULL, NULL, NULL, NULL, NULL, NULL, '2025-08-26 06:00:00', '1', '1', '0', '1', '2'),
(218, '7531M13490', 'A31427', NULL, '7531M13490', '7', '18', '221', '7', '16024.8', '23', '3610', 'archivos/LAISA/2025/09/EA_C600_3610_250911', NULL, NULL, NULL, '24280', '5.39', '2563.970', '640.990', '17947.780', 'LAI4802211H2', NULL, NULL, '2025-08-26 06:00:00', '1', '1', '0', '1', '2'),
(219, '7531M13491', 'A31428', NULL, '7531M13491', '7', '18', '222', '7', '15378', '23', '3585', 'archivos/LAISA/2025/09/EA_C600_3585_250908', NULL, NULL, NULL, '23300', '5.39', '2460.480', '615.120', '17223.360', 'LAI4802211H2', 'LAISA', '17885', '2025-08-26 06:00:00', '1', '1', '0', '1', '2'),
(220, '7540M114408', 'A31486', NULL, '7540M114408', '6', '17', '223', '6', '0', '3', NULL, NULL, NULL, NULL, NULL, '9580', '1.2', NULL, NULL, NULL, NULL, NULL, NULL, '2025-08-26 06:00:00', '1', '1', '0', '1', '2'),
(221, '7727M114490', 'A31409', NULL, '7727M114490', '7', '18', '224', '9', '7505', '4', '8801', 'archivos/LAISA/2025/09/EA_A420_8801_250903', NULL, NULL, NULL, '17740', '5.37', '1200.800', '300.200', '8405.600', 'LAI4802211H2', 'LAISA', '17882', '2025-08-26 06:00:00', '1', '1', '0', '1', '2'),
(222, '7727M114491', 'A31487', NULL, '7727M114491', '6', '17', '225', '9', '0', '3', NULL, NULL, NULL, NULL, NULL, '7020', '1.2', NULL, NULL, NULL, NULL, NULL, NULL, '2025-08-26 06:00:00', '1', '1', '0', '1', '2'),
(223, '11988-169605', 'A31460', NULL, '11988-169605', '3', '14', '226', '20', '14350', '10', NULL, NULL, NULL, NULL, NULL, '23293', '5.3', NULL, NULL, NULL, NULL, NULL, NULL, '2025-08-27 06:00:00', '1', '1', '0', '1', '2'),
(224, '7538M20824', 'A31457', NULL, '7538M20824', '3', '14', '227', '3', '48500.9', '27', '14702', 'archivos/LAISA/2025/09/EA_H165_14702_250905', NULL, NULL, NULL, '25130', '5.3', '7760.140', '1940.040', '54321.000', 'LAI4802211H2', NULL, NULL, '2025-08-27 06:00:00', '1', '1', '0', '1', '2'),
(225, '7539M23735', 'A31480', NULL, '7539M23735', '7', '18', '228', '4', '0', '3', NULL, NULL, NULL, NULL, NULL, '24110', '4.5', NULL, NULL, NULL, NULL, NULL, NULL, '2025-08-27 06:00:00', '1', '1', '0', '1', '2'),
(226, '7531M13493', 'A31444', NULL, '7531M13493', '7', '18', '229', '7', '15991.8', '23', '3611', 'archivos/LAISA/2025/09/EA_C600_3611_250911', NULL, NULL, NULL, '24230', '5.39', '2558.690', '639.670', '17910.820', 'LAI4802211H2', NULL, NULL, '2025-08-27 06:00:00', '1', '1', '0', '1', '2'),
(227, '7531M13494', 'A31445', NULL, '7531M13494', '7', '18', '230', '7', '15153.6', '23', '3612', 'archivos/LAISA/2025/09/EA_C600_3612_250911', NULL, NULL, NULL, '22960', '5.39', '2424.580', '606.140', '16972.040', 'LAI4802211H2', NULL, NULL, '2025-08-27 06:00:00', '1', '1', '0', '1', '2');
INSERT INTO `ventas` (`id_venta`, `fact`, `factura`, `d_prov`, `nombre`, `id_cli`, `id_direc`, `id_compra`, `id_prod`, `costo_flete`, `flete`, `fact_fle`, `d_fletero`, `tara`, `bruto`, `Neto`, `peso_cliente`, `precio`, `im_tras_inv`, `im_rete_inv`, `total_inv`, `rfc_inv`, `aliasInv`, `folio_contra`, `fecha`, `id_user`, `status`, `acciones`, `zona`, `ex`) VALUES
(228, '7540M114409', 'A31450', NULL, '7540M114409', '7', '18', '231', '6', '0', '3', NULL, NULL, NULL, NULL, NULL, '20040', '4.6', NULL, NULL, NULL, NULL, NULL, NULL, '2025-08-27 06:00:00', '1', '1', '0', '1', '2'),
(229, '7540M114410', 'A31451', NULL, '7540M114410', '7', '18', '232', '6', '0', '3', NULL, NULL, NULL, NULL, NULL, '19740', '4.6', NULL, NULL, NULL, NULL, NULL, NULL, '2025-08-27 06:00:00', '1', '1', '0', '1', '2'),
(230, '7540M114411', 'A31452', NULL, '7540M114411', '7', '18', '233', '6', '0', '3', NULL, NULL, NULL, NULL, NULL, '21500', '4.6', NULL, NULL, NULL, NULL, NULL, NULL, '2025-08-27 06:00:00', '1', '1', '0', '1', '2'),
(231, '7540M114412', 'A31453', NULL, '7540M114412', '7', '18', '234', '6', '0', '3', NULL, NULL, NULL, NULL, NULL, '17980', '4.6', NULL, NULL, NULL, NULL, NULL, NULL, '2025-08-27 06:00:00', '1', '1', '0', '1', '2'),
(232, '7540M114414', 'A31454', NULL, '7540M114414', '7', '18', '235', '6', '0', '3', NULL, NULL, NULL, NULL, NULL, '16440', '4.6', NULL, NULL, NULL, NULL, NULL, NULL, '2025-08-27 06:00:00', '1', '1', '0', '1', '2'),
(233, '7727M114499', 'A31488', NULL, '7727M114499', '6', '17', '236', '16', '0', '3', NULL, NULL, NULL, NULL, NULL, '21430', '3.7', NULL, NULL, NULL, NULL, NULL, NULL, '2025-08-27 06:00:00', '1', '1', '0', '1', '2'),
(234, '7537M10151', 'A31443', NULL, '7537M10151', '2', '13', '237', '2', '15005', '29', '954', 'archivos/LAISA/2025/08/EA_B186_954_250829', NULL, NULL, NULL, '20118', '5.29', '2400.800', '600.200', '16805.600', 'LAI4802211H2', 'LAISA', '17943', '2025-08-28 06:00:00', '1', '1', '0', '1', '2'),
(235, '7538M20827', 'A31458', NULL, '7538M20827', '3', '14', '238', '3', '50353.7', '28', '20316', 'archivos/LAISA/2025/09/EA_D227_20316_250905', NULL, NULL, NULL, '26090', '5.3', '8056.590', '2014.150', '56396.140', 'LAI4802211H2', 'LAISA', '17957', '2025-08-28 06:00:00', '1', '1', '0', '1', '2'),
(236, '7539M23736', 'A31496', NULL, '7539M23736', '7', '18', '239', '4', '0', '3', NULL, NULL, NULL, NULL, NULL, '24730', '4.5', NULL, NULL, NULL, NULL, NULL, NULL, '2025-08-28 06:00:00', '1', '1', '0', '1', '2'),
(237, '7540M114416', 'A31476', NULL, '7540M114416', '7', '18', '240', '6', '0', '3', NULL, NULL, NULL, NULL, NULL, '20880', '4.6', NULL, NULL, NULL, NULL, NULL, NULL, '2025-08-28 06:00:00', '1', '1', '0', '1', '2'),
(238, '7727M114503', 'A31499', NULL, '7727M114503', '7', '18', '241', '9', '7505', '3', NULL, NULL, NULL, NULL, NULL, '5760', '5.37', NULL, NULL, NULL, NULL, NULL, NULL, '2025-08-28 06:00:00', '1', '1', '0', '1', '2'),
(239, '7727M114505', 'A31500', NULL, '7727M114505', '7', '18', '242', '9', '7505', '3', NULL, NULL, NULL, NULL, NULL, '17860', '5.37', NULL, NULL, NULL, NULL, NULL, NULL, '2025-08-28 06:00:00', '1', '1', '0', '1', '2'),
(240, '7727M114506', 'A31501', NULL, '7727M114506', '7', '18', '243', '9', '7505', '3', NULL, NULL, NULL, NULL, NULL, '17840', '5.37', NULL, NULL, NULL, NULL, NULL, NULL, '2025-08-28 06:00:00', '1', '1', '0', '1', '2'),
(241, '7538M20837', 'A31503', NULL, '7538M20837', '3', '14', '244', '3', '46937.6', '3', NULL, NULL, NULL, NULL, NULL, '24320', '5.3', NULL, NULL, NULL, NULL, NULL, NULL, '2025-08-29 06:00:00', '1', '1', '0', '1', '2'),
(242, '7538M20840', 'A31504', NULL, '7538M20840', '3', '14', '245', '3', '50083.5', '3', NULL, NULL, NULL, NULL, NULL, '25950', '5.3', NULL, NULL, NULL, NULL, NULL, NULL, '2025-08-29 06:00:00', '1', '1', '0', '1', '2'),
(243, '7538M20833', 'A31505', NULL, '7538M20833', '3', '14', '246', '3', '49678.2', '3', NULL, NULL, NULL, NULL, NULL, '25740', '5.3', NULL, NULL, NULL, NULL, NULL, NULL, '2025-08-29 06:00:00', '1', '1', '0', '1', '2'),
(244, '7539M23739', 'A31497', NULL, '7539M23739', '7', '18', '247', '4', '0', '3', NULL, NULL, NULL, NULL, NULL, '25020', '4.5', NULL, NULL, NULL, NULL, NULL, NULL, '2025-08-29 06:00:00', '1', '1', '0', '1', '2'),
(245, '7539M23740', 'A31498', NULL, '7539M23740', '7', '18', '248', '4', '0', '3', NULL, NULL, NULL, NULL, NULL, '24340', '4.5', NULL, NULL, NULL, NULL, NULL, NULL, '2025-08-29 06:00:00', '1', '1', '0', '1', '2'),
(246, '148728', 'A31492', NULL, '148728', '4', '15', '249', '5', '0', '3', NULL, NULL, NULL, NULL, NULL, '10330', '3.88', NULL, NULL, NULL, NULL, NULL, NULL, '2025-08-29 06:00:00', '1', '1', '0', '1', '2'),
(247, '7531M13495', 'A31493', NULL, '7531M13495', '7', '18', '250', '7', '15081', '3', NULL, NULL, NULL, NULL, NULL, '22850', '5.39', NULL, NULL, NULL, NULL, NULL, NULL, '2025-08-29 06:00:00', '1', '1', '0', '1', '2'),
(248, '7540M114417', 'A31477', NULL, '7540M114417', '7', '18', '251', '6', '0', '3', NULL, NULL, NULL, NULL, NULL, '19740', '4.6', NULL, NULL, NULL, NULL, NULL, NULL, '2025-08-29 06:00:00', '1', '1', '0', '1', '2'),
(249, '7531M13496', 'A31494', NULL, '7531M13496', '7', '18', '252', '7', '14619', '3', NULL, NULL, NULL, NULL, NULL, '22150', '5.39', NULL, NULL, NULL, NULL, NULL, NULL, '2025-08-30 06:00:00', '1', '1', '0', '1', '2'),
(250, '7531M13497', 'A31495', NULL, '7531M13497', '7', '18', '253', '7', '15424.2', '3', NULL, NULL, NULL, NULL, NULL, '23370', '5.39', NULL, NULL, NULL, NULL, NULL, NULL, '2025-08-30 06:00:00', '1', '1', '0', '1', '2');

-- --------------------------------------------------------

--
-- Estructura de tabla para la tabla `zonas`
--

CREATE TABLE `zonas` (
  `id_zone` int NOT NULL,
  `cod` varchar(255) DEFAULT NULL,
  `nom` varchar(255) DEFAULT NULL,
  `PLANTA` varchar(255) DEFAULT NULL,
  `fecha` timestamp NOT NULL DEFAULT CURRENT_TIMESTAMP,
  `id_user` varchar(255) DEFAULT NULL,
  `status` varchar(255) NOT NULL DEFAULT '1'
) ENGINE=MyISAM DEFAULT CHARSET=utf8mb4 COLLATE=utf8mb4_0900_ai_ci;

--
-- Volcado de datos para la tabla `zonas`
--

INSERT INTO `zonas` (`id_zone`, `cod`, `nom`, `PLANTA`, `fecha`, `id_user`, `status`) VALUES
(1, 'DKL', 'LAI-DKL', 'LAISA', '2025-08-05 21:58:04', '1', '1'),
(2, 'HEI', 'DEXA-HEINEKEN', 'DESA', '2025-08-06 18:36:07', '1', '1');

--
-- Índices para tablas volcadas
--

--
-- Indices de la tabla `almacen`
--
ALTER TABLE `almacen`
  ADD PRIMARY KEY (`id_alnaceb`);

--
-- Indices de la tabla `clientes`
--
ALTER TABLE `clientes`
  ADD PRIMARY KEY (`id_cli`);

--
-- Indices de la tabla `compras`
--
ALTER TABLE `compras`
  ADD PRIMARY KEY (`id_compra`);

--
-- Indices de la tabla `direcciones`
--
ALTER TABLE `direcciones`
  ADD PRIMARY KEY (`id_direc`);

--
-- Indices de la tabla `precios`
--
ALTER TABLE `precios`
  ADD PRIMARY KEY (`id_precio`);

--
-- Indices de la tabla `productos`
--
ALTER TABLE `productos`
  ADD PRIMARY KEY (`id_prod`);

--
-- Indices de la tabla `producto_recole`
--
ALTER TABLE `producto_recole`
  ADD PRIMARY KEY (`id_prd_rec`);

--
-- Indices de la tabla `proveedores`
--
ALTER TABLE `proveedores`
  ADD PRIMARY KEY (`id_prov`);

--
-- Indices de la tabla `recoleccion`
--
ALTER TABLE `recoleccion`
  ADD PRIMARY KEY (`id_recol`);

--
-- Indices de la tabla `transportes`
--
ALTER TABLE `transportes`
  ADD PRIMARY KEY (`id_transp`);

--
-- Indices de la tabla `user_activity_logs`
--
ALTER TABLE `user_activity_logs`
  ADD PRIMARY KEY (`id`);

--
-- Indices de la tabla `usuarios`
--
ALTER TABLE `usuarios`
  ADD PRIMARY KEY (`id_user`);

--
-- Indices de la tabla `ventas`
--
ALTER TABLE `ventas`
  ADD PRIMARY KEY (`id_venta`);

--
-- Indices de la tabla `zonas`
--
ALTER TABLE `zonas`
  ADD PRIMARY KEY (`id_zone`);

--
-- AUTO_INCREMENT de las tablas volcadas
--

--
-- AUTO_INCREMENT de la tabla `almacen`
--
ALTER TABLE `almacen`
  MODIFY `id_alnaceb` int NOT NULL AUTO_INCREMENT, AUTO_INCREMENT=499;

--
-- AUTO_INCREMENT de la tabla `clientes`
--
ALTER TABLE `clientes`
  MODIFY `id_cli` int NOT NULL AUTO_INCREMENT, AUTO_INCREMENT=8;

--
-- AUTO_INCREMENT de la tabla `compras`
--
ALTER TABLE `compras`
  MODIFY `id_compra` int NOT NULL AUTO_INCREMENT, AUTO_INCREMENT=254;

--
-- AUTO_INCREMENT de la tabla `direcciones`
--
ALTER TABLE `direcciones`
  MODIFY `id_direc` int NOT NULL AUTO_INCREMENT, AUTO_INCREMENT=19;

--
-- AUTO_INCREMENT de la tabla `precios`
--
ALTER TABLE `precios`
  MODIFY `id_precio` int NOT NULL AUTO_INCREMENT, AUTO_INCREMENT=158;

--
-- AUTO_INCREMENT de la tabla `productos`
--
ALTER TABLE `productos`
  MODIFY `id_prod` int NOT NULL AUTO_INCREMENT, AUTO_INCREMENT=27;

--
-- AUTO_INCREMENT de la tabla `producto_recole`
--
ALTER TABLE `producto_recole`
  MODIFY `id_prd_rec` int NOT NULL AUTO_INCREMENT, AUTO_INCREMENT=213;

--
-- AUTO_INCREMENT de la tabla `proveedores`
--
ALTER TABLE `proveedores`
  MODIFY `id_prov` int NOT NULL AUTO_INCREMENT, AUTO_INCREMENT=2;

--
-- AUTO_INCREMENT de la tabla `recoleccion`
--
ALTER TABLE `recoleccion`
  MODIFY `id_recol` int NOT NULL AUTO_INCREMENT, AUTO_INCREMENT=213;

--
-- AUTO_INCREMENT de la tabla `transportes`
--
ALTER TABLE `transportes`
  MODIFY `id_transp` int NOT NULL AUTO_INCREMENT, AUTO_INCREMENT=34;

--
-- AUTO_INCREMENT de la tabla `user_activity_logs`
--
ALTER TABLE `user_activity_logs`
  MODIFY `id` int NOT NULL AUTO_INCREMENT, AUTO_INCREMENT=753;

--
-- AUTO_INCREMENT de la tabla `usuarios`
--
ALTER TABLE `usuarios`
  MODIFY `id_user` int NOT NULL AUTO_INCREMENT, AUTO_INCREMENT=6;

--
-- AUTO_INCREMENT de la tabla `ventas`
--
ALTER TABLE `ventas`
  MODIFY `id_venta` int NOT NULL AUTO_INCREMENT, AUTO_INCREMENT=251;

--
-- AUTO_INCREMENT de la tabla `zonas`
--
ALTER TABLE `zonas`
  MODIFY `id_zone` int NOT NULL AUTO_INCREMENT, AUTO_INCREMENT=3;
COMMIT;

/*!40101 SET CHARACTER_SET_CLIENT=@OLD_CHARACTER_SET_CLIENT */;
/*!40101 SET CHARACTER_SET_RESULTS=@OLD_CHARACTER_SET_RESULTS */;
/*!40101 SET COLLATION_CONNECTION=@OLD_COLLATION_CONNECTION */;
